event_id,permno,gvkey,historical_symbol,first_documented_illicit_trade_ts,public_announcement_ts,information_asymmetry_seconds,hacked_flag,sec_documented_trade_flag,first_trade_timestamp_source,announcement_timestamp_source,timestamp_confidence,research_use_only
HEJFE-8D40B9782E1E6F33,10145,1300,HON,2012-01-26 15:53:00,,,1,1,vgreg/hacked_earnings_jfe/Data/TimeOfFirstTrade.csv; SEC complaint-derived historical label,PENDING_AUTHORIZED_POINT_IN_TIME_JOIN,B-PENDING-ANNOUNCEMENT-TIME,1
HEJFE-D346C6CFDFB6E581,10606,12445,WTS,2015-02-17 14:19:00,,,1,1,vgreg/hacked_earnings_jfe/Data/TimeOfFirstTrade.csv; SEC complaint-derived historical label,PENDING_AUTHORIZED_POINT_IN_TIME_JOIN,B-PENDING-ANNOUNCEMENT-TIME,1
HEJFE-A413A5AC6E515E3C,11547,13623,CNMD,2011-04-27 15:22:00,,,1,1,vgreg/hacked_earnings_jfe/Data/TimeOfFirstTrade.csv; SEC complaint-derived historical label,PENDING_AUTHORIZED_POINT_IN_TIME_JOIN,B-PENDING-ANNOUNCEMENT-TIME,1
HEJFE-AC78A2434E4AE8FB,11599,14182,ACO,2013-04-25 14:40:00,,,1,1,vgreg/hacked_earnings_jfe/Data/TimeOfFirstTrade.csv; SEC complaint-derived historical label,PENDING_AUTHORIZED_POINT_IN_TIME_JOIN,B-PENDING-ANNOUNCEMENT-TIME,1
HEJFE-EDFDC1213C9AF586,11896,14256,MXIM,2012-01-26 11:44:00,,,1,1,vgreg/hacked_earnings_jfe/Data/TimeOfFirstTrade.csv; SEC complaint-derived historical label,PENDING_AUTHORIZED_POINT_IN_TIME_JOIN,B-PENDING-ANNOUNCEMENT-TIME,1
HEJFE-4080E04F012A7290,12026,184603,QLIK,2015-02-12 15:39:00,,,1,1,vgreg/hacked_earnings_jfe/Data/TimeOfFirstTrade.csv; SEC complaint-derived historical label,PENDING_AUTHORIZED_POINT_IN_TIME_JOIN,B-PENDING-ANNOUNCEMENT-TIME,1
HEJFE-D7BD84C255F2273D,12049,175503,GORO,2013-05-08 15:58:00,,,1,1,vgreg/hacked_earnings_jfe/Data/TimeOfFirstTrade.csv; SEC complaint-derived historical label,PENDING_AUTHORIZED_POINT_IN_TIME_JOIN,B-PENDING-ANNOUNCEMENT-TIME,1
HEJFE-AF58BD8CAE4E8D1C,12449,184700,FLT,2015-04-30 15:28:00,,,1,1,vgreg/hacked_earnings_jfe/Data/TimeOfFirstTrade.csv; SEC complaint-derived historical label,PENDING_AUTHORIZED_POINT_IN_TIME_JOIN,B-PENDING-ANNOUNCEMENT-TIME,1
HEJFE-5E9AD5C9AD67944D,12639,185646,CSOD,2015-05-06 15:29:00,,,1,1,vgreg/hacked_earnings_jfe/Data/TimeOfFirstTrade.csv; SEC complaint-derived historical label,PENDING_AUTHORIZED_POINT_IN_TIME_JOIN,B-PENDING-ANNOUNCEMENT-TIME,1
HEJFE-12CC8075D3F634CD,12758,1439,ECOL,2013-04-24 15:07:00,,,1,1,vgreg/hacked_earnings_jfe/Data/TimeOfFirstTrade.csv; SEC complaint-derived historical label,PENDING_AUTHORIZED_POINT_IN_TIME_JOIN,B-PENDING-ANNOUNCEMENT-TIME,1
HEJFE-847F0EFE669B2440,12873,186520,P,2015-02-05 15:59:00,,,1,1,vgreg/hacked_earnings_jfe/Data/TimeOfFirstTrade.csv; SEC complaint-derived historical label,PENDING_AUTHORIZED_POINT_IN_TIME_JOIN,B-PENDING-ANNOUNCEMENT-TIME,1
HEJFE-AF5106891E058D23,12924,184715,TNGO,2015-02-12 15:10:00,,,1,1,vgreg/hacked_earnings_jfe/Data/TimeOfFirstTrade.csv; SEC complaint-derived historical label,PENDING_AUTHORIZED_POINT_IN_TIME_JOIN,B-PENDING-ANNOUNCEMENT-TIME,1
HEJFE-6F0A7632D9B4FFF6,13105,192255,ACHC,2015-04-28 14:35:00,,,1,1,vgreg/hacked_earnings_jfe/Data/TimeOfFirstTrade.csv; SEC complaint-derived historical label,PENDING_AUTHORIZED_POINT_IN_TIME_JOIN,B-PENDING-ANNOUNCEMENT-TIME,1
HEJFE-05DE1473D5D7F7FB,13110,161036,MFRM,2015-03-19 15:55:00,,,1,1,vgreg/hacked_earnings_jfe/Data/TimeOfFirstTrade.csv; SEC complaint-derived historical label,PENDING_AUTHORIZED_POINT_IN_TIME_JOIN,B-PENDING-ANNOUNCEMENT-TIME,1
HEJFE-87DDC59E7BB99A84,13284,177966,ALSN,2015-04-27 15:17:00,,,1,1,vgreg/hacked_earnings_jfe/Data/TimeOfFirstTrade.csv; SEC complaint-derived historical label,PENDING_AUTHORIZED_POINT_IN_TIME_JOIN,B-PENDING-ANNOUNCEMENT-TIME,1
HEJFE-6C73B4B05384BC1E,13377,170335,PFPT,2013-04-25 15:00:00,,,1,1,vgreg/hacked_earnings_jfe/Data/TimeOfFirstTrade.csv; SEC complaint-derived historical label,PENDING_AUTHORIZED_POINT_IN_TIME_JOIN,B-PENDING-ANNOUNCEMENT-TIME,1
HEJFE-DC66D5F2BDEC7C74,13447,171007,NOW,2015-01-28 13:31:00,,,1,1,vgreg/hacked_earnings_jfe/Data/TimeOfFirstTrade.csv; SEC complaint-derived historical label,PENDING_AUTHORIZED_POINT_IN_TIME_JOIN,B-PENDING-ANNOUNCEMENT-TIME,1
HEJFE-47A3794D1C360650,13447,171007,NOW,2015-04-16 14:33:00,,,1,1,vgreg/hacked_earnings_jfe/Data/TimeOfFirstTrade.csv; SEC complaint-derived historical label,PENDING_AUTHORIZED_POINT_IN_TIME_JOIN,B-PENDING-ANNOUNCEMENT-TIME,1
HEJFE-9B84208BA575EAC4,13687,111873,RH,2015-03-26 15:41:00,,,1,1,vgreg/hacked_earnings_jfe/Data/TimeOfFirstTrade.csv; SEC complaint-derived historical label,PENDING_AUTHORIZED_POINT_IN_TIME_JOIN,B-PENDING-ANNOUNCEMENT-TIME,1
HEJFE-DF726FADF321F8E3,13936,8551,PVH,2015-03-25 15:18:00,,,1,1,vgreg/hacked_earnings_jfe/Data/TimeOfFirstTrade.csv; SEC complaint-derived historical label,PENDING_AUTHORIZED_POINT_IN_TIME_JOIN,B-PENDING-ANNOUNCEMENT-TIME,1
HEJFE-EBC49B9A024181AD,14231,18689,VEEV,2015-03-03 13:31:00,,,1,1,vgreg/hacked_earnings_jfe/Data/TimeOfFirstTrade.csv; SEC complaint-derived historical label,PENDING_AUTHORIZED_POINT_IN_TIME_JOIN,B-PENDING-ANNOUNCEMENT-TIME,1
HEJFE-1950A4340036BB95,15456,11584,FL,2011-08-18 15:43:00,,,1,1,vgreg/hacked_earnings_jfe/Data/TimeOfFirstTrade.csv; SEC complaint-derived historical label,PENDING_AUTHORIZED_POINT_IN_TIME_JOIN,B-PENDING-ANNOUNCEMENT-TIME,1
HEJFE-B704E62641681A73,16432,5234,GT,2011-07-27 15:59:00,,,1,1,vgreg/hacked_earnings_jfe/Data/TimeOfFirstTrade.csv; SEC complaint-derived historical label,PENDING_AUTHORIZED_POINT_IN_TIME_JOIN,B-PENDING-ANNOUNCEMENT-TIME,1
HEJFE-95933AA0B84D2F60,18542,2817,CAT,2012-01-25 14:35:00,,,1,1,vgreg/hacked_earnings_jfe/Data/TimeOfFirstTrade.csv; SEC complaint-derived historical label,PENDING_AUTHORIZED_POINT_IN_TIME_JOIN,B-PENDING-ANNOUNCEMENT-TIME,1
HEJFE-A9D220DE2F7E7FC3,19350,3835,DE,2015-02-19 15:40:00,,,1,1,vgreg/hacked_earnings_jfe/Data/TimeOfFirstTrade.csv; SEC complaint-derived historical label,PENDING_AUTHORIZED_POINT_IN_TIME_JOIN,B-PENDING-ANNOUNCEMENT-TIME,1
HEJFE-45E6DA32B37F83D4,19561,2285,BA,2012-01-24 15:19:00,,,1,1,vgreg/hacked_earnings_jfe/Data/TimeOfFirstTrade.csv; SEC complaint-derived historical label,PENDING_AUTHORIZED_POINT_IN_TIME_JOIN,B-PENDING-ANNOUNCEMENT-TIME,1
HEJFE-E1B57B6A71B06A7F,20204,3580,CR,2015-04-27 15:39:00,,,1,1,vgreg/hacked_earnings_jfe/Data/TimeOfFirstTrade.csv; SEC complaint-derived historical label,PENDING_AUTHORIZED_POINT_IN_TIME_JOIN,B-PENDING-ANNOUNCEMENT-TIME,1
HEJFE-B9C8B3D0EF3DCB5E,20512,2596,CACI,2015-04-29 14:54:00,,,1,1,vgreg/hacked_earnings_jfe/Data/TimeOfFirstTrade.csv; SEC complaint-derived historical label,PENDING_AUTHORIZED_POINT_IN_TIME_JOIN,B-PENDING-ANNOUNCEMENT-TIME,1
HEJFE-ED8CFC03F1053B9A,20670,2615,CAMP,2013-04-25 15:48:00,,,1,1,vgreg/hacked_earnings_jfe/Data/TimeOfFirstTrade.csv; SEC complaint-derived historical label,PENDING_AUTHORIZED_POINT_IN_TIME_JOIN,B-PENDING-ANNOUNCEMENT-TIME,1
HEJFE-B5A8A297D14CD19D,23579,10519,TXT,2015-04-27 15:34:00,,,1,1,vgreg/hacked_earnings_jfe/Data/TimeOfFirstTrade.csv; SEC complaint-derived historical label,PENDING_AUTHORIZED_POINT_IN_TIME_JOIN,B-PENDING-ANNOUNCEMENT-TIME,1
HEJFE-6101FFEDBA6EE41B,23835,6867,MDU,2015-02-02 14:47:00,,,1,1,vgreg/hacked_earnings_jfe/Data/TimeOfFirstTrade.csv; SEC complaint-derived historical label,PENDING_AUTHORIZED_POINT_IN_TIME_JOIN,B-PENDING-ANNOUNCEMENT-TIME,1
HEJFE-977FEBE8CA3CFCB6,23835,6867,MDU,2015-05-04 15:57:00,,,1,1,vgreg/hacked_earnings_jfe/Data/TimeOfFirstTrade.csv; SEC complaint-derived historical label,PENDING_AUTHORIZED_POINT_IN_TIME_JOIN,B-PENDING-ANNOUNCEMENT-TIME,1
HEJFE-4291CBF555CED6A9,24459,8606,PBI,2015-04-29 14:47:00,,,1,1,vgreg/hacked_earnings_jfe/Data/TimeOfFirstTrade.csv; SEC complaint-derived historical label,PENDING_AUTHORIZED_POINT_IN_TIME_JOIN,B-PENDING-ANNOUNCEMENT-TIME,1
HEJFE-76B03970FA6BDB42,24969,11304,AVA,2013-02-19 15:46:00,,,1,1,vgreg/hacked_earnings_jfe/Data/TimeOfFirstTrade.csv; SEC complaint-derived historical label,PENDING_AUTHORIZED_POINT_IN_TIME_JOIN,B-PENDING-ANNOUNCEMENT-TIME,1
HEJFE-376286473ECFECB4,25778,3310,CA,2011-07-20 15:46:00,,,1,1,vgreg/hacked_earnings_jfe/Data/TimeOfFirstTrade.csv; SEC complaint-derived historical label,PENDING_AUTHORIZED_POINT_IN_TIME_JOIN,B-PENDING-ANNOUNCEMENT-TIME,1
HEJFE-2D81C70F59E076BA,25778,3310,CA,2012-01-24 13:32:00,,,1,1,vgreg/hacked_earnings_jfe/Data/TimeOfFirstTrade.csv; SEC complaint-derived historical label,PENDING_AUTHORIZED_POINT_IN_TIME_JOIN,B-PENDING-ANNOUNCEMENT-TIME,1
HEJFE-E8C5063581BE7EB7,25785,4839,F,2015-01-28 15:59:00,,,1,1,vgreg/hacked_earnings_jfe/Data/TimeOfFirstTrade.csv; SEC complaint-derived historical label,PENDING_AUTHORIZED_POINT_IN_TIME_JOIN,B-PENDING-ANNOUNCEMENT-TIME,1
HEJFE-7C93D3838E60926C,26201,3358,CMTL,2014-12-10 15:41:00,,,1,1,vgreg/hacked_earnings_jfe/Data/TimeOfFirstTrade.csv; SEC complaint-derived historical label,PENDING_AUTHORIZED_POINT_IN_TIME_JOIN,B-PENDING-ANNOUNCEMENT-TIME,1
HEJFE-99F3FC8CE022DEA1,27043,11115,VAR,2012-01-25 12:46:00,,,1,1,vgreg/hacked_earnings_jfe/Data/TimeOfFirstTrade.csv; SEC complaint-derived historical label,PENDING_AUTHORIZED_POINT_IN_TIME_JOIN,B-PENDING-ANNOUNCEMENT-TIME,1
HEJFE-A25F33B630365184,27633,9299,R,2015-02-02 15:43:00,,,1,1,vgreg/hacked_earnings_jfe/Data/TimeOfFirstTrade.csv; SEC complaint-derived historical label,PENDING_AUTHORIZED_POINT_IN_TIME_JOIN,B-PENDING-ANNOUNCEMENT-TIME,1
HEJFE-36433565499915E2,35051,8304,PLL,2015-02-23 15:03:00,,,1,1,vgreg/hacked_earnings_jfe/Data/TimeOfFirstTrade.csv; SEC complaint-derived historical label,PENDING_AUTHORIZED_POINT_IN_TIME_JOIN,B-PENDING-ANNOUNCEMENT-TIME,1
HEJFE-7CEFB3FE3D986464,35991,9216,ROG,2015-02-17 15:44:00,,,1,1,vgreg/hacked_earnings_jfe/Data/TimeOfFirstTrade.csv; SEC complaint-derived historical label,PENDING_AUTHORIZED_POINT_IN_TIME_JOIN,B-PENDING-ANNOUNCEMENT-TIME,1
HEJFE-33FC1D00348D7C59,35991,9216,ROG,2015-04-29 15:29:00,,,1,1,vgreg/hacked_earnings_jfe/Data/TimeOfFirstTrade.csv; SEC complaint-derived historical label,PENDING_AUTHORIZED_POINT_IN_TIME_JOIN,B-PENDING-ANNOUNCEMENT-TIME,1
HEJFE-30CA515BC590DDA6,36003,9225,ROL,2012-01-24 10:14:00,,,1,1,vgreg/hacked_earnings_jfe/Data/TimeOfFirstTrade.csv; SEC complaint-derived historical label,PENDING_AUTHORIZED_POINT_IN_TIME_JOIN,B-PENDING-ANNOUNCEMENT-TIME,1
HEJFE-1783DE88400AF6CC,38156,11506,WMB,2015-02-18 14:54:00,,,1,1,vgreg/hacked_earnings_jfe/Data/TimeOfFirstTrade.csv; SEC complaint-derived historical label,PENDING_AUTHORIZED_POINT_IN_TIME_JOIN,B-PENDING-ANNOUNCEMENT-TIME,1
HEJFE-BD3F577ADD90D512,38659,5116,GNTX,2013-10-21 15:21:00,,,1,1,vgreg/hacked_earnings_jfe/Data/TimeOfFirstTrade.csv; SEC complaint-derived historical label,PENDING_AUTHORIZED_POINT_IN_TIME_JOIN,B-PENDING-ANNOUNCEMENT-TIME,1
HEJFE-263620F13A6443DD,39538,7116,MAT,2015-04-16 14:39:00,,,1,1,vgreg/hacked_earnings_jfe/Data/TimeOfFirstTrade.csv; SEC complaint-derived historical label,PENDING_AUTHORIZED_POINT_IN_TIME_JOIN,B-PENDING-ANNOUNCEMENT-TIME,1
HEJFE-704E64D64C11C119,42796,7260,MDP,2012-01-23 14:39:00,,,1,1,vgreg/hacked_earnings_jfe/Data/TimeOfFirstTrade.csv; SEC complaint-derived historical label,PENDING_AUTHORIZED_POINT_IN_TIME_JOIN,B-PENDING-ANNOUNCEMENT-TIME,1
HEJFE-9861757889227DD4,44506,6003,IDTI,2015-02-02 14:24:00,,,1,1,vgreg/hacked_earnings_jfe/Data/TimeOfFirstTrade.csv; SEC complaint-derived historical label,PENDING_AUTHORIZED_POINT_IN_TIME_JOIN,B-PENDING-ANNOUNCEMENT-TIME,1
HEJFE-EFFA194386ABDD28,44506,6003,IDTI,2015-05-04 15:40:00,,,1,1,vgreg/hacked_earnings_jfe/Data/TimeOfFirstTrade.csv; SEC complaint-derived historical label,PENDING_AUTHORIZED_POINT_IN_TIME_JOIN,B-PENDING-ANNOUNCEMENT-TIME,1
HEJFE-7E8FA3E5E417B5E7,45277,6097,IGT,2012-01-23 15:31:00,,,1,1,vgreg/hacked_earnings_jfe/Data/TimeOfFirstTrade.csv; SEC complaint-derived historical label,PENDING_AUTHORIZED_POINT_IN_TIME_JOIN,B-PENDING-ANNOUNCEMENT-TIME,1
HEJFE-4DEF5FDB3210E91B,45911,1327,SWKS,2015-01-22 15:41:00,,,1,1,vgreg/hacked_earnings_jfe/Data/TimeOfFirstTrade.csv; SEC complaint-derived historical label,PENDING_AUTHORIZED_POINT_IN_TIME_JOIN,B-PENDING-ANNOUNCEMENT-TIME,1
HEJFE-9DF82252ED78E41F,46690,2593,CBT,2015-04-29 13:33:00,,,1,1,vgreg/hacked_earnings_jfe/Data/TimeOfFirstTrade.csv; SEC complaint-derived historical label,PENDING_AUTHORIZED_POINT_IN_TIME_JOIN,B-PENDING-ANNOUNCEMENT-TIME,1
HEJFE-E25BAF3CFF23A3BE,46877,2044,BCR,2015-01-29 15:27:00,,,1,1,vgreg/hacked_earnings_jfe/Data/TimeOfFirstTrade.csv; SEC complaint-derived historical label,PENDING_AUTHORIZED_POINT_IN_TIME_JOIN,B-PENDING-ANNOUNCEMENT-TIME,1
HEJFE-5089F8E69B6BC646,47379,6379,KELYA,2013-05-07 15:49:00,,,1,1,vgreg/hacked_earnings_jfe/Data/TimeOfFirstTrade.csv; SEC complaint-derived historical label,PENDING_AUTHORIZED_POINT_IN_TIME_JOIN,B-PENDING-ANNOUNCEMENT-TIME,1
HEJFE-66BA40A20548B7E3,48486,6565,LRCX,2013-04-24 13:43:00,,,1,1,vgreg/hacked_earnings_jfe/Data/TimeOfFirstTrade.csv; SEC complaint-derived historical label,PENDING_AUTHORIZED_POINT_IN_TIME_JOIN,B-PENDING-ANNOUNCEMENT-TIME,1
HEJFE-334BAA0D940A418A,51369,10453,TER,2015-01-28 15:49:00,,,1,1,vgreg/hacked_earnings_jfe/Data/TimeOfFirstTrade.csv; SEC complaint-derived historical label,PENDING_AUTHORIZED_POINT_IN_TIME_JOIN,B-PENDING-ANNOUNCEMENT-TIME,1
HEJFE-D1D8268651584B6A,52090,7146,MKC,2013-04-01 15:38:00,,,1,1,vgreg/hacked_earnings_jfe/Data/TimeOfFirstTrade.csv; SEC complaint-derived historical label,PENDING_AUTHORIZED_POINT_IN_TIME_JOIN,B-PENDING-ANNOUNCEMENT-TIME,1
HEJFE-0273F1BFCD285E7F,52337,7750,THC,2015-02-23 15:57:00,,,1,1,vgreg/hacked_earnings_jfe/Data/TimeOfFirstTrade.csv; SEC complaint-derived historical label,PENDING_AUTHORIZED_POINT_IN_TIME_JOIN,B-PENDING-ANNOUNCEMENT-TIME,1
HEJFE-6C4EA140AD75FFE2,52337,7750,THC,2015-05-04 15:48:00,,,1,1,vgreg/hacked_earnings_jfe/Data/TimeOfFirstTrade.csv; SEC complaint-derived historical label,PENDING_AUTHORIZED_POINT_IN_TIME_JOIN,B-PENDING-ANNOUNCEMENT-TIME,1
HEJFE-830D52F9F7F1CEEB,53640,7346,MSCC,2012-01-26 14:51:00,,,1,1,vgreg/hacked_earnings_jfe/Data/TimeOfFirstTrade.csv; SEC complaint-derived historical label,PENDING_AUTHORIZED_POINT_IN_TIME_JOIN,B-PENDING-ANNOUNCEMENT-TIME,1
HEJFE-EDF80619CED083CB,56274,3362,CAG,2015-03-25 15:19:00,,,1,1,vgreg/hacked_earnings_jfe/Data/TimeOfFirstTrade.csv; SEC complaint-derived historical label,PENDING_AUTHORIZED_POINT_IN_TIME_JOIN,B-PENDING-ANNOUNCEMENT-TIME,1
HEJFE-0BAF70D8CC8F1631,57665,7906,NKE,2015-03-19 15:58:00,,,1,1,vgreg/hacked_earnings_jfe/Data/TimeOfFirstTrade.csv; SEC complaint-derived historical label,PENDING_AUTHORIZED_POINT_IN_TIME_JOIN,B-PENDING-ANNOUNCEMENT-TIME,1
HEJFE-332D5C6DC3ACE6B1,57809,7921,NDSN,2015-05-19 15:35:00,,,1,1,vgreg/hacked_earnings_jfe/Data/TimeOfFirstTrade.csv; SEC complaint-derived historical label,PENDING_AUTHORIZED_POINT_IN_TIME_JOIN,B-PENDING-ANNOUNCEMENT-TIME,1
HEJFE-7ED8DBD4804E4330,57817,7922,JWN,2015-02-19 14:29:00,,,1,1,vgreg/hacked_earnings_jfe/Data/TimeOfFirstTrade.csv; SEC complaint-derived historical label,PENDING_AUTHORIZED_POINT_IN_TIME_JOIN,B-PENDING-ANNOUNCEMENT-TIME,1
HEJFE-76DCF0FCA248E814,59192,3024,CB,2012-01-26 12:17:00,,,1,1,vgreg/hacked_earnings_jfe/Data/TimeOfFirstTrade.csv; SEC complaint-derived historical label,PENDING_AUTHORIZED_POINT_IN_TIME_JOIN,B-PENDING-ANNOUNCEMENT-TIME,1
HEJFE-D9C52E6CC595C380,60871,1632,ADI,2015-02-17 14:05:00,,,1,1,vgreg/hacked_earnings_jfe/Data/TimeOfFirstTrade.csv; SEC complaint-derived historical label,PENDING_AUTHORIZED_POINT_IN_TIME_JOIN,B-PENDING-ANNOUNCEMENT-TIME,1
HEJFE-09EB83905864C50A,60871,1632,ADI,2015-05-19 15:15:00,,,1,1,vgreg/hacked_earnings_jfe/Data/TimeOfFirstTrade.csv; SEC complaint-derived historical label,PENDING_AUTHORIZED_POINT_IN_TIME_JOIN,B-PENDING-ANNOUNCEMENT-TIME,1
HEJFE-B46D4F8F72DD0212,61241,1161,AMD,2013-10-17 14:40:00,,,1,1,vgreg/hacked_earnings_jfe/Data/TimeOfFirstTrade.csv; SEC complaint-derived historical label,PENDING_AUTHORIZED_POINT_IN_TIME_JOIN,B-PENDING-ANNOUNCEMENT-TIME,1
HEJFE-2FD552B9358078C6,61516,2220,BIO,2013-05-07 15:55:00,,,1,1,vgreg/hacked_earnings_jfe/Data/TimeOfFirstTrade.csv; SEC complaint-derived historical label,PENDING_AUTHORIZED_POINT_IN_TIME_JOIN,B-PENDING-ANNOUNCEMENT-TIME,1
HEJFE-C85CE64DFF947CFD,66683,8901,RES,2012-01-24 15:20:00,,,1,1,vgreg/hacked_earnings_jfe/Data/TimeOfFirstTrade.csv; SEC complaint-derived historical label,PENDING_AUTHORIZED_POINT_IN_TIME_JOIN,B-PENDING-ANNOUNCEMENT-TIME,1
HEJFE-7B8A1A0CD3E2966F,70332,11923,APC,2013-05-06 13:27:00,,,1,1,vgreg/hacked_earnings_jfe/Data/TimeOfFirstTrade.csv; SEC complaint-derived historical label,PENDING_AUTHORIZED_POINT_IN_TIME_JOIN,B-PENDING-ANNOUNCEMENT-TIME,1
HEJFE-824BABBAD988A068,70616,9715,SYMM,2012-01-25 14:54:00,,,1,1,vgreg/hacked_earnings_jfe/Data/TimeOfFirstTrade.csv; SEC complaint-derived historical label,PENDING_AUTHORIZED_POINT_IN_TIME_JOIN,B-PENDING-ANNOUNCEMENT-TIME,1
HEJFE-EC5EB2BE0D97833F,72726,10035,STT,2015-01-22 15:50:00,,,1,1,vgreg/hacked_earnings_jfe/Data/TimeOfFirstTrade.csv; SEC complaint-derived historical label,PENDING_AUTHORIZED_POINT_IN_TIME_JOIN,B-PENDING-ANNOUNCEMENT-TIME,1
HEJFE-D51AC412EDF93AA8,75070,12471,INT,2015-04-30 15:40:00,,,1,1,vgreg/hacked_earnings_jfe/Data/TimeOfFirstTrade.csv; SEC complaint-derived historical label,PENDING_AUTHORIZED_POINT_IN_TIME_JOIN,B-PENDING-ANNOUNCEMENT-TIME,1
HEJFE-9B43F5B767ECD0FA,75342,14790,MTH,2013-04-23 14:24:00,,,1,1,vgreg/hacked_earnings_jfe/Data/TimeOfFirstTrade.csv; SEC complaint-derived historical label,PENDING_AUTHORIZED_POINT_IN_TIME_JOIN,B-PENDING-ANNOUNCEMENT-TIME,1
HEJFE-2D6ABDFDE39E5919,75342,14790,MTH,2013-07-23 15:18:00,,,1,1,vgreg/hacked_earnings_jfe/Data/TimeOfFirstTrade.csv; SEC complaint-derived historical label,PENDING_AUTHORIZED_POINT_IN_TIME_JOIN,B-PENDING-ANNOUNCEMENT-TIME,1
HEJFE-FBA59D82CEE8FD00,75654,16188,CGNX,2015-02-12 14:04:00,,,1,1,vgreg/hacked_earnings_jfe/Data/TimeOfFirstTrade.csv; SEC complaint-derived historical label,PENDING_AUTHORIZED_POINT_IN_TIME_JOIN,B-PENDING-ANNOUNCEMENT-TIME,1
HEJFE-8EAA8616B1750B40,75654,16188,CGNX,2015-05-04 15:09:00,,,1,1,vgreg/hacked_earnings_jfe/Data/TimeOfFirstTrade.csv; SEC complaint-derived historical label,PENDING_AUTHORIZED_POINT_IN_TIME_JOIN,B-PENDING-ANNOUNCEMENT-TIME,1
HEJFE-0B87675BF7BEDBCA,75828,16721,EA,2015-01-27 15:48:00,,,1,1,vgreg/hacked_earnings_jfe/Data/TimeOfFirstTrade.csv; SEC complaint-derived historical label,PENDING_AUTHORIZED_POINT_IN_TIME_JOIN,B-PENDING-ANNOUNCEMENT-TIME,1
HEJFE-B7EFA7CF95262283,75854,16597,LSCC,2013-04-18 14:24:00,,,1,1,vgreg/hacked_earnings_jfe/Data/TimeOfFirstTrade.csv; SEC complaint-derived historical label,PENDING_AUTHORIZED_POINT_IN_TIME_JOIN,B-PENDING-ANNOUNCEMENT-TIME,1
HEJFE-CCC7747CFBDE893E,76695,24113,PNRA,2013-04-23 14:25:00,,,1,1,vgreg/hacked_earnings_jfe/Data/TimeOfFirstTrade.csv; SEC complaint-derived historical label,PENDING_AUTHORIZED_POINT_IN_TIME_JOIN,B-PENDING-ANNOUNCEMENT-TIME,1
HEJFE-600696AB8463FFD8,76695,24113,PNRA,2013-07-23 15:11:00,,,1,1,vgreg/hacked_earnings_jfe/Data/TimeOfFirstTrade.csv; SEC complaint-derived historical label,PENDING_AUTHORIZED_POINT_IN_TIME_JOIN,B-PENDING-ANNOUNCEMENT-TIME,1
HEJFE-8167467EBF64AABE,76695,24113,PNRA,2013-10-22 15:20:00,,,1,1,vgreg/hacked_earnings_jfe/Data/TimeOfFirstTrade.csv; SEC complaint-derived historical label,PENDING_AUTHORIZED_POINT_IN_TIME_JOIN,B-PENDING-ANNOUNCEMENT-TIME,1
HEJFE-4E643D38FFB3016E,76695,24113,PNRA,2015-02-11 14:58:00,,,1,1,vgreg/hacked_earnings_jfe/Data/TimeOfFirstTrade.csv; SEC complaint-derived historical label,PENDING_AUTHORIZED_POINT_IN_TIME_JOIN,B-PENDING-ANNOUNCEMENT-TIME,1
HEJFE-99CCB9D9BECE4E72,76709,24197,IDXX,2012-01-26 13:47:00,,,1,1,vgreg/hacked_earnings_jfe/Data/TimeOfFirstTrade.csv; SEC complaint-derived historical label,PENDING_AUTHORIZED_POINT_IN_TIME_JOIN,B-PENDING-ANNOUNCEMENT-TIME,1
HEJFE-13FC93F4D143B268,76837,24021,HAE,2012-01-27 15:55:00,,,1,1,vgreg/hacked_earnings_jfe/Data/TimeOfFirstTrade.csv; SEC complaint-derived historical label,PENDING_AUTHORIZED_POINT_IN_TIME_JOIN,B-PENDING-ANNOUNCEMENT-TIME,1
HEJFE-DA7595FDF91D8CBC,77114,24725,WRLD,2012-01-24 15:53:00,,,1,1,vgreg/hacked_earnings_jfe/Data/TimeOfFirstTrade.csv; SEC complaint-derived historical label,PENDING_AUTHORIZED_POINT_IN_TIME_JOIN,B-PENDING-ANNOUNCEMENT-TIME,1
HEJFE-C4D39B22234902F2,77274,24856,GILD,2015-02-03 15:50:00,,,1,1,vgreg/hacked_earnings_jfe/Data/TimeOfFirstTrade.csv; SEC complaint-derived historical label,PENDING_AUTHORIZED_POINT_IN_TIME_JOIN,B-PENDING-ANNOUNCEMENT-TIME,1
HEJFE-8415E931D4314106,77515,25166,KOPN,2015-03-10 14:58:00,,,1,1,vgreg/hacked_earnings_jfe/Data/TimeOfFirstTrade.csv; SEC complaint-derived historical label,PENDING_AUTHORIZED_POINT_IN_TIME_JOIN,B-PENDING-ANNOUNCEMENT-TIME,1
HEJFE-A9DB7C5F6FD1D978,77702,25434,SBUX,2015-01-22 13:22:00,,,1,1,vgreg/hacked_earnings_jfe/Data/TimeOfFirstTrade.csv; SEC complaint-derived historical label,PENDING_AUTHORIZED_POINT_IN_TIME_JOIN,B-PENDING-ANNOUNCEMENT-TIME,1
HEJFE-760E36DA94752F1E,77902,25737,CAKE,2015-04-22 14:22:00,,,1,1,vgreg/hacked_earnings_jfe/Data/TimeOfFirstTrade.csv; SEC complaint-derived historical label,PENDING_AUTHORIZED_POINT_IN_TIME_JOIN,B-PENDING-ANNOUNCEMENT-TIME,1
HEJFE-5B6F87699FF5093E,78170,26013,SM,2015-05-05 15:08:00,,,1,1,vgreg/hacked_earnings_jfe/Data/TimeOfFirstTrade.csv; SEC complaint-derived historical label,PENDING_AUTHORIZED_POINT_IN_TIME_JOIN,B-PENDING-ANNOUNCEMENT-TIME,1
HEJFE-81F188C0D790FE70,78875,27794,CREE,2015-01-20 15:39:00,,,1,1,vgreg/hacked_earnings_jfe/Data/TimeOfFirstTrade.csv; SEC complaint-derived historical label,PENDING_AUTHORIZED_POINT_IN_TIME_JOIN,B-PENDING-ANNOUNCEMENT-TIME,1
HEJFE-D35C7804C2F5326C,78875,27794,CREE,2015-04-21 15:29:00,,,1,1,vgreg/hacked_earnings_jfe/Data/TimeOfFirstTrade.csv; SEC complaint-derived historical label,PENDING_AUTHORIZED_POINT_IN_TIME_JOIN,B-PENDING-ANNOUNCEMENT-TIME,1
HEJFE-AA2597B95CFD2A2D,78981,21440,LSTR,2011-10-21 15:48:00,,,1,1,vgreg/hacked_earnings_jfe/Data/TimeOfFirstTrade.csv; SEC complaint-derived historical label,PENDING_AUTHORIZED_POINT_IN_TIME_JOIN,B-PENDING-ANNOUNCEMENT-TIME,1
HEJFE-8596DDD6A535BD90,78990,27936,DEST,2012-01-25 15:34:00,,,1,1,vgreg/hacked_earnings_jfe/Data/TimeOfFirstTrade.csv; SEC complaint-derived historical label,PENDING_AUTHORIZED_POINT_IN_TIME_JOIN,B-PENDING-ANNOUNCEMENT-TIME,1
HEJFE-D6BA56FA6D57427E,79007,27938,SCVL,2015-05-20 15:17:00,,,1,1,vgreg/hacked_earnings_jfe/Data/TimeOfFirstTrade.csv; SEC complaint-derived historical label,PENDING_AUTHORIZED_POINT_IN_TIME_JOIN,B-PENDING-ANNOUNCEMENT-TIME,1
HEJFE-8F17F6BEDF631C8B,79507,28704,MCRI,2013-04-25 15:08:00,,,1,1,vgreg/hacked_earnings_jfe/Data/TimeOfFirstTrade.csv; SEC complaint-derived historical label,PENDING_AUTHORIZED_POINT_IN_TIME_JOIN,B-PENDING-ANNOUNCEMENT-TIME,1
HEJFE-5CB3223BB28A6F14,79545,28742,BWA,2011-07-27 10:59:00,,,1,1,vgreg/hacked_earnings_jfe/Data/TimeOfFirstTrade.csv; SEC complaint-derived historical label,PENDING_AUTHORIZED_POINT_IN_TIME_JOIN,B-PENDING-ANNOUNCEMENT-TIME,1
HEJFE-7482DE1CD44C1A00,79588,28877,GMCR,2015-02-04 14:07:00,,,1,1,vgreg/hacked_earnings_jfe/Data/TimeOfFirstTrade.csv; SEC complaint-derived historical label,PENDING_AUTHORIZED_POINT_IN_TIME_JOIN,B-PENDING-ANNOUNCEMENT-TIME,1
HEJFE-56483839E5F0E88F,79785,12459,NVR,2012-01-25 15:56:00,,,1,1,vgreg/hacked_earnings_jfe/Data/TimeOfFirstTrade.csv; SEC complaint-derived historical label,PENDING_AUTHORIZED_POINT_IN_TIME_JOIN,B-PENDING-ANNOUNCEMENT-TIME,1
HEJFE-89844B5980EB5339,79796,29246,AF,2012-01-25 15:18:00,,,1,1,vgreg/hacked_earnings_jfe/Data/TimeOfFirstTrade.csv; SEC complaint-derived historical label,PENDING_AUTHORIZED_POINT_IN_TIME_JOIN,B-PENDING-ANNOUNCEMENT-TIME,1
HEJFE-8536AD777ECEEACB,80446,30098,GDI,2013-04-25 15:17:00,,,1,1,vgreg/hacked_earnings_jfe/Data/TimeOfFirstTrade.csv; SEC complaint-derived historical label,PENDING_AUTHORIZED_POINT_IN_TIME_JOIN,B-PENDING-ANNOUNCEMENT-TIME,1
HEJFE-489E74F74AFB5AFA,81162,31147,MCRL,2013-04-25 14:32:00,,,1,1,vgreg/hacked_earnings_jfe/Data/TimeOfFirstTrade.csv; SEC complaint-derived historical label,PENDING_AUTHORIZED_POINT_IN_TIME_JOIN,B-PENDING-ANNOUNCEMENT-TIME,1
HEJFE-D4E8CD312A2AA576,81256,31488,ISSI,2012-01-25 14:51:00,,,1,1,vgreg/hacked_earnings_jfe/Data/TimeOfFirstTrade.csv; SEC complaint-derived historical label,PENDING_AUTHORIZED_POINT_IN_TIME_JOIN,B-PENDING-ANNOUNCEMENT-TIME,1
HEJFE-F9E72EEF6E5BD373,81501,31607,NATI,2015-01-29 15:51:00,,,1,1,vgreg/hacked_earnings_jfe/Data/TimeOfFirstTrade.csv; SEC complaint-derived historical label,PENDING_AUTHORIZED_POINT_IN_TIME_JOIN,B-PENDING-ANNOUNCEMENT-TIME,1
HEJFE-7F8218B15679F14D,81501,31607,NATI,2015-04-28 13:59:00,,,1,1,vgreg/hacked_earnings_jfe/Data/TimeOfFirstTrade.csv; SEC complaint-derived historical label,PENDING_AUTHORIZED_POINT_IN_TIME_JOIN,B-PENDING-ANNOUNCEMENT-TIME,1
HEJFE-2F14F138D09BCA76,81564,24466,IBKC,2012-01-24 13:53:00,,,1,1,vgreg/hacked_earnings_jfe/Data/TimeOfFirstTrade.csv; SEC complaint-derived historical label,PENDING_AUTHORIZED_POINT_IN_TIME_JOIN,B-PENDING-ANNOUNCEMENT-TIME,1
HEJFE-48B08BAEDCEEDEFC,82618,61513,SNDK,2015-01-21 15:00:00,,,1,1,vgreg/hacked_earnings_jfe/Data/TimeOfFirstTrade.csv; SEC complaint-derived historical label,PENDING_AUTHORIZED_POINT_IN_TIME_JOIN,B-PENDING-ANNOUNCEMENT-TIME,1
HEJFE-54A5D1D8A5B593C8,82759,61685,NUAN,2015-02-05 15:33:00,,,1,1,vgreg/hacked_earnings_jfe/Data/TimeOfFirstTrade.csv; SEC complaint-derived historical label,PENDING_AUTHORIZED_POINT_IN_TIME_JOIN,B-PENDING-ANNOUNCEMENT-TIME,1
HEJFE-7CA38C1FDA5EA4D0,83244,62516,CENX,2013-04-25 15:22:00,,,1,1,vgreg/hacked_earnings_jfe/Data/TimeOfFirstTrade.csv; SEC complaint-derived historical label,PENDING_AUTHORIZED_POINT_IN_TIME_JOIN,B-PENDING-ANNOUNCEMENT-TIME,1
HEJFE-809E53BB4081FBAE,84624,64480,ROVI,2015-04-30 14:48:00,,,1,1,vgreg/hacked_earnings_jfe/Data/TimeOfFirstTrade.csv; SEC complaint-derived historical label,PENDING_AUTHORIZED_POINT_IN_TIME_JOIN,B-PENDING-ANNOUNCEMENT-TIME,1
HEJFE-00D863517A3A754C,85663,66065,URI,2015-01-21 15:43:00,,,1,1,vgreg/hacked_earnings_jfe/Data/TimeOfFirstTrade.csv; SEC complaint-derived historical label,PENDING_AUTHORIZED_POINT_IN_TIME_JOIN,B-PENDING-ANNOUNCEMENT-TIME,1
HEJFE-0AA84E6E44ED02D8,85675,65967,AMSG,2015-02-25 15:57:00,,,1,1,vgreg/hacked_earnings_jfe/Data/TimeOfFirstTrade.csv; SEC complaint-derived historical label,PENDING_AUTHORIZED_POINT_IN_TIME_JOIN,B-PENDING-ANNOUNCEMENT-TIME,1
HEJFE-8A0517D50278EAE4,85710,66032,POWI,2015-04-29 15:23:00,,,1,1,vgreg/hacked_earnings_jfe/Data/TimeOfFirstTrade.csv; SEC complaint-derived historical label,PENDING_AUTHORIZED_POINT_IN_TIME_JOIN,B-PENDING-ANNOUNCEMENT-TIME,1
HEJFE-1FCAAB3F7CC931CF,85753,66368,VRSN,2013-04-25 14:07:00,,,1,1,vgreg/hacked_earnings_jfe/Data/TimeOfFirstTrade.csv; SEC complaint-derived historical label,PENDING_AUTHORIZED_POINT_IN_TIME_JOIN,B-PENDING-ANNOUNCEMENT-TIME,1
HEJFE-FBFFFD99898188CF,85863,105936,COLM,2015-02-12 14:33:00,,,1,1,vgreg/hacked_earnings_jfe/Data/TimeOfFirstTrade.csv; SEC complaint-derived historical label,PENDING_AUTHORIZED_POINT_IN_TIME_JOIN,B-PENDING-ANNOUNCEMENT-TIME,1
HEJFE-0BCEF81B6C0111FB,85863,105936,COLM,2015-04-30 15:13:00,,,1,1,vgreg/hacked_earnings_jfe/Data/TimeOfFirstTrade.csv; SEC complaint-derived historical label,PENDING_AUTHORIZED_POINT_IN_TIME_JOIN,B-PENDING-ANNOUNCEMENT-TIME,1
HEJFE-F170013A9B3F85E2,86949,121142,SKX,2015-04-22 15:24:00,,,1,1,vgreg/hacked_earnings_jfe/Data/TimeOfFirstTrade.csv; SEC complaint-derived historical label,PENDING_AUTHORIZED_POINT_IN_TIME_JOIN,B-PENDING-ANNOUNCEMENT-TIME,1
HEJFE-D7FD00AF94DD8F41,86979,121718,JNPR,2011-04-19 15:50:00,,,1,1,vgreg/hacked_earnings_jfe/Data/TimeOfFirstTrade.csv; SEC complaint-derived historical label,PENDING_AUTHORIZED_POINT_IN_TIME_JOIN,B-PENDING-ANNOUNCEMENT-TIME,1
HEJFE-2558DC6865781793,86979,121718,JNPR,2013-04-23 14:31:00,,,1,1,vgreg/hacked_earnings_jfe/Data/TimeOfFirstTrade.csv; SEC complaint-derived historical label,PENDING_AUTHORIZED_POINT_IN_TIME_JOIN,B-PENDING-ANNOUNCEMENT-TIME,1
HEJFE-E61095F8DC4132DE,86979,121718,JNPR,2013-07-23 15:03:00,,,1,1,vgreg/hacked_earnings_jfe/Data/TimeOfFirstTrade.csv; SEC complaint-derived historical label,PENDING_AUTHORIZED_POINT_IN_TIME_JOIN,B-PENDING-ANNOUNCEMENT-TIME,1
HEJFE-F20ECC0C09BBC89E,86979,121718,JNPR,2013-10-22 13:58:00,,,1,1,vgreg/hacked_earnings_jfe/Data/TimeOfFirstTrade.csv; SEC complaint-derived historical label,PENDING_AUTHORIZED_POINT_IN_TIME_JOIN,B-PENDING-ANNOUNCEMENT-TIME,1
HEJFE-06AE65B9C8FB0395,87000,121673,STMP,2013-04-24 15:28:00,,,1,1,vgreg/hacked_earnings_jfe/Data/TimeOfFirstTrade.csv; SEC complaint-derived historical label,PENDING_AUTHORIZED_POINT_IN_TIME_JOIN,B-PENDING-ANNOUNCEMENT-TIME,1
HEJFE-2C887DA6F617936F,87092,122061,TIBX,2013-09-19 15:29:00,,,1,1,vgreg/hacked_earnings_jfe/Data/TimeOfFirstTrade.csv; SEC complaint-derived historical label,PENDING_AUTHORIZED_POINT_IN_TIME_JOIN,B-PENDING-ANNOUNCEMENT-TIME,1
HEJFE-E575622C8FDAB71F,87612,130762,ISIL,2013-04-24 14:57:00,,,1,1,vgreg/hacked_earnings_jfe/Data/TimeOfFirstTrade.csv; SEC complaint-derived historical label,PENDING_AUTHORIZED_POINT_IN_TIME_JOIN,B-PENDING-ANNOUNCEMENT-TIME,1
HEJFE-198DE6D99E934F32,87657,133366,EW,2011-04-20 14:29:00,,,1,1,vgreg/hacked_earnings_jfe/Data/TimeOfFirstTrade.csv; SEC complaint-derived historical label,PENDING_AUTHORIZED_POINT_IN_TIME_JOIN,B-PENDING-ANNOUNCEMENT-TIME,1
HEJFE-ED329F780A1085DA,87657,133366,EW,2013-04-23 13:28:00,,,1,1,vgreg/hacked_earnings_jfe/Data/TimeOfFirstTrade.csv; SEC complaint-derived historical label,PENDING_AUTHORIZED_POINT_IN_TIME_JOIN,B-PENDING-ANNOUNCEMENT-TIME,1
HEJFE-BFE8A42E0C19BA39,88203,66686,VDSI,2011-10-26 14:26:00,,,1,1,vgreg/hacked_earnings_jfe/Data/TimeOfFirstTrade.csv; SEC complaint-derived historical label,PENDING_AUTHORIZED_POINT_IN_TIME_JOIN,B-PENDING-ANNOUNCEMENT-TIME,1
HEJFE-947F50EBAFBA54DC,88281,137131,CRL,2015-02-10 15:55:00,,,1,1,vgreg/hacked_earnings_jfe/Data/TimeOfFirstTrade.csv; SEC complaint-derived historical label,PENDING_AUTHORIZED_POINT_IN_TIME_JOIN,B-PENDING-ANNOUNCEMENT-TIME,1
HEJFE-4FB44934BC5C5221,88335,136884,DNDN,2011-08-03 15:56:00,,,1,1,vgreg/hacked_earnings_jfe/Data/TimeOfFirstTrade.csv; SEC complaint-derived historical label,PENDING_AUTHORIZED_POINT_IN_TIME_JOIN,B-PENDING-ANNOUNCEMENT-TIME,1
HEJFE-8A11E54A9679E09D,88446,138205,ILMN,2015-01-27 15:11:00,,,1,1,vgreg/hacked_earnings_jfe/Data/TimeOfFirstTrade.csv; SEC complaint-derived historical label,PENDING_AUTHORIZED_POINT_IN_TIME_JOIN,B-PENDING-ANNOUNCEMENT-TIME,1
HEJFE-45559DD90D876D39,88446,138205,ILMN,2015-04-21 14:48:00,,,1,1,vgreg/hacked_earnings_jfe/Data/TimeOfFirstTrade.csv; SEC complaint-derived historical label,PENDING_AUTHORIZED_POINT_IN_TIME_JOIN,B-PENDING-ANNOUNCEMENT-TIME,1
HEJFE-3046057647A0FC5C,88504,138483,BRKR,2015-05-06 15:30:00,,,1,1,vgreg/hacked_earnings_jfe/Data/TimeOfFirstTrade.csv; SEC complaint-derived historical label,PENDING_AUTHORIZED_POINT_IN_TIME_JOIN,B-PENDING-ANNOUNCEMENT-TIME,1
HEJFE-1E37362063697486,88853,4818,FLR,2015-02-17 15:06:00,,,1,1,vgreg/hacked_earnings_jfe/Data/TimeOfFirstTrade.csv; SEC complaint-derived historical label,PENDING_AUTHORIZED_POINT_IN_TIME_JOIN,B-PENDING-ANNOUNCEMENT-TIME,1
HEJFE-830337A8564B826E,88860,141384,ALGN,2013-10-17 13:43:00,,,1,1,vgreg/hacked_earnings_jfe/Data/TimeOfFirstTrade.csv; SEC complaint-derived historical label,PENDING_AUTHORIZED_POINT_IN_TIME_JOIN,B-PENDING-ANNOUNCEMENT-TIME,1
HEJFE-D6AE4ACB99958A73,88949,141460,SGEN,2015-04-30 14:18:00,,,1,1,vgreg/hacked_earnings_jfe/Data/TimeOfFirstTrade.csv; SEC complaint-derived historical label,PENDING_AUTHORIZED_POINT_IN_TIME_JOIN,B-PENDING-ANNOUNCEMENT-TIME,1
HEJFE-791693865584F9CB,89014,144066,COL,2015-04-22 14:29:00,,,1,1,vgreg/hacked_earnings_jfe/Data/TimeOfFirstTrade.csv; SEC complaint-derived historical label,PENDING_AUTHORIZED_POINT_IN_TIME_JOIN,B-PENDING-ANNOUNCEMENT-TIME,1
HEJFE-74011A906BCCABE9,89204,145367,AGP,2011-10-27 13:03:00,,,1,1,vgreg/hacked_earnings_jfe/Data/TimeOfFirstTrade.csv; SEC complaint-derived historical label,PENDING_AUTHORIZED_POINT_IN_TIME_JOIN,B-PENDING-ANNOUNCEMENT-TIME,1
HEJFE-A3C5C43F6AC75C44,89258,143356,PRU,2015-05-06 15:47:00,,,1,1,vgreg/hacked_earnings_jfe/Data/TimeOfFirstTrade.csv; SEC complaint-derived historical label,PENDING_AUTHORIZED_POINT_IN_TIME_JOIN,B-PENDING-ANNOUNCEMENT-TIME,1
HEJFE-753716A61B8622B0,89301,145049,GME,2015-03-26 15:42:00,,,1,1,vgreg/hacked_earnings_jfe/Data/TimeOfFirstTrade.csv; SEC complaint-derived historical label,PENDING_AUTHORIZED_POINT_IN_TIME_JOIN,B-PENDING-ANNOUNCEMENT-TIME,1
HEJFE-238D29A9B584466D,89900,156155,SNX,2015-03-31 15:54:00,,,1,1,vgreg/hacked_earnings_jfe/Data/TimeOfFirstTrade.csv; SEC complaint-derived historical label,PENDING_AUTHORIZED_POINT_IN_TIME_JOIN,B-PENDING-ANNOUNCEMENT-TIME,1
HEJFE-BB62E8864F35DCD0,89901,155393,WLL,2015-02-25 15:54:00,,,1,1,vgreg/hacked_earnings_jfe/Data/TimeOfFirstTrade.csv; SEC complaint-derived historical label,PENDING_AUTHORIZED_POINT_IN_TIME_JOIN,B-PENDING-ANNOUNCEMENT-TIME,1
HEJFE-5408AADD0CBD54E8,89952,157153,CMP,2015-04-27 15:46:00,,,1,1,vgreg/hacked_earnings_jfe/Data/TimeOfFirstTrade.csv; SEC complaint-derived historical label,PENDING_AUTHORIZED_POINT_IN_TIME_JOIN,B-PENDING-ANNOUNCEMENT-TIME,1
HEJFE-3A94836BBC9F224A,89971,156861,TPX,2011-07-26 13:40:00,,,1,1,vgreg/hacked_earnings_jfe/Data/TimeOfFirstTrade.csv; SEC complaint-derived historical label,PENDING_AUTHORIZED_POINT_IN_TIME_JOIN,B-PENDING-ANNOUNCEMENT-TIME,1
HEJFE-22BF36BABB9D19D7,90178,264265,ALNY,2015-02-12 15:55:00,,,1,1,vgreg/hacked_earnings_jfe/Data/TimeOfFirstTrade.csv; SEC complaint-derived historical label,PENDING_AUTHORIZED_POINT_IN_TIME_JOIN,B-PENDING-ANNOUNCEMENT-TIME,1
HEJFE-E28050410A1480C6,90352,25495,DYN,2015-05-06 14:24:00,,,1,1,vgreg/hacked_earnings_jfe/Data/TimeOfFirstTrade.csv; SEC complaint-derived historical label,PENDING_AUTHORIZED_POINT_IN_TIME_JOIN,B-PENDING-ANNOUNCEMENT-TIME,1
HEJFE-0704950C71CFAFB4,90427,160376,TXRH,2015-02-23 15:24:00,,,1,1,vgreg/hacked_earnings_jfe/Data/TimeOfFirstTrade.csv; SEC complaint-derived historical label,PENDING_AUTHORIZED_POINT_IN_TIME_JOIN,B-PENDING-ANNOUNCEMENT-TIME,1
HEJFE-93A7D27EF425EDF0,90507,161120,MIC,2015-02-18 15:58:00,,,1,1,vgreg/hacked_earnings_jfe/Data/TimeOfFirstTrade.csv; SEC complaint-derived historical label,PENDING_AUTHORIZED_POINT_IN_TIME_JOIN,B-PENDING-ANNOUNCEMENT-TIME,1
HEJFE-C926C41F03E66E82,90657,162733,PAY,2014-12-15 15:36:00,,,1,1,vgreg/hacked_earnings_jfe/Data/TimeOfFirstTrade.csv; SEC complaint-derived historical label,PENDING_AUTHORIZED_POINT_IN_TIME_JOIN,B-PENDING-ANNOUNCEMENT-TIME,1
HEJFE-873A37657E58A8CD,90657,162733,PAY,2015-03-10 15:11:00,,,1,1,vgreg/hacked_earnings_jfe/Data/TimeOfFirstTrade.csv; SEC complaint-derived historical label,PENDING_AUTHORIZED_POINT_IN_TIME_JOIN,B-PENDING-ANNOUNCEMENT-TIME,1
HEJFE-99F31DB35F001A44,90664,162887,DXCM,2015-02-25 15:44:00,,,1,1,vgreg/hacked_earnings_jfe/Data/TimeOfFirstTrade.csv; SEC complaint-derived historical label,PENDING_AUTHORIZED_POINT_IN_TIME_JOIN,B-PENDING-ANNOUNCEMENT-TIME,1
HEJFE-CFA461ED8BCCB889,90756,11721,OSK,2015-04-27 15:29:00,,,1,1,vgreg/hacked_earnings_jfe/Data/TimeOfFirstTrade.csv; SEC complaint-derived historical label,PENDING_AUTHORIZED_POINT_IN_TIME_JOIN,B-PENDING-ANNOUNCEMENT-TIME,1
HEJFE-826F68D9DA88B37C,90856,163889,ATRC,2015-02-23 15:58:00,,,1,1,vgreg/hacked_earnings_jfe/Data/TimeOfFirstTrade.csv; SEC complaint-derived historical label,PENDING_AUTHORIZED_POINT_IN_TIME_JOIN,B-PENDING-ANNOUNCEMENT-TIME,1
HEJFE-5ED55A2EAC950921,90880,164708,AMP,2015-04-22 15:22:00,,,1,1,vgreg/hacked_earnings_jfe/Data/TimeOfFirstTrade.csv; SEC complaint-derived historical label,PENDING_AUTHORIZED_POINT_IN_TIME_JOIN,B-PENDING-ANNOUNCEMENT-TIME,1
HEJFE-4D7E68AD113380B3,91032,164422,TRAK,2015-02-23 15:41:00,,,1,1,vgreg/hacked_earnings_jfe/Data/TimeOfFirstTrade.csv; SEC complaint-derived historical label,PENDING_AUTHORIZED_POINT_IN_TIME_JOIN,B-PENDING-ANNOUNCEMENT-TIME,1
HEJFE-3ADF019D07BA84CE,91416,175319,HBI,2015-01-29 14:38:00,,,1,1,vgreg/hacked_earnings_jfe/Data/TimeOfFirstTrade.csv; SEC complaint-derived historical label,PENDING_AUTHORIZED_POINT_IN_TIME_JOIN,B-PENDING-ANNOUNCEMENT-TIME,1
HEJFE-20EC97300E6205B9,91432,174541,INWK,2015-02-12 14:01:00,,,1,1,vgreg/hacked_earnings_jfe/Data/TimeOfFirstTrade.csv; SEC complaint-derived historical label,PENDING_AUTHORIZED_POINT_IN_TIME_JOIN,B-PENDING-ANNOUNCEMENT-TIME,1
HEJFE-E4D3EE1A6CB984DB,91498,174389,EHTH,2011-04-26 15:07:00,,,1,1,vgreg/hacked_earnings_jfe/Data/TimeOfFirstTrade.csv; SEC complaint-derived historical label,PENDING_AUTHORIZED_POINT_IN_TIME_JOIN,B-PENDING-ANNOUNCEMENT-TIME,1
HEJFE-9527526FED86FA7D,91498,174389,EHTH,2013-04-25 15:56:00,,,1,1,vgreg/hacked_earnings_jfe/Data/TimeOfFirstTrade.csv; SEC complaint-derived historical label,PENDING_AUTHORIZED_POINT_IN_TIME_JOIN,B-PENDING-ANNOUNCEMENT-TIME,1
HEJFE-749FFC4028DF7B1C,92257,178083,VMW,2011-04-19 14:56:00,,,1,1,vgreg/hacked_earnings_jfe/Data/TimeOfFirstTrade.csv; SEC complaint-derived historical label,PENDING_AUTHORIZED_POINT_IN_TIME_JOIN,B-PENDING-ANNOUNCEMENT-TIME,1
HEJFE-3BBEC23702C1A375,92257,178083,VMW,2013-07-23 15:35:00,,,1,1,vgreg/hacked_earnings_jfe/Data/TimeOfFirstTrade.csv; SEC complaint-derived historical label,PENDING_AUTHORIZED_POINT_IN_TIME_JOIN,B-PENDING-ANNOUNCEMENT-TIME,1
HEJFE-350B3481A9CBBF0E,92257,178083,VMW,2013-10-21 15:49:00,,,1,1,vgreg/hacked_earnings_jfe/Data/TimeOfFirstTrade.csv; SEC complaint-derived historical label,PENDING_AUTHORIZED_POINT_IN_TIME_JOIN,B-PENDING-ANNOUNCEMENT-TIME,1
HEJFE-09EF6AD227D3AC5D,92924,180029,DGI,2012-07-31 12:21:00,,,1,1,vgreg/hacked_earnings_jfe/Data/TimeOfFirstTrade.csv; SEC complaint-derived historical label,PENDING_AUTHORIZED_POINT_IN_TIME_JOIN,B-PENDING-ANNOUNCEMENT-TIME,1
HEJFE-A5AE76F13A48C40F,92924,180029,DGI,2013-05-07 14:29:00,,,1,1,vgreg/hacked_earnings_jfe/Data/TimeOfFirstTrade.csv; SEC complaint-derived historical label,PENDING_AUTHORIZED_POINT_IN_TIME_JOIN,B-PENDING-ANNOUNCEMENT-TIME,1
HEJFE-A76C746507C0D9AF,92924,180029,DGI,2015-02-26 15:42:00,,,1,1,vgreg/hacked_earnings_jfe/Data/TimeOfFirstTrade.csv; SEC complaint-derived historical label,PENDING_AUTHORIZED_POINT_IN_TIME_JOIN,B-PENDING-ANNOUNCEMENT-TIME,1
HEJFE-C368B17FADFC15C7,93079,179957,ECHO,2013-04-25 14:14:00,,,1,1,vgreg/hacked_earnings_jfe/Data/TimeOfFirstTrade.csv; SEC complaint-derived historical label,PENDING_AUTHORIZED_POINT_IN_TIME_JOIN,B-PENDING-ANNOUNCEMENT-TIME,1
HEJFE-B04F1AF8B6E30A43,93095,180635,CLD,2015-02-17 15:35:00,,,1,1,vgreg/hacked_earnings_jfe/Data/TimeOfFirstTrade.csv; SEC complaint-derived historical label,PENDING_AUTHORIZED_POINT_IN_TIME_JOIN,B-PENDING-ANNOUNCEMENT-TIME,1
HEJFE-DB1E964E02F5921F,93095,180635,CLD,2015-04-30 15:33:00,,,1,1,vgreg/hacked_earnings_jfe/Data/TimeOfFirstTrade.csv; SEC complaint-derived historical label,PENDING_AUTHORIZED_POINT_IN_TIME_JOIN,B-PENDING-ANNOUNCEMENT-TIME,1
HEJFE-5D222F0F8E0C77D0,93223,29887,TW,2015-05-04 15:47:00,,,1,1,vgreg/hacked_earnings_jfe/Data/TimeOfFirstTrade.csv; SEC complaint-derived historical label,PENDING_AUTHORIZED_POINT_IN_TIME_JOIN,B-PENDING-ANNOUNCEMENT-TIME,1
HEJFE-E342F6A93B35E012,93246,183736,GNRC,2015-02-10 15:52:00,,,1,1,vgreg/hacked_earnings_jfe/Data/TimeOfFirstTrade.csv; SEC complaint-derived historical label,PENDING_AUTHORIZED_POINT_IN_TIME_JOIN,B-PENDING-ANNOUNCEMENT-TIME,1
HEJFE-DC002D2C6C767277,93323,175087,MUSA,2011-10-20 15:48:00,,,1,1,vgreg/hacked_earnings_jfe/Data/TimeOfFirstTrade.csv; SEC complaint-derived historical label,PENDING_AUTHORIZED_POINT_IN_TIME_JOIN,B-PENDING-ANNOUNCEMENT-TIME,1
HEJFE-51F3066EAC9B8138,93323,175087,MUSA,2012-01-26 12:21:00,,,1,1,vgreg/hacked_earnings_jfe/Data/TimeOfFirstTrade.csv; SEC complaint-derived historical label,PENDING_AUTHORIZED_POINT_IN_TIME_JOIN,B-PENDING-ANNOUNCEMENT-TIME,1
