minute_ts_utc,symbol,security_id,visibility_mode,graph_feature_status,seed_feature_status,related_security_count,direct_related_security_count,second_hop_related_security_count,confidence_weighted_breadth,max_path_confidence,mean_path_confidence,related_feature_count,anomalous_related_count,anomalous_related_fraction,synchronized_equity_volume_anomaly_count,synchronized_option_volume_anomaly_count,synchronized_spread_widen_count,max_related_multivariate_l2,mean_related_multivariate_l2,confidence_weighted_peer_anomaly,propagation_strength,min_anomalous_hop,mean_anomalous_hop,prior_visible_case_count,prior_case_similarity_max,prior_case_similarity_mean,graph_db_sha256,feature_input_sha256,research_use_only
2011-02-05T19:30:00.000Z,T00,SEC:T00,live_surveillance,full,full,2.0,3.0,2.0,0.82,0.82,0.82,2.0,3.0,0.82,3.0,2.0,3.0,3.2,3.27,0.82,3.41,1.0,1.0,0.0,0.0,0.0,aaaaaaaaaaaaaaaaaaaaaaaaaaaaaaaaaaaaaaaaaaaaaaaaaaaaaaaaaaaaaaaa,bbbbbbbbbbbbbbbbbbbbbbbbbbbbbbbbbbbbbbbbbbbbbbbbbbbbbbbbbbbbbbbb,1
2011-02-05T19:30:00.000Z,C0011,SEC:C0011,live_surveillance,full,full,0.0,0.0,0.0,0.12,0.12,0.12,0.0,0.0,0.12,0.0,0.0,0.0,0.18,0.19999999999999998,0.12,0.18,2.0,2.0,0.0,0.0,0.0,aaaaaaaaaaaaaaaaaaaaaaaaaaaaaaaaaaaaaaaaaaaaaaaaaaaaaaaaaaaaaaaa,bbbbbbbbbbbbbbbbbbbbbbbbbbbbbbbbbbbbbbbbbbbbbbbbbbbbbbbbbbbbbbbb,1
2011-02-05T19:30:00.000Z,C0012,SEC:C0012,live_surveillance,full,full,0.0,0.0,0.0,0.12,0.12,0.12,0.0,0.0,0.12,0.0,0.0,0.0,0.18,0.19999999999999998,0.12,0.18,2.0,2.0,0.0,0.0,0.0,aaaaaaaaaaaaaaaaaaaaaaaaaaaaaaaaaaaaaaaaaaaaaaaaaaaaaaaaaaaaaaaa,bbbbbbbbbbbbbbbbbbbbbbbbbbbbbbbbbbbbbbbbbbbbbbbbbbbbbbbbbbbbbbbb,1
2011-02-05T19:30:00.000Z,C0013,SEC:C0013,live_surveillance,full,full,0.0,0.0,0.0,0.12,0.12,0.12,0.0,0.0,0.12,0.0,0.0,0.0,0.18,0.19999999999999998,0.12,0.18,2.0,2.0,0.0,0.0,0.0,aaaaaaaaaaaaaaaaaaaaaaaaaaaaaaaaaaaaaaaaaaaaaaaaaaaaaaaaaaaaaaaa,bbbbbbbbbbbbbbbbbbbbbbbbbbbbbbbbbbbbbbbbbbbbbbbbbbbbbbbbbbbbbbbb,1
2011-02-06T19:31:00.000Z,T00,SEC:T00,live_surveillance,full,full,2.0,3.0,2.0,0.82,0.82,0.82,2.0,3.0,0.82,3.0,2.0,3.0,3.2,3.27,0.82,3.41,1.0,1.0,0.0,0.0,0.0,aaaaaaaaaaaaaaaaaaaaaaaaaaaaaaaaaaaaaaaaaaaaaaaaaaaaaaaaaaaaaaaa,bbbbbbbbbbbbbbbbbbbbbbbbbbbbbbbbbbbbbbbbbbbbbbbbbbbbbbbbbbbbbbbb,1
2011-02-06T19:31:00.000Z,C0021,SEC:C0021,live_surveillance,full,full,0.0,0.0,0.0,0.12,0.12,0.12,0.0,0.0,0.12,0.0,0.0,0.0,0.18,0.19999999999999998,0.12,0.18,2.0,2.0,0.0,0.0,0.0,aaaaaaaaaaaaaaaaaaaaaaaaaaaaaaaaaaaaaaaaaaaaaaaaaaaaaaaaaaaaaaaa,bbbbbbbbbbbbbbbbbbbbbbbbbbbbbbbbbbbbbbbbbbbbbbbbbbbbbbbbbbbbbbbb,1
2011-02-06T19:31:00.000Z,C0022,SEC:C0022,live_surveillance,full,full,0.0,0.0,0.0,0.12,0.12,0.12,0.0,0.0,0.12,0.0,0.0,0.0,0.18,0.19999999999999998,0.12,0.18,2.0,2.0,0.0,0.0,0.0,aaaaaaaaaaaaaaaaaaaaaaaaaaaaaaaaaaaaaaaaaaaaaaaaaaaaaaaaaaaaaaaa,bbbbbbbbbbbbbbbbbbbbbbbbbbbbbbbbbbbbbbbbbbbbbbbbbbbbbbbbbbbbbbbb,1
2011-02-06T19:31:00.000Z,C0023,SEC:C0023,live_surveillance,full,full,0.0,0.0,0.0,0.12,0.12,0.12,0.0,0.0,0.12,0.0,0.0,0.0,0.18,0.19999999999999998,0.12,0.18,2.0,2.0,0.0,0.0,0.0,aaaaaaaaaaaaaaaaaaaaaaaaaaaaaaaaaaaaaaaaaaaaaaaaaaaaaaaaaaaaaaaa,bbbbbbbbbbbbbbbbbbbbbbbbbbbbbbbbbbbbbbbbbbbbbbbbbbbbbbbbbbbbbbbb,1
2011-02-07T19:32:00.000Z,T01,SEC:T01,live_surveillance,full,full,2.0,3.0,2.0,0.82,0.82,0.82,2.0,3.0,0.82,3.0,2.0,3.0,3.2,3.27,0.82,3.41,1.0,1.0,0.0,0.0,0.0,aaaaaaaaaaaaaaaaaaaaaaaaaaaaaaaaaaaaaaaaaaaaaaaaaaaaaaaaaaaaaaaa,bbbbbbbbbbbbbbbbbbbbbbbbbbbbbbbbbbbbbbbbbbbbbbbbbbbbbbbbbbbbbbbb,1
2011-02-07T19:32:00.000Z,C0031,SEC:C0031,live_surveillance,full,full,0.0,0.0,0.0,0.12,0.12,0.12,0.0,0.0,0.12,0.0,0.0,0.0,0.18,0.19999999999999998,0.12,0.18,2.0,2.0,0.0,0.0,0.0,aaaaaaaaaaaaaaaaaaaaaaaaaaaaaaaaaaaaaaaaaaaaaaaaaaaaaaaaaaaaaaaa,bbbbbbbbbbbbbbbbbbbbbbbbbbbbbbbbbbbbbbbbbbbbbbbbbbbbbbbbbbbbbbbb,1
2011-02-07T19:32:00.000Z,C0032,SEC:C0032,live_surveillance,full,full,0.0,0.0,0.0,0.12,0.12,0.12,0.0,0.0,0.12,0.0,0.0,0.0,0.18,0.19999999999999998,0.12,0.18,2.0,2.0,0.0,0.0,0.0,aaaaaaaaaaaaaaaaaaaaaaaaaaaaaaaaaaaaaaaaaaaaaaaaaaaaaaaaaaaaaaaa,bbbbbbbbbbbbbbbbbbbbbbbbbbbbbbbbbbbbbbbbbbbbbbbbbbbbbbbbbbbbbbbb,1
2011-02-07T19:32:00.000Z,C0033,SEC:C0033,live_surveillance,full,full,0.0,0.0,0.0,0.12,0.12,0.12,0.0,0.0,0.12,0.0,0.0,0.0,0.18,0.19999999999999998,0.12,0.18,2.0,2.0,0.0,0.0,0.0,aaaaaaaaaaaaaaaaaaaaaaaaaaaaaaaaaaaaaaaaaaaaaaaaaaaaaaaaaaaaaaaa,bbbbbbbbbbbbbbbbbbbbbbbbbbbbbbbbbbbbbbbbbbbbbbbbbbbbbbbbbbbbbbbb,1
2011-02-08T19:33:00.000Z,T01,SEC:T01,live_surveillance,full,full,2.0,3.0,2.0,0.82,0.82,0.82,2.0,3.0,0.82,3.0,2.0,3.0,3.2,3.27,0.82,3.41,1.0,1.0,0.0,0.0,0.0,aaaaaaaaaaaaaaaaaaaaaaaaaaaaaaaaaaaaaaaaaaaaaaaaaaaaaaaaaaaaaaaa,bbbbbbbbbbbbbbbbbbbbbbbbbbbbbbbbbbbbbbbbbbbbbbbbbbbbbbbbbbbbbbbb,1
2011-02-08T19:33:00.000Z,C0041,SEC:C0041,live_surveillance,full,full,0.0,0.0,0.0,0.12,0.12,0.12,0.0,0.0,0.12,0.0,0.0,0.0,0.18,0.19999999999999998,0.12,0.18,2.0,2.0,0.0,0.0,0.0,aaaaaaaaaaaaaaaaaaaaaaaaaaaaaaaaaaaaaaaaaaaaaaaaaaaaaaaaaaaaaaaa,bbbbbbbbbbbbbbbbbbbbbbbbbbbbbbbbbbbbbbbbbbbbbbbbbbbbbbbbbbbbbbbb,1
2011-02-08T19:33:00.000Z,C0042,SEC:C0042,live_surveillance,full,full,0.0,0.0,0.0,0.12,0.12,0.12,0.0,0.0,0.12,0.0,0.0,0.0,0.18,0.19999999999999998,0.12,0.18,2.0,2.0,0.0,0.0,0.0,aaaaaaaaaaaaaaaaaaaaaaaaaaaaaaaaaaaaaaaaaaaaaaaaaaaaaaaaaaaaaaaa,bbbbbbbbbbbbbbbbbbbbbbbbbbbbbbbbbbbbbbbbbbbbbbbbbbbbbbbbbbbbbbbb,1
2011-02-08T19:33:00.000Z,C0043,SEC:C0043,live_surveillance,full,full,0.0,0.0,0.0,0.12,0.12,0.12,0.0,0.0,0.12,0.0,0.0,0.0,0.18,0.19999999999999998,0.12,0.18,2.0,2.0,0.0,0.0,0.0,aaaaaaaaaaaaaaaaaaaaaaaaaaaaaaaaaaaaaaaaaaaaaaaaaaaaaaaaaaaaaaaa,bbbbbbbbbbbbbbbbbbbbbbbbbbbbbbbbbbbbbbbbbbbbbbbbbbbbbbbbbbbbbbbb,1
2011-02-09T19:34:00.000Z,T02,SEC:T02,live_surveillance,full,full,2.0,3.0,2.0,0.82,0.82,0.82,2.0,3.0,0.82,3.0,2.0,3.0,3.2,3.27,0.82,3.41,1.0,1.0,0.0,0.0,0.0,aaaaaaaaaaaaaaaaaaaaaaaaaaaaaaaaaaaaaaaaaaaaaaaaaaaaaaaaaaaaaaaa,bbbbbbbbbbbbbbbbbbbbbbbbbbbbbbbbbbbbbbbbbbbbbbbbbbbbbbbbbbbbbbbb,1
2011-02-09T19:34:00.000Z,C0051,SEC:C0051,live_surveillance,full,full,0.0,0.0,0.0,0.12,0.12,0.12,0.0,0.0,0.12,0.0,0.0,0.0,0.18,0.19999999999999998,0.12,0.18,2.0,2.0,0.0,0.0,0.0,aaaaaaaaaaaaaaaaaaaaaaaaaaaaaaaaaaaaaaaaaaaaaaaaaaaaaaaaaaaaaaaa,bbbbbbbbbbbbbbbbbbbbbbbbbbbbbbbbbbbbbbbbbbbbbbbbbbbbbbbbbbbbbbbb,1
2011-02-09T19:34:00.000Z,C0052,SEC:C0052,live_surveillance,full,full,0.0,0.0,0.0,0.12,0.12,0.12,0.0,0.0,0.12,0.0,0.0,0.0,0.18,0.19999999999999998,0.12,0.18,2.0,2.0,0.0,0.0,0.0,aaaaaaaaaaaaaaaaaaaaaaaaaaaaaaaaaaaaaaaaaaaaaaaaaaaaaaaaaaaaaaaa,bbbbbbbbbbbbbbbbbbbbbbbbbbbbbbbbbbbbbbbbbbbbbbbbbbbbbbbbbbbbbbbb,1
2011-02-09T19:34:00.000Z,C0053,SEC:C0053,live_surveillance,full,full,0.0,0.0,0.0,0.12,0.12,0.12,0.0,0.0,0.12,0.0,0.0,0.0,0.18,0.19999999999999998,0.12,0.18,2.0,2.0,0.0,0.0,0.0,aaaaaaaaaaaaaaaaaaaaaaaaaaaaaaaaaaaaaaaaaaaaaaaaaaaaaaaaaaaaaaaa,bbbbbbbbbbbbbbbbbbbbbbbbbbbbbbbbbbbbbbbbbbbbbbbbbbbbbbbbbbbbbbbb,1
2011-02-10T19:35:00.000Z,T02,SEC:T02,live_surveillance,full,full,2.0,3.0,2.0,0.82,0.82,0.82,2.0,3.0,0.82,3.0,2.0,3.0,3.2,3.27,0.82,3.41,1.0,1.0,0.0,0.0,0.0,aaaaaaaaaaaaaaaaaaaaaaaaaaaaaaaaaaaaaaaaaaaaaaaaaaaaaaaaaaaaaaaa,bbbbbbbbbbbbbbbbbbbbbbbbbbbbbbbbbbbbbbbbbbbbbbbbbbbbbbbbbbbbbbbb,1
2011-02-10T19:35:00.000Z,C0061,SEC:C0061,live_surveillance,full,full,0.0,0.0,0.0,0.12,0.12,0.12,0.0,0.0,0.12,0.0,0.0,0.0,0.18,0.19999999999999998,0.12,0.18,2.0,2.0,0.0,0.0,0.0,aaaaaaaaaaaaaaaaaaaaaaaaaaaaaaaaaaaaaaaaaaaaaaaaaaaaaaaaaaaaaaaa,bbbbbbbbbbbbbbbbbbbbbbbbbbbbbbbbbbbbbbbbbbbbbbbbbbbbbbbbbbbbbbbb,1
2011-02-10T19:35:00.000Z,C0062,SEC:C0062,live_surveillance,full,full,0.0,0.0,0.0,0.12,0.12,0.12,0.0,0.0,0.12,0.0,0.0,0.0,0.18,0.19999999999999998,0.12,0.18,2.0,2.0,0.0,0.0,0.0,aaaaaaaaaaaaaaaaaaaaaaaaaaaaaaaaaaaaaaaaaaaaaaaaaaaaaaaaaaaaaaaa,bbbbbbbbbbbbbbbbbbbbbbbbbbbbbbbbbbbbbbbbbbbbbbbbbbbbbbbbbbbbbbbb,1
2011-02-10T19:35:00.000Z,C0063,SEC:C0063,live_surveillance,full,full,0.0,0.0,0.0,0.12,0.12,0.12,0.0,0.0,0.12,0.0,0.0,0.0,0.18,0.19999999999999998,0.12,0.18,2.0,2.0,0.0,0.0,0.0,aaaaaaaaaaaaaaaaaaaaaaaaaaaaaaaaaaaaaaaaaaaaaaaaaaaaaaaaaaaaaaaa,bbbbbbbbbbbbbbbbbbbbbbbbbbbbbbbbbbbbbbbbbbbbbbbbbbbbbbbbbbbbbbbb,1
2012-02-05T19:30:00.000Z,T03,SEC:T03,live_surveillance,full,full,2.0,3.0,2.0,0.82,0.82,0.82,2.0,3.0,0.82,3.0,2.0,3.0,3.2,3.27,0.82,3.41,1.0,1.0,0.0,0.0,0.0,aaaaaaaaaaaaaaaaaaaaaaaaaaaaaaaaaaaaaaaaaaaaaaaaaaaaaaaaaaaaaaaa,bbbbbbbbbbbbbbbbbbbbbbbbbbbbbbbbbbbbbbbbbbbbbbbbbbbbbbbbbbbbbbbb,1
2012-02-05T19:30:00.000Z,C0071,SEC:C0071,live_surveillance,full,full,0.0,0.0,0.0,0.12,0.12,0.12,0.0,0.0,0.12,0.0,0.0,0.0,0.18,0.19999999999999998,0.12,0.18,2.0,2.0,0.0,0.0,0.0,aaaaaaaaaaaaaaaaaaaaaaaaaaaaaaaaaaaaaaaaaaaaaaaaaaaaaaaaaaaaaaaa,bbbbbbbbbbbbbbbbbbbbbbbbbbbbbbbbbbbbbbbbbbbbbbbbbbbbbbbbbbbbbbbb,1
2012-02-05T19:30:00.000Z,C0072,SEC:C0072,live_surveillance,full,full,0.0,0.0,0.0,0.12,0.12,0.12,0.0,0.0,0.12,0.0,0.0,0.0,0.18,0.19999999999999998,0.12,0.18,2.0,2.0,0.0,0.0,0.0,aaaaaaaaaaaaaaaaaaaaaaaaaaaaaaaaaaaaaaaaaaaaaaaaaaaaaaaaaaaaaaaa,bbbbbbbbbbbbbbbbbbbbbbbbbbbbbbbbbbbbbbbbbbbbbbbbbbbbbbbbbbbbbbbb,1
2012-02-05T19:30:00.000Z,C0073,SEC:C0073,live_surveillance,full,full,0.0,0.0,0.0,0.12,0.12,0.12,0.0,0.0,0.12,0.0,0.0,0.0,0.18,0.19999999999999998,0.12,0.18,2.0,2.0,0.0,0.0,0.0,aaaaaaaaaaaaaaaaaaaaaaaaaaaaaaaaaaaaaaaaaaaaaaaaaaaaaaaaaaaaaaaa,bbbbbbbbbbbbbbbbbbbbbbbbbbbbbbbbbbbbbbbbbbbbbbbbbbbbbbbbbbbbbbbb,1
2012-02-06T19:31:00.000Z,T03,SEC:T03,live_surveillance,full,full,2.0,3.0,2.0,0.82,0.82,0.82,2.0,3.0,0.82,3.0,2.0,3.0,3.2,3.27,0.82,3.41,1.0,1.0,0.0,0.0,0.0,aaaaaaaaaaaaaaaaaaaaaaaaaaaaaaaaaaaaaaaaaaaaaaaaaaaaaaaaaaaaaaaa,bbbbbbbbbbbbbbbbbbbbbbbbbbbbbbbbbbbbbbbbbbbbbbbbbbbbbbbbbbbbbbbb,1
2012-02-06T19:31:00.000Z,C0081,SEC:C0081,live_surveillance,full,full,0.0,0.0,0.0,0.12,0.12,0.12,0.0,0.0,0.12,0.0,0.0,0.0,0.18,0.19999999999999998,0.12,0.18,2.0,2.0,0.0,0.0,0.0,aaaaaaaaaaaaaaaaaaaaaaaaaaaaaaaaaaaaaaaaaaaaaaaaaaaaaaaaaaaaaaaa,bbbbbbbbbbbbbbbbbbbbbbbbbbbbbbbbbbbbbbbbbbbbbbbbbbbbbbbbbbbbbbbb,1
2012-02-06T19:31:00.000Z,C0082,SEC:C0082,live_surveillance,full,full,0.0,0.0,0.0,0.12,0.12,0.12,0.0,0.0,0.12,0.0,0.0,0.0,0.18,0.19999999999999998,0.12,0.18,2.0,2.0,0.0,0.0,0.0,aaaaaaaaaaaaaaaaaaaaaaaaaaaaaaaaaaaaaaaaaaaaaaaaaaaaaaaaaaaaaaaa,bbbbbbbbbbbbbbbbbbbbbbbbbbbbbbbbbbbbbbbbbbbbbbbbbbbbbbbbbbbbbbbb,1
2012-02-06T19:31:00.000Z,C0083,SEC:C0083,live_surveillance,full,full,0.0,0.0,0.0,0.12,0.12,0.12,0.0,0.0,0.12,0.0,0.0,0.0,0.18,0.19999999999999998,0.12,0.18,2.0,2.0,0.0,0.0,0.0,aaaaaaaaaaaaaaaaaaaaaaaaaaaaaaaaaaaaaaaaaaaaaaaaaaaaaaaaaaaaaaaa,bbbbbbbbbbbbbbbbbbbbbbbbbbbbbbbbbbbbbbbbbbbbbbbbbbbbbbbbbbbbbbbb,1
2012-02-07T19:32:00.000Z,T04,SEC:T04,live_surveillance,full,full,2.0,3.0,2.0,0.82,0.82,0.82,2.0,3.0,0.82,3.0,2.0,3.0,3.2,3.27,0.82,3.41,1.0,1.0,0.0,0.0,0.0,aaaaaaaaaaaaaaaaaaaaaaaaaaaaaaaaaaaaaaaaaaaaaaaaaaaaaaaaaaaaaaaa,bbbbbbbbbbbbbbbbbbbbbbbbbbbbbbbbbbbbbbbbbbbbbbbbbbbbbbbbbbbbbbbb,1
2012-02-07T19:32:00.000Z,C0091,SEC:C0091,live_surveillance,full,full,0.0,0.0,0.0,0.12,0.12,0.12,0.0,0.0,0.12,0.0,0.0,0.0,0.18,0.19999999999999998,0.12,0.18,2.0,2.0,0.0,0.0,0.0,aaaaaaaaaaaaaaaaaaaaaaaaaaaaaaaaaaaaaaaaaaaaaaaaaaaaaaaaaaaaaaaa,bbbbbbbbbbbbbbbbbbbbbbbbbbbbbbbbbbbbbbbbbbbbbbbbbbbbbbbbbbbbbbbb,1
2012-02-07T19:32:00.000Z,C0092,SEC:C0092,live_surveillance,full,full,0.0,0.0,0.0,0.12,0.12,0.12,0.0,0.0,0.12,0.0,0.0,0.0,0.18,0.19999999999999998,0.12,0.18,2.0,2.0,0.0,0.0,0.0,aaaaaaaaaaaaaaaaaaaaaaaaaaaaaaaaaaaaaaaaaaaaaaaaaaaaaaaaaaaaaaaa,bbbbbbbbbbbbbbbbbbbbbbbbbbbbbbbbbbbbbbbbbbbbbbbbbbbbbbbbbbbbbbbb,1
2012-02-07T19:32:00.000Z,C0093,SEC:C0093,live_surveillance,full,full,0.0,0.0,0.0,0.12,0.12,0.12,0.0,0.0,0.12,0.0,0.0,0.0,0.18,0.19999999999999998,0.12,0.18,2.0,2.0,0.0,0.0,0.0,aaaaaaaaaaaaaaaaaaaaaaaaaaaaaaaaaaaaaaaaaaaaaaaaaaaaaaaaaaaaaaaa,bbbbbbbbbbbbbbbbbbbbbbbbbbbbbbbbbbbbbbbbbbbbbbbbbbbbbbbbbbbbbbbb,1
2012-02-08T19:33:00.000Z,T04,SEC:T04,live_surveillance,full,full,2.0,3.0,2.0,0.82,0.82,0.82,2.0,3.0,0.82,3.0,2.0,3.0,3.2,3.27,0.82,3.41,1.0,1.0,0.0,0.0,0.0,aaaaaaaaaaaaaaaaaaaaaaaaaaaaaaaaaaaaaaaaaaaaaaaaaaaaaaaaaaaaaaaa,bbbbbbbbbbbbbbbbbbbbbbbbbbbbbbbbbbbbbbbbbbbbbbbbbbbbbbbbbbbbbbbb,1
2012-02-08T19:33:00.000Z,C0101,SEC:C0101,live_surveillance,full,full,0.0,0.0,0.0,0.12,0.12,0.12,0.0,0.0,0.12,0.0,0.0,0.0,0.18,0.19999999999999998,0.12,0.18,2.0,2.0,0.0,0.0,0.0,aaaaaaaaaaaaaaaaaaaaaaaaaaaaaaaaaaaaaaaaaaaaaaaaaaaaaaaaaaaaaaaa,bbbbbbbbbbbbbbbbbbbbbbbbbbbbbbbbbbbbbbbbbbbbbbbbbbbbbbbbbbbbbbbb,1
2012-02-08T19:33:00.000Z,C0102,SEC:C0102,live_surveillance,full,full,0.0,0.0,0.0,0.12,0.12,0.12,0.0,0.0,0.12,0.0,0.0,0.0,0.18,0.19999999999999998,0.12,0.18,2.0,2.0,0.0,0.0,0.0,aaaaaaaaaaaaaaaaaaaaaaaaaaaaaaaaaaaaaaaaaaaaaaaaaaaaaaaaaaaaaaaa,bbbbbbbbbbbbbbbbbbbbbbbbbbbbbbbbbbbbbbbbbbbbbbbbbbbbbbbbbbbbbbbb,1
2012-02-08T19:33:00.000Z,C0103,SEC:C0103,live_surveillance,full,full,0.0,0.0,0.0,0.12,0.12,0.12,0.0,0.0,0.12,0.0,0.0,0.0,0.18,0.19999999999999998,0.12,0.18,2.0,2.0,0.0,0.0,0.0,aaaaaaaaaaaaaaaaaaaaaaaaaaaaaaaaaaaaaaaaaaaaaaaaaaaaaaaaaaaaaaaa,bbbbbbbbbbbbbbbbbbbbbbbbbbbbbbbbbbbbbbbbbbbbbbbbbbbbbbbbbbbbbbbb,1
2012-02-09T19:34:00.000Z,T05,SEC:T05,live_surveillance,full,full,2.0,3.0,2.0,0.82,0.82,0.82,2.0,3.0,0.82,3.0,2.0,3.0,3.2,3.27,0.82,3.41,1.0,1.0,0.0,0.0,0.0,aaaaaaaaaaaaaaaaaaaaaaaaaaaaaaaaaaaaaaaaaaaaaaaaaaaaaaaaaaaaaaaa,bbbbbbbbbbbbbbbbbbbbbbbbbbbbbbbbbbbbbbbbbbbbbbbbbbbbbbbbbbbbbbbb,1
2012-02-09T19:34:00.000Z,C0111,SEC:C0111,live_surveillance,full,full,0.0,0.0,0.0,0.12,0.12,0.12,0.0,0.0,0.12,0.0,0.0,0.0,0.18,0.19999999999999998,0.12,0.18,2.0,2.0,0.0,0.0,0.0,aaaaaaaaaaaaaaaaaaaaaaaaaaaaaaaaaaaaaaaaaaaaaaaaaaaaaaaaaaaaaaaa,bbbbbbbbbbbbbbbbbbbbbbbbbbbbbbbbbbbbbbbbbbbbbbbbbbbbbbbbbbbbbbbb,1
2012-02-09T19:34:00.000Z,C0112,SEC:C0112,live_surveillance,full,full,0.0,0.0,0.0,0.12,0.12,0.12,0.0,0.0,0.12,0.0,0.0,0.0,0.18,0.19999999999999998,0.12,0.18,2.0,2.0,0.0,0.0,0.0,aaaaaaaaaaaaaaaaaaaaaaaaaaaaaaaaaaaaaaaaaaaaaaaaaaaaaaaaaaaaaaaa,bbbbbbbbbbbbbbbbbbbbbbbbbbbbbbbbbbbbbbbbbbbbbbbbbbbbbbbbbbbbbbbb,1
2012-02-09T19:34:00.000Z,C0113,SEC:C0113,live_surveillance,full,full,0.0,0.0,0.0,0.12,0.12,0.12,0.0,0.0,0.12,0.0,0.0,0.0,0.18,0.19999999999999998,0.12,0.18,2.0,2.0,0.0,0.0,0.0,aaaaaaaaaaaaaaaaaaaaaaaaaaaaaaaaaaaaaaaaaaaaaaaaaaaaaaaaaaaaaaaa,bbbbbbbbbbbbbbbbbbbbbbbbbbbbbbbbbbbbbbbbbbbbbbbbbbbbbbbbbbbbbbbb,1
2012-02-10T19:35:00.000Z,T05,SEC:T05,live_surveillance,full,full,2.0,3.0,2.0,0.82,0.82,0.82,2.0,3.0,0.82,3.0,2.0,3.0,3.2,3.27,0.82,3.41,1.0,1.0,0.0,0.0,0.0,aaaaaaaaaaaaaaaaaaaaaaaaaaaaaaaaaaaaaaaaaaaaaaaaaaaaaaaaaaaaaaaa,bbbbbbbbbbbbbbbbbbbbbbbbbbbbbbbbbbbbbbbbbbbbbbbbbbbbbbbbbbbbbbbb,1
2012-02-10T19:35:00.000Z,C0121,SEC:C0121,live_surveillance,full,full,0.0,0.0,0.0,0.12,0.12,0.12,0.0,0.0,0.12,0.0,0.0,0.0,0.18,0.19999999999999998,0.12,0.18,2.0,2.0,0.0,0.0,0.0,aaaaaaaaaaaaaaaaaaaaaaaaaaaaaaaaaaaaaaaaaaaaaaaaaaaaaaaaaaaaaaaa,bbbbbbbbbbbbbbbbbbbbbbbbbbbbbbbbbbbbbbbbbbbbbbbbbbbbbbbbbbbbbbbb,1
2012-02-10T19:35:00.000Z,C0122,SEC:C0122,live_surveillance,full,full,0.0,0.0,0.0,0.12,0.12,0.12,0.0,0.0,0.12,0.0,0.0,0.0,0.18,0.19999999999999998,0.12,0.18,2.0,2.0,0.0,0.0,0.0,aaaaaaaaaaaaaaaaaaaaaaaaaaaaaaaaaaaaaaaaaaaaaaaaaaaaaaaaaaaaaaaa,bbbbbbbbbbbbbbbbbbbbbbbbbbbbbbbbbbbbbbbbbbbbbbbbbbbbbbbbbbbbbbbb,1
2012-02-10T19:35:00.000Z,C0123,SEC:C0123,live_surveillance,full,full,0.0,0.0,0.0,0.12,0.12,0.12,0.0,0.0,0.12,0.0,0.0,0.0,0.18,0.19999999999999998,0.12,0.18,2.0,2.0,0.0,0.0,0.0,aaaaaaaaaaaaaaaaaaaaaaaaaaaaaaaaaaaaaaaaaaaaaaaaaaaaaaaaaaaaaaaa,bbbbbbbbbbbbbbbbbbbbbbbbbbbbbbbbbbbbbbbbbbbbbbbbbbbbbbbbbbbbbbbb,1
2013-02-05T19:30:00.000Z,T06,SEC:T06,live_surveillance,full,full,2.0,3.0,2.0,0.82,0.82,0.82,2.0,3.0,0.82,3.0,2.0,3.0,3.2,3.27,0.82,3.41,1.0,1.0,0.0,0.0,0.0,aaaaaaaaaaaaaaaaaaaaaaaaaaaaaaaaaaaaaaaaaaaaaaaaaaaaaaaaaaaaaaaa,bbbbbbbbbbbbbbbbbbbbbbbbbbbbbbbbbbbbbbbbbbbbbbbbbbbbbbbbbbbbbbbb,1
2013-02-05T19:30:00.000Z,C0131,SEC:C0131,live_surveillance,full,full,0.0,0.0,0.0,0.12,0.12,0.12,0.0,0.0,0.12,0.0,0.0,0.0,0.18,0.19999999999999998,0.12,0.18,2.0,2.0,0.0,0.0,0.0,aaaaaaaaaaaaaaaaaaaaaaaaaaaaaaaaaaaaaaaaaaaaaaaaaaaaaaaaaaaaaaaa,bbbbbbbbbbbbbbbbbbbbbbbbbbbbbbbbbbbbbbbbbbbbbbbbbbbbbbbbbbbbbbbb,1
2013-02-05T19:30:00.000Z,C0132,SEC:C0132,live_surveillance,full,full,0.0,0.0,0.0,0.12,0.12,0.12,0.0,0.0,0.12,0.0,0.0,0.0,0.18,0.19999999999999998,0.12,0.18,2.0,2.0,0.0,0.0,0.0,aaaaaaaaaaaaaaaaaaaaaaaaaaaaaaaaaaaaaaaaaaaaaaaaaaaaaaaaaaaaaaaa,bbbbbbbbbbbbbbbbbbbbbbbbbbbbbbbbbbbbbbbbbbbbbbbbbbbbbbbbbbbbbbbb,1
2013-02-05T19:30:00.000Z,C0133,SEC:C0133,live_surveillance,full,full,0.0,0.0,0.0,0.12,0.12,0.12,0.0,0.0,0.12,0.0,0.0,0.0,0.18,0.19999999999999998,0.12,0.18,2.0,2.0,0.0,0.0,0.0,aaaaaaaaaaaaaaaaaaaaaaaaaaaaaaaaaaaaaaaaaaaaaaaaaaaaaaaaaaaaaaaa,bbbbbbbbbbbbbbbbbbbbbbbbbbbbbbbbbbbbbbbbbbbbbbbbbbbbbbbbbbbbbbbb,1
2013-02-06T19:31:00.000Z,T06,SEC:T06,live_surveillance,full,full,2.0,3.0,2.0,0.82,0.82,0.82,2.0,3.0,0.82,3.0,2.0,3.0,3.2,3.27,0.82,3.41,1.0,1.0,0.0,0.0,0.0,aaaaaaaaaaaaaaaaaaaaaaaaaaaaaaaaaaaaaaaaaaaaaaaaaaaaaaaaaaaaaaaa,bbbbbbbbbbbbbbbbbbbbbbbbbbbbbbbbbbbbbbbbbbbbbbbbbbbbbbbbbbbbbbbb,1
2013-02-06T19:31:00.000Z,C0141,SEC:C0141,live_surveillance,full,full,0.0,0.0,0.0,0.12,0.12,0.12,0.0,0.0,0.12,0.0,0.0,0.0,0.18,0.19999999999999998,0.12,0.18,2.0,2.0,0.0,0.0,0.0,aaaaaaaaaaaaaaaaaaaaaaaaaaaaaaaaaaaaaaaaaaaaaaaaaaaaaaaaaaaaaaaa,bbbbbbbbbbbbbbbbbbbbbbbbbbbbbbbbbbbbbbbbbbbbbbbbbbbbbbbbbbbbbbbb,1
2013-02-06T19:31:00.000Z,C0142,SEC:C0142,live_surveillance,full,full,0.0,0.0,0.0,0.12,0.12,0.12,0.0,0.0,0.12,0.0,0.0,0.0,0.18,0.19999999999999998,0.12,0.18,2.0,2.0,0.0,0.0,0.0,aaaaaaaaaaaaaaaaaaaaaaaaaaaaaaaaaaaaaaaaaaaaaaaaaaaaaaaaaaaaaaaa,bbbbbbbbbbbbbbbbbbbbbbbbbbbbbbbbbbbbbbbbbbbbbbbbbbbbbbbbbbbbbbbb,1
2013-02-06T19:31:00.000Z,C0143,SEC:C0143,live_surveillance,full,full,0.0,0.0,0.0,0.12,0.12,0.12,0.0,0.0,0.12,0.0,0.0,0.0,0.18,0.19999999999999998,0.12,0.18,2.0,2.0,0.0,0.0,0.0,aaaaaaaaaaaaaaaaaaaaaaaaaaaaaaaaaaaaaaaaaaaaaaaaaaaaaaaaaaaaaaaa,bbbbbbbbbbbbbbbbbbbbbbbbbbbbbbbbbbbbbbbbbbbbbbbbbbbbbbbbbbbbbbbb,1
2013-02-07T19:32:00.000Z,T07,SEC:T07,live_surveillance,full,full,2.0,3.0,2.0,0.82,0.82,0.82,2.0,3.0,0.82,3.0,2.0,3.0,3.2,3.27,0.82,3.41,1.0,1.0,0.0,0.0,0.0,aaaaaaaaaaaaaaaaaaaaaaaaaaaaaaaaaaaaaaaaaaaaaaaaaaaaaaaaaaaaaaaa,bbbbbbbbbbbbbbbbbbbbbbbbbbbbbbbbbbbbbbbbbbbbbbbbbbbbbbbbbbbbbbbb,1
2013-02-07T19:32:00.000Z,C0151,SEC:C0151,live_surveillance,full,full,0.0,0.0,0.0,0.12,0.12,0.12,0.0,0.0,0.12,0.0,0.0,0.0,0.18,0.19999999999999998,0.12,0.18,2.0,2.0,0.0,0.0,0.0,aaaaaaaaaaaaaaaaaaaaaaaaaaaaaaaaaaaaaaaaaaaaaaaaaaaaaaaaaaaaaaaa,bbbbbbbbbbbbbbbbbbbbbbbbbbbbbbbbbbbbbbbbbbbbbbbbbbbbbbbbbbbbbbbb,1
2013-02-07T19:32:00.000Z,C0152,SEC:C0152,live_surveillance,full,full,0.0,0.0,0.0,0.12,0.12,0.12,0.0,0.0,0.12,0.0,0.0,0.0,0.18,0.19999999999999998,0.12,0.18,2.0,2.0,0.0,0.0,0.0,aaaaaaaaaaaaaaaaaaaaaaaaaaaaaaaaaaaaaaaaaaaaaaaaaaaaaaaaaaaaaaaa,bbbbbbbbbbbbbbbbbbbbbbbbbbbbbbbbbbbbbbbbbbbbbbbbbbbbbbbbbbbbbbbb,1
2013-02-07T19:32:00.000Z,C0153,SEC:C0153,live_surveillance,full,full,0.0,0.0,0.0,0.12,0.12,0.12,0.0,0.0,0.12,0.0,0.0,0.0,0.18,0.19999999999999998,0.12,0.18,2.0,2.0,0.0,0.0,0.0,aaaaaaaaaaaaaaaaaaaaaaaaaaaaaaaaaaaaaaaaaaaaaaaaaaaaaaaaaaaaaaaa,bbbbbbbbbbbbbbbbbbbbbbbbbbbbbbbbbbbbbbbbbbbbbbbbbbbbbbbbbbbbbbbb,1
2013-02-08T19:33:00.000Z,T07,SEC:T07,live_surveillance,full,full,2.0,3.0,2.0,0.82,0.82,0.82,2.0,3.0,0.82,3.0,2.0,3.0,3.2,3.27,0.82,3.41,1.0,1.0,0.0,0.0,0.0,aaaaaaaaaaaaaaaaaaaaaaaaaaaaaaaaaaaaaaaaaaaaaaaaaaaaaaaaaaaaaaaa,bbbbbbbbbbbbbbbbbbbbbbbbbbbbbbbbbbbbbbbbbbbbbbbbbbbbbbbbbbbbbbbb,1
2013-02-08T19:33:00.000Z,C0161,SEC:C0161,live_surveillance,full,full,0.0,0.0,0.0,0.12,0.12,0.12,0.0,0.0,0.12,0.0,0.0,0.0,0.18,0.19999999999999998,0.12,0.18,2.0,2.0,0.0,0.0,0.0,aaaaaaaaaaaaaaaaaaaaaaaaaaaaaaaaaaaaaaaaaaaaaaaaaaaaaaaaaaaaaaaa,bbbbbbbbbbbbbbbbbbbbbbbbbbbbbbbbbbbbbbbbbbbbbbbbbbbbbbbbbbbbbbbb,1
2013-02-08T19:33:00.000Z,C0162,SEC:C0162,live_surveillance,full,full,0.0,0.0,0.0,0.12,0.12,0.12,0.0,0.0,0.12,0.0,0.0,0.0,0.18,0.19999999999999998,0.12,0.18,2.0,2.0,0.0,0.0,0.0,aaaaaaaaaaaaaaaaaaaaaaaaaaaaaaaaaaaaaaaaaaaaaaaaaaaaaaaaaaaaaaaa,bbbbbbbbbbbbbbbbbbbbbbbbbbbbbbbbbbbbbbbbbbbbbbbbbbbbbbbbbbbbbbbb,1
2013-02-08T19:33:00.000Z,C0163,SEC:C0163,live_surveillance,full,full,0.0,0.0,0.0,0.12,0.12,0.12,0.0,0.0,0.12,0.0,0.0,0.0,0.18,0.19999999999999998,0.12,0.18,2.0,2.0,0.0,0.0,0.0,aaaaaaaaaaaaaaaaaaaaaaaaaaaaaaaaaaaaaaaaaaaaaaaaaaaaaaaaaaaaaaaa,bbbbbbbbbbbbbbbbbbbbbbbbbbbbbbbbbbbbbbbbbbbbbbbbbbbbbbbbbbbbbbbb,1
2013-02-09T19:34:00.000Z,T08,SEC:T08,live_surveillance,full,full,2.0,3.0,2.0,0.82,0.82,0.82,2.0,3.0,0.82,3.0,2.0,3.0,3.2,3.27,0.82,3.41,1.0,1.0,0.0,0.0,0.0,aaaaaaaaaaaaaaaaaaaaaaaaaaaaaaaaaaaaaaaaaaaaaaaaaaaaaaaaaaaaaaaa,bbbbbbbbbbbbbbbbbbbbbbbbbbbbbbbbbbbbbbbbbbbbbbbbbbbbbbbbbbbbbbbb,1
2013-02-09T19:34:00.000Z,C0171,SEC:C0171,live_surveillance,full,full,0.0,0.0,0.0,0.12,0.12,0.12,0.0,0.0,0.12,0.0,0.0,0.0,0.18,0.19999999999999998,0.12,0.18,2.0,2.0,0.0,0.0,0.0,aaaaaaaaaaaaaaaaaaaaaaaaaaaaaaaaaaaaaaaaaaaaaaaaaaaaaaaaaaaaaaaa,bbbbbbbbbbbbbbbbbbbbbbbbbbbbbbbbbbbbbbbbbbbbbbbbbbbbbbbbbbbbbbbb,1
2013-02-09T19:34:00.000Z,C0172,SEC:C0172,live_surveillance,full,full,0.0,0.0,0.0,0.12,0.12,0.12,0.0,0.0,0.12,0.0,0.0,0.0,0.18,0.19999999999999998,0.12,0.18,2.0,2.0,0.0,0.0,0.0,aaaaaaaaaaaaaaaaaaaaaaaaaaaaaaaaaaaaaaaaaaaaaaaaaaaaaaaaaaaaaaaa,bbbbbbbbbbbbbbbbbbbbbbbbbbbbbbbbbbbbbbbbbbbbbbbbbbbbbbbbbbbbbbbb,1
2013-02-09T19:34:00.000Z,C0173,SEC:C0173,live_surveillance,full,full,0.0,0.0,0.0,0.12,0.12,0.12,0.0,0.0,0.12,0.0,0.0,0.0,0.18,0.19999999999999998,0.12,0.18,2.0,2.0,0.0,0.0,0.0,aaaaaaaaaaaaaaaaaaaaaaaaaaaaaaaaaaaaaaaaaaaaaaaaaaaaaaaaaaaaaaaa,bbbbbbbbbbbbbbbbbbbbbbbbbbbbbbbbbbbbbbbbbbbbbbbbbbbbbbbbbbbbbbbb,1
2013-02-10T19:35:00.000Z,T08,SEC:T08,live_surveillance,full,full,2.0,3.0,2.0,0.82,0.82,0.82,2.0,3.0,0.82,3.0,2.0,3.0,3.2,3.27,0.82,3.41,1.0,1.0,0.0,0.0,0.0,aaaaaaaaaaaaaaaaaaaaaaaaaaaaaaaaaaaaaaaaaaaaaaaaaaaaaaaaaaaaaaaa,bbbbbbbbbbbbbbbbbbbbbbbbbbbbbbbbbbbbbbbbbbbbbbbbbbbbbbbbbbbbbbbb,1
2013-02-10T19:35:00.000Z,C0181,SEC:C0181,live_surveillance,full,full,0.0,0.0,0.0,0.12,0.12,0.12,0.0,0.0,0.12,0.0,0.0,0.0,0.18,0.19999999999999998,0.12,0.18,2.0,2.0,0.0,0.0,0.0,aaaaaaaaaaaaaaaaaaaaaaaaaaaaaaaaaaaaaaaaaaaaaaaaaaaaaaaaaaaaaaaa,bbbbbbbbbbbbbbbbbbbbbbbbbbbbbbbbbbbbbbbbbbbbbbbbbbbbbbbbbbbbbbbb,1
2013-02-10T19:35:00.000Z,C0182,SEC:C0182,live_surveillance,full,full,0.0,0.0,0.0,0.12,0.12,0.12,0.0,0.0,0.12,0.0,0.0,0.0,0.18,0.19999999999999998,0.12,0.18,2.0,2.0,0.0,0.0,0.0,aaaaaaaaaaaaaaaaaaaaaaaaaaaaaaaaaaaaaaaaaaaaaaaaaaaaaaaaaaaaaaaa,bbbbbbbbbbbbbbbbbbbbbbbbbbbbbbbbbbbbbbbbbbbbbbbbbbbbbbbbbbbbbbbb,1
2013-02-10T19:35:00.000Z,C0183,SEC:C0183,live_surveillance,full,full,0.0,0.0,0.0,0.12,0.12,0.12,0.0,0.0,0.12,0.0,0.0,0.0,0.18,0.19999999999999998,0.12,0.18,2.0,2.0,0.0,0.0,0.0,aaaaaaaaaaaaaaaaaaaaaaaaaaaaaaaaaaaaaaaaaaaaaaaaaaaaaaaaaaaaaaaa,bbbbbbbbbbbbbbbbbbbbbbbbbbbbbbbbbbbbbbbbbbbbbbbbbbbbbbbbbbbbbbbb,1
2014-02-05T19:30:00.000Z,T09,SEC:T09,live_surveillance,full,full,2.0,3.0,2.0,0.82,0.82,0.82,2.0,3.0,0.82,3.0,2.0,3.0,3.2,3.27,0.82,3.41,1.0,1.0,0.0,0.0,0.0,aaaaaaaaaaaaaaaaaaaaaaaaaaaaaaaaaaaaaaaaaaaaaaaaaaaaaaaaaaaaaaaa,bbbbbbbbbbbbbbbbbbbbbbbbbbbbbbbbbbbbbbbbbbbbbbbbbbbbbbbbbbbbbbbb,1
2014-02-05T19:30:00.000Z,C0191,SEC:C0191,live_surveillance,full,full,0.0,0.0,0.0,0.12,0.12,0.12,0.0,0.0,0.12,0.0,0.0,0.0,0.18,0.19999999999999998,0.12,0.18,2.0,2.0,0.0,0.0,0.0,aaaaaaaaaaaaaaaaaaaaaaaaaaaaaaaaaaaaaaaaaaaaaaaaaaaaaaaaaaaaaaaa,bbbbbbbbbbbbbbbbbbbbbbbbbbbbbbbbbbbbbbbbbbbbbbbbbbbbbbbbbbbbbbbb,1
2014-02-05T19:30:00.000Z,C0192,SEC:C0192,live_surveillance,full,full,0.0,0.0,0.0,0.12,0.12,0.12,0.0,0.0,0.12,0.0,0.0,0.0,0.18,0.19999999999999998,0.12,0.18,2.0,2.0,0.0,0.0,0.0,aaaaaaaaaaaaaaaaaaaaaaaaaaaaaaaaaaaaaaaaaaaaaaaaaaaaaaaaaaaaaaaa,bbbbbbbbbbbbbbbbbbbbbbbbbbbbbbbbbbbbbbbbbbbbbbbbbbbbbbbbbbbbbbbb,1
2014-02-05T19:30:00.000Z,C0193,SEC:C0193,live_surveillance,full,full,0.0,0.0,0.0,0.12,0.12,0.12,0.0,0.0,0.12,0.0,0.0,0.0,0.18,0.19999999999999998,0.12,0.18,2.0,2.0,0.0,0.0,0.0,aaaaaaaaaaaaaaaaaaaaaaaaaaaaaaaaaaaaaaaaaaaaaaaaaaaaaaaaaaaaaaaa,bbbbbbbbbbbbbbbbbbbbbbbbbbbbbbbbbbbbbbbbbbbbbbbbbbbbbbbbbbbbbbbb,1
2014-02-06T19:31:00.000Z,T09,SEC:T09,live_surveillance,full,full,2.0,3.0,2.0,0.82,0.82,0.82,2.0,3.0,0.82,3.0,2.0,3.0,3.2,3.27,0.82,3.41,1.0,1.0,0.0,0.0,0.0,aaaaaaaaaaaaaaaaaaaaaaaaaaaaaaaaaaaaaaaaaaaaaaaaaaaaaaaaaaaaaaaa,bbbbbbbbbbbbbbbbbbbbbbbbbbbbbbbbbbbbbbbbbbbbbbbbbbbbbbbbbbbbbbbb,1
2014-02-06T19:31:00.000Z,C0201,SEC:C0201,live_surveillance,full,full,0.0,0.0,0.0,0.12,0.12,0.12,0.0,0.0,0.12,0.0,0.0,0.0,0.18,0.19999999999999998,0.12,0.18,2.0,2.0,0.0,0.0,0.0,aaaaaaaaaaaaaaaaaaaaaaaaaaaaaaaaaaaaaaaaaaaaaaaaaaaaaaaaaaaaaaaa,bbbbbbbbbbbbbbbbbbbbbbbbbbbbbbbbbbbbbbbbbbbbbbbbbbbbbbbbbbbbbbbb,1
2014-02-06T19:31:00.000Z,C0202,SEC:C0202,live_surveillance,full,full,0.0,0.0,0.0,0.12,0.12,0.12,0.0,0.0,0.12,0.0,0.0,0.0,0.18,0.19999999999999998,0.12,0.18,2.0,2.0,0.0,0.0,0.0,aaaaaaaaaaaaaaaaaaaaaaaaaaaaaaaaaaaaaaaaaaaaaaaaaaaaaaaaaaaaaaaa,bbbbbbbbbbbbbbbbbbbbbbbbbbbbbbbbbbbbbbbbbbbbbbbbbbbbbbbbbbbbbbbb,1
2014-02-06T19:31:00.000Z,C0203,SEC:C0203,live_surveillance,full,full,0.0,0.0,0.0,0.12,0.12,0.12,0.0,0.0,0.12,0.0,0.0,0.0,0.18,0.19999999999999998,0.12,0.18,2.0,2.0,0.0,0.0,0.0,aaaaaaaaaaaaaaaaaaaaaaaaaaaaaaaaaaaaaaaaaaaaaaaaaaaaaaaaaaaaaaaa,bbbbbbbbbbbbbbbbbbbbbbbbbbbbbbbbbbbbbbbbbbbbbbbbbbbbbbbbbbbbbbbb,1
2014-02-07T19:32:00.000Z,T10,SEC:T10,live_surveillance,full,full,2.0,3.0,2.0,0.82,0.82,0.82,2.0,3.0,0.82,3.0,2.0,3.0,3.2,3.27,0.82,3.41,1.0,1.0,0.0,0.0,0.0,aaaaaaaaaaaaaaaaaaaaaaaaaaaaaaaaaaaaaaaaaaaaaaaaaaaaaaaaaaaaaaaa,bbbbbbbbbbbbbbbbbbbbbbbbbbbbbbbbbbbbbbbbbbbbbbbbbbbbbbbbbbbbbbbb,1
2014-02-07T19:32:00.000Z,C0211,SEC:C0211,live_surveillance,full,full,0.0,0.0,0.0,0.12,0.12,0.12,0.0,0.0,0.12,0.0,0.0,0.0,0.18,0.19999999999999998,0.12,0.18,2.0,2.0,0.0,0.0,0.0,aaaaaaaaaaaaaaaaaaaaaaaaaaaaaaaaaaaaaaaaaaaaaaaaaaaaaaaaaaaaaaaa,bbbbbbbbbbbbbbbbbbbbbbbbbbbbbbbbbbbbbbbbbbbbbbbbbbbbbbbbbbbbbbbb,1
2014-02-07T19:32:00.000Z,C0212,SEC:C0212,live_surveillance,full,full,0.0,0.0,0.0,0.12,0.12,0.12,0.0,0.0,0.12,0.0,0.0,0.0,0.18,0.19999999999999998,0.12,0.18,2.0,2.0,0.0,0.0,0.0,aaaaaaaaaaaaaaaaaaaaaaaaaaaaaaaaaaaaaaaaaaaaaaaaaaaaaaaaaaaaaaaa,bbbbbbbbbbbbbbbbbbbbbbbbbbbbbbbbbbbbbbbbbbbbbbbbbbbbbbbbbbbbbbbb,1
2014-02-07T19:32:00.000Z,C0213,SEC:C0213,live_surveillance,full,full,0.0,0.0,0.0,0.12,0.12,0.12,0.0,0.0,0.12,0.0,0.0,0.0,0.18,0.19999999999999998,0.12,0.18,2.0,2.0,0.0,0.0,0.0,aaaaaaaaaaaaaaaaaaaaaaaaaaaaaaaaaaaaaaaaaaaaaaaaaaaaaaaaaaaaaaaa,bbbbbbbbbbbbbbbbbbbbbbbbbbbbbbbbbbbbbbbbbbbbbbbbbbbbbbbbbbbbbbbb,1
2014-02-08T19:33:00.000Z,T10,SEC:T10,live_surveillance,full,full,2.0,3.0,2.0,0.82,0.82,0.82,2.0,3.0,0.82,3.0,2.0,3.0,3.2,3.27,0.82,3.41,1.0,1.0,0.0,0.0,0.0,aaaaaaaaaaaaaaaaaaaaaaaaaaaaaaaaaaaaaaaaaaaaaaaaaaaaaaaaaaaaaaaa,bbbbbbbbbbbbbbbbbbbbbbbbbbbbbbbbbbbbbbbbbbbbbbbbbbbbbbbbbbbbbbbb,1
2014-02-08T19:33:00.000Z,C0221,SEC:C0221,live_surveillance,full,full,0.0,0.0,0.0,0.12,0.12,0.12,0.0,0.0,0.12,0.0,0.0,0.0,0.18,0.19999999999999998,0.12,0.18,2.0,2.0,0.0,0.0,0.0,aaaaaaaaaaaaaaaaaaaaaaaaaaaaaaaaaaaaaaaaaaaaaaaaaaaaaaaaaaaaaaaa,bbbbbbbbbbbbbbbbbbbbbbbbbbbbbbbbbbbbbbbbbbbbbbbbbbbbbbbbbbbbbbbb,1
2014-02-08T19:33:00.000Z,C0222,SEC:C0222,live_surveillance,full,full,0.0,0.0,0.0,0.12,0.12,0.12,0.0,0.0,0.12,0.0,0.0,0.0,0.18,0.19999999999999998,0.12,0.18,2.0,2.0,0.0,0.0,0.0,aaaaaaaaaaaaaaaaaaaaaaaaaaaaaaaaaaaaaaaaaaaaaaaaaaaaaaaaaaaaaaaa,bbbbbbbbbbbbbbbbbbbbbbbbbbbbbbbbbbbbbbbbbbbbbbbbbbbbbbbbbbbbbbbb,1
2014-02-08T19:33:00.000Z,C0223,SEC:C0223,live_surveillance,full,full,0.0,0.0,0.0,0.12,0.12,0.12,0.0,0.0,0.12,0.0,0.0,0.0,0.18,0.19999999999999998,0.12,0.18,2.0,2.0,0.0,0.0,0.0,aaaaaaaaaaaaaaaaaaaaaaaaaaaaaaaaaaaaaaaaaaaaaaaaaaaaaaaaaaaaaaaa,bbbbbbbbbbbbbbbbbbbbbbbbbbbbbbbbbbbbbbbbbbbbbbbbbbbbbbbbbbbbbbbb,1
2014-02-09T19:34:00.000Z,T11,SEC:T11,live_surveillance,full,full,2.0,3.0,2.0,0.82,0.82,0.82,2.0,3.0,0.82,3.0,2.0,3.0,3.2,3.27,0.82,3.41,1.0,1.0,0.0,0.0,0.0,aaaaaaaaaaaaaaaaaaaaaaaaaaaaaaaaaaaaaaaaaaaaaaaaaaaaaaaaaaaaaaaa,bbbbbbbbbbbbbbbbbbbbbbbbbbbbbbbbbbbbbbbbbbbbbbbbbbbbbbbbbbbbbbbb,1
2014-02-09T19:34:00.000Z,C0231,SEC:C0231,live_surveillance,full,full,0.0,0.0,0.0,0.12,0.12,0.12,0.0,0.0,0.12,0.0,0.0,0.0,0.18,0.19999999999999998,0.12,0.18,2.0,2.0,0.0,0.0,0.0,aaaaaaaaaaaaaaaaaaaaaaaaaaaaaaaaaaaaaaaaaaaaaaaaaaaaaaaaaaaaaaaa,bbbbbbbbbbbbbbbbbbbbbbbbbbbbbbbbbbbbbbbbbbbbbbbbbbbbbbbbbbbbbbbb,1
2014-02-09T19:34:00.000Z,C0232,SEC:C0232,live_surveillance,full,full,0.0,0.0,0.0,0.12,0.12,0.12,0.0,0.0,0.12,0.0,0.0,0.0,0.18,0.19999999999999998,0.12,0.18,2.0,2.0,0.0,0.0,0.0,aaaaaaaaaaaaaaaaaaaaaaaaaaaaaaaaaaaaaaaaaaaaaaaaaaaaaaaaaaaaaaaa,bbbbbbbbbbbbbbbbbbbbbbbbbbbbbbbbbbbbbbbbbbbbbbbbbbbbbbbbbbbbbbbb,1
2014-02-09T19:34:00.000Z,C0233,SEC:C0233,live_surveillance,full,full,0.0,0.0,0.0,0.12,0.12,0.12,0.0,0.0,0.12,0.0,0.0,0.0,0.18,0.19999999999999998,0.12,0.18,2.0,2.0,0.0,0.0,0.0,aaaaaaaaaaaaaaaaaaaaaaaaaaaaaaaaaaaaaaaaaaaaaaaaaaaaaaaaaaaaaaaa,bbbbbbbbbbbbbbbbbbbbbbbbbbbbbbbbbbbbbbbbbbbbbbbbbbbbbbbbbbbbbbbb,1
2014-02-10T19:35:00.000Z,T11,SEC:T11,live_surveillance,full,full,2.0,3.0,2.0,0.82,0.82,0.82,2.0,3.0,0.82,3.0,2.0,3.0,3.2,3.27,0.82,3.41,1.0,1.0,0.0,0.0,0.0,aaaaaaaaaaaaaaaaaaaaaaaaaaaaaaaaaaaaaaaaaaaaaaaaaaaaaaaaaaaaaaaa,bbbbbbbbbbbbbbbbbbbbbbbbbbbbbbbbbbbbbbbbbbbbbbbbbbbbbbbbbbbbbbbb,1
2014-02-10T19:35:00.000Z,C0241,SEC:C0241,live_surveillance,full,full,0.0,0.0,0.0,0.12,0.12,0.12,0.0,0.0,0.12,0.0,0.0,0.0,0.18,0.19999999999999998,0.12,0.18,2.0,2.0,0.0,0.0,0.0,aaaaaaaaaaaaaaaaaaaaaaaaaaaaaaaaaaaaaaaaaaaaaaaaaaaaaaaaaaaaaaaa,bbbbbbbbbbbbbbbbbbbbbbbbbbbbbbbbbbbbbbbbbbbbbbbbbbbbbbbbbbbbbbbb,1
2014-02-10T19:35:00.000Z,C0242,SEC:C0242,live_surveillance,full,full,0.0,0.0,0.0,0.12,0.12,0.12,0.0,0.0,0.12,0.0,0.0,0.0,0.18,0.19999999999999998,0.12,0.18,2.0,2.0,0.0,0.0,0.0,aaaaaaaaaaaaaaaaaaaaaaaaaaaaaaaaaaaaaaaaaaaaaaaaaaaaaaaaaaaaaaaa,bbbbbbbbbbbbbbbbbbbbbbbbbbbbbbbbbbbbbbbbbbbbbbbbbbbbbbbbbbbbbbbb,1
2014-02-10T19:35:00.000Z,C0243,SEC:C0243,live_surveillance,full,full,0.0,0.0,0.0,0.12,0.12,0.12,0.0,0.0,0.12,0.0,0.0,0.0,0.18,0.19999999999999998,0.12,0.18,2.0,2.0,0.0,0.0,0.0,aaaaaaaaaaaaaaaaaaaaaaaaaaaaaaaaaaaaaaaaaaaaaaaaaaaaaaaaaaaaaaaa,bbbbbbbbbbbbbbbbbbbbbbbbbbbbbbbbbbbbbbbbbbbbbbbbbbbbbbbbbbbbbbbb,1
2015-03-10T19:35:00.000Z,T00,SEC:T00,live_surveillance,full,full,2.0,3.0,2.0,0.82,0.82,0.82,2.0,3.0,0.82,3.0,2.0,3.0,3.2,3.27,0.82,3.41,1.0,1.0,0.0,0.0,0.0,aaaaaaaaaaaaaaaaaaaaaaaaaaaaaaaaaaaaaaaaaaaaaaaaaaaaaaaaaaaaaaaa,bbbbbbbbbbbbbbbbbbbbbbbbbbbbbbbbbbbbbbbbbbbbbbbbbbbbbbbbbbbbbbbb,1
2015-03-10T19:35:00.000Z,HC0011,SEC:HC0011,live_surveillance,full,full,0.0,0.0,0.0,0.12,0.12,0.12,0.0,0.0,0.12,0.0,0.0,0.0,0.18,0.19999999999999998,0.12,0.18,2.0,2.0,0.0,0.0,0.0,aaaaaaaaaaaaaaaaaaaaaaaaaaaaaaaaaaaaaaaaaaaaaaaaaaaaaaaaaaaaaaaa,bbbbbbbbbbbbbbbbbbbbbbbbbbbbbbbbbbbbbbbbbbbbbbbbbbbbbbbbbbbbbbbb,1
2015-03-10T19:35:00.000Z,HC0012,SEC:HC0012,live_surveillance,full,full,0.0,0.0,0.0,0.12,0.12,0.12,0.0,0.0,0.12,0.0,0.0,0.0,0.18,0.19999999999999998,0.12,0.18,2.0,2.0,0.0,0.0,0.0,aaaaaaaaaaaaaaaaaaaaaaaaaaaaaaaaaaaaaaaaaaaaaaaaaaaaaaaaaaaaaaaa,bbbbbbbbbbbbbbbbbbbbbbbbbbbbbbbbbbbbbbbbbbbbbbbbbbbbbbbbbbbbbbbb,1
2015-03-10T19:35:00.000Z,HC0013,SEC:HC0013,live_surveillance,full,full,0.0,0.0,0.0,0.12,0.12,0.12,0.0,0.0,0.12,0.0,0.0,0.0,0.18,0.19999999999999998,0.12,0.18,2.0,2.0,0.0,0.0,0.0,aaaaaaaaaaaaaaaaaaaaaaaaaaaaaaaaaaaaaaaaaaaaaaaaaaaaaaaaaaaaaaaa,bbbbbbbbbbbbbbbbbbbbbbbbbbbbbbbbbbbbbbbbbbbbbbbbbbbbbbbbbbbbbbbb,1
2015-03-11T19:36:00.000Z,T01,SEC:T01,live_surveillance,full,full,2.0,3.0,2.0,0.82,0.82,0.82,2.0,3.0,0.82,3.0,2.0,3.0,3.2,3.27,0.82,3.41,1.0,1.0,0.0,0.0,0.0,aaaaaaaaaaaaaaaaaaaaaaaaaaaaaaaaaaaaaaaaaaaaaaaaaaaaaaaaaaaaaaaa,bbbbbbbbbbbbbbbbbbbbbbbbbbbbbbbbbbbbbbbbbbbbbbbbbbbbbbbbbbbbbbbb,1
2015-03-11T19:36:00.000Z,HC0021,SEC:HC0021,live_surveillance,full,full,0.0,0.0,0.0,0.12,0.12,0.12,0.0,0.0,0.12,0.0,0.0,0.0,0.18,0.19999999999999998,0.12,0.18,2.0,2.0,0.0,0.0,0.0,aaaaaaaaaaaaaaaaaaaaaaaaaaaaaaaaaaaaaaaaaaaaaaaaaaaaaaaaaaaaaaaa,bbbbbbbbbbbbbbbbbbbbbbbbbbbbbbbbbbbbbbbbbbbbbbbbbbbbbbbbbbbbbbbb,1
2015-03-11T19:36:00.000Z,HC0022,SEC:HC0022,live_surveillance,full,full,0.0,0.0,0.0,0.12,0.12,0.12,0.0,0.0,0.12,0.0,0.0,0.0,0.18,0.19999999999999998,0.12,0.18,2.0,2.0,0.0,0.0,0.0,aaaaaaaaaaaaaaaaaaaaaaaaaaaaaaaaaaaaaaaaaaaaaaaaaaaaaaaaaaaaaaaa,bbbbbbbbbbbbbbbbbbbbbbbbbbbbbbbbbbbbbbbbbbbbbbbbbbbbbbbbbbbbbbbb,1
2015-03-11T19:36:00.000Z,HC0023,SEC:HC0023,live_surveillance,full,full,0.0,0.0,0.0,0.12,0.12,0.12,0.0,0.0,0.12,0.0,0.0,0.0,0.18,0.19999999999999998,0.12,0.18,2.0,2.0,0.0,0.0,0.0,aaaaaaaaaaaaaaaaaaaaaaaaaaaaaaaaaaaaaaaaaaaaaaaaaaaaaaaaaaaaaaaa,bbbbbbbbbbbbbbbbbbbbbbbbbbbbbbbbbbbbbbbbbbbbbbbbbbbbbbbbbbbbbbbb,1
2015-03-12T19:37:00.000Z,T02,SEC:T02,live_surveillance,full,full,2.0,3.0,2.0,0.82,0.82,0.82,2.0,3.0,0.82,3.0,2.0,3.0,3.2,3.27,0.82,3.41,1.0,1.0,0.0,0.0,0.0,aaaaaaaaaaaaaaaaaaaaaaaaaaaaaaaaaaaaaaaaaaaaaaaaaaaaaaaaaaaaaaaa,bbbbbbbbbbbbbbbbbbbbbbbbbbbbbbbbbbbbbbbbbbbbbbbbbbbbbbbbbbbbbbbb,1
2015-03-12T19:37:00.000Z,HC0031,SEC:HC0031,live_surveillance,full,full,0.0,0.0,0.0,0.12,0.12,0.12,0.0,0.0,0.12,0.0,0.0,0.0,0.18,0.19999999999999998,0.12,0.18,2.0,2.0,0.0,0.0,0.0,aaaaaaaaaaaaaaaaaaaaaaaaaaaaaaaaaaaaaaaaaaaaaaaaaaaaaaaaaaaaaaaa,bbbbbbbbbbbbbbbbbbbbbbbbbbbbbbbbbbbbbbbbbbbbbbbbbbbbbbbbbbbbbbbb,1
2015-03-12T19:37:00.000Z,HC0032,SEC:HC0032,live_surveillance,full,full,0.0,0.0,0.0,0.12,0.12,0.12,0.0,0.0,0.12,0.0,0.0,0.0,0.18,0.19999999999999998,0.12,0.18,2.0,2.0,0.0,0.0,0.0,aaaaaaaaaaaaaaaaaaaaaaaaaaaaaaaaaaaaaaaaaaaaaaaaaaaaaaaaaaaaaaaa,bbbbbbbbbbbbbbbbbbbbbbbbbbbbbbbbbbbbbbbbbbbbbbbbbbbbbbbbbbbbbbbb,1
2015-03-12T19:37:00.000Z,HC0033,SEC:HC0033,live_surveillance,full,full,0.0,0.0,0.0,0.12,0.12,0.12,0.0,0.0,0.12,0.0,0.0,0.0,0.18,0.19999999999999998,0.12,0.18,2.0,2.0,0.0,0.0,0.0,aaaaaaaaaaaaaaaaaaaaaaaaaaaaaaaaaaaaaaaaaaaaaaaaaaaaaaaaaaaaaaaa,bbbbbbbbbbbbbbbbbbbbbbbbbbbbbbbbbbbbbbbbbbbbbbbbbbbbbbbbbbbbbbbb,1
2015-03-13T19:38:00.000Z,T03,SEC:T03,live_surveillance,full,full,2.0,3.0,2.0,0.82,0.82,0.82,2.0,3.0,0.82,3.0,2.0,3.0,3.2,3.27,0.82,3.41,1.0,1.0,0.0,0.0,0.0,aaaaaaaaaaaaaaaaaaaaaaaaaaaaaaaaaaaaaaaaaaaaaaaaaaaaaaaaaaaaaaaa,bbbbbbbbbbbbbbbbbbbbbbbbbbbbbbbbbbbbbbbbbbbbbbbbbbbbbbbbbbbbbbbb,1
2015-03-13T19:38:00.000Z,HC0041,SEC:HC0041,live_surveillance,full,full,0.0,0.0,0.0,0.12,0.12,0.12,0.0,0.0,0.12,0.0,0.0,0.0,0.18,0.19999999999999998,0.12,0.18,2.0,2.0,0.0,0.0,0.0,aaaaaaaaaaaaaaaaaaaaaaaaaaaaaaaaaaaaaaaaaaaaaaaaaaaaaaaaaaaaaaaa,bbbbbbbbbbbbbbbbbbbbbbbbbbbbbbbbbbbbbbbbbbbbbbbbbbbbbbbbbbbbbbbb,1
2015-03-13T19:38:00.000Z,HC0042,SEC:HC0042,live_surveillance,full,full,0.0,0.0,0.0,0.12,0.12,0.12,0.0,0.0,0.12,0.0,0.0,0.0,0.18,0.19999999999999998,0.12,0.18,2.0,2.0,0.0,0.0,0.0,aaaaaaaaaaaaaaaaaaaaaaaaaaaaaaaaaaaaaaaaaaaaaaaaaaaaaaaaaaaaaaaa,bbbbbbbbbbbbbbbbbbbbbbbbbbbbbbbbbbbbbbbbbbbbbbbbbbbbbbbbbbbbbbbb,1
2015-03-13T19:38:00.000Z,HC0043,SEC:HC0043,live_surveillance,full,full,0.0,0.0,0.0,0.12,0.12,0.12,0.0,0.0,0.12,0.0,0.0,0.0,0.18,0.19999999999999998,0.12,0.18,2.0,2.0,0.0,0.0,0.0,aaaaaaaaaaaaaaaaaaaaaaaaaaaaaaaaaaaaaaaaaaaaaaaaaaaaaaaaaaaaaaaa,bbbbbbbbbbbbbbbbbbbbbbbbbbbbbbbbbbbbbbbbbbbbbbbbbbbbbbbbbbbbbbbb,1
2015-03-14T19:39:00.000Z,H00,SEC:H00,live_surveillance,full,full,2.0,3.0,2.0,0.82,0.82,0.82,2.0,3.0,0.82,3.0,2.0,3.0,3.2,3.27,0.82,3.41,1.0,1.0,0.0,0.0,0.0,aaaaaaaaaaaaaaaaaaaaaaaaaaaaaaaaaaaaaaaaaaaaaaaaaaaaaaaaaaaaaaaa,bbbbbbbbbbbbbbbbbbbbbbbbbbbbbbbbbbbbbbbbbbbbbbbbbbbbbbbbbbbbbbbb,1
2015-03-14T19:39:00.000Z,HC0051,SEC:HC0051,live_surveillance,full,full,0.0,0.0,0.0,0.12,0.12,0.12,0.0,0.0,0.12,0.0,0.0,0.0,0.18,0.19999999999999998,0.12,0.18,2.0,2.0,0.0,0.0,0.0,aaaaaaaaaaaaaaaaaaaaaaaaaaaaaaaaaaaaaaaaaaaaaaaaaaaaaaaaaaaaaaaa,bbbbbbbbbbbbbbbbbbbbbbbbbbbbbbbbbbbbbbbbbbbbbbbbbbbbbbbbbbbbbbbb,1
2015-03-14T19:39:00.000Z,HC0052,SEC:HC0052,live_surveillance,full,full,0.0,0.0,0.0,0.12,0.12,0.12,0.0,0.0,0.12,0.0,0.0,0.0,0.18,0.19999999999999998,0.12,0.18,2.0,2.0,0.0,0.0,0.0,aaaaaaaaaaaaaaaaaaaaaaaaaaaaaaaaaaaaaaaaaaaaaaaaaaaaaaaaaaaaaaaa,bbbbbbbbbbbbbbbbbbbbbbbbbbbbbbbbbbbbbbbbbbbbbbbbbbbbbbbbbbbbbbbb,1
2015-03-14T19:39:00.000Z,HC0053,SEC:HC0053,live_surveillance,full,full,0.0,0.0,0.0,0.12,0.12,0.12,0.0,0.0,0.12,0.0,0.0,0.0,0.18,0.19999999999999998,0.12,0.18,2.0,2.0,0.0,0.0,0.0,aaaaaaaaaaaaaaaaaaaaaaaaaaaaaaaaaaaaaaaaaaaaaaaaaaaaaaaaaaaaaaaa,bbbbbbbbbbbbbbbbbbbbbbbbbbbbbbbbbbbbbbbbbbbbbbbbbbbbbbbbbbbbbbbb,1
2015-03-15T19:40:00.000Z,H01,SEC:H01,live_surveillance,full,full,2.0,3.0,2.0,0.82,0.82,0.82,2.0,3.0,0.82,3.0,2.0,3.0,3.2,3.27,0.82,3.41,1.0,1.0,0.0,0.0,0.0,aaaaaaaaaaaaaaaaaaaaaaaaaaaaaaaaaaaaaaaaaaaaaaaaaaaaaaaaaaaaaaaa,bbbbbbbbbbbbbbbbbbbbbbbbbbbbbbbbbbbbbbbbbbbbbbbbbbbbbbbbbbbbbbbb,1
2015-03-15T19:40:00.000Z,HC0061,SEC:HC0061,live_surveillance,full,full,0.0,0.0,0.0,0.12,0.12,0.12,0.0,0.0,0.12,0.0,0.0,0.0,0.18,0.19999999999999998,0.12,0.18,2.0,2.0,0.0,0.0,0.0,aaaaaaaaaaaaaaaaaaaaaaaaaaaaaaaaaaaaaaaaaaaaaaaaaaaaaaaaaaaaaaaa,bbbbbbbbbbbbbbbbbbbbbbbbbbbbbbbbbbbbbbbbbbbbbbbbbbbbbbbbbbbbbbbb,1
2015-03-15T19:40:00.000Z,HC0062,SEC:HC0062,live_surveillance,full,full,0.0,0.0,0.0,0.12,0.12,0.12,0.0,0.0,0.12,0.0,0.0,0.0,0.18,0.19999999999999998,0.12,0.18,2.0,2.0,0.0,0.0,0.0,aaaaaaaaaaaaaaaaaaaaaaaaaaaaaaaaaaaaaaaaaaaaaaaaaaaaaaaaaaaaaaaa,bbbbbbbbbbbbbbbbbbbbbbbbbbbbbbbbbbbbbbbbbbbbbbbbbbbbbbbbbbbbbbbb,1
2015-03-15T19:40:00.000Z,HC0063,SEC:HC0063,live_surveillance,full,full,0.0,0.0,0.0,0.12,0.12,0.12,0.0,0.0,0.12,0.0,0.0,0.0,0.18,0.19999999999999998,0.12,0.18,2.0,2.0,0.0,0.0,0.0,aaaaaaaaaaaaaaaaaaaaaaaaaaaaaaaaaaaaaaaaaaaaaaaaaaaaaaaaaaaaaaaa,bbbbbbbbbbbbbbbbbbbbbbbbbbbbbbbbbbbbbbbbbbbbbbbbbbbbbbbbbbbbbbbb,1
2015-03-16T19:41:00.000Z,H02,SEC:H02,live_surveillance,full,full,2.0,3.0,2.0,0.82,0.82,0.82,2.0,3.0,0.82,3.0,2.0,3.0,3.2,3.27,0.82,3.41,1.0,1.0,0.0,0.0,0.0,aaaaaaaaaaaaaaaaaaaaaaaaaaaaaaaaaaaaaaaaaaaaaaaaaaaaaaaaaaaaaaaa,bbbbbbbbbbbbbbbbbbbbbbbbbbbbbbbbbbbbbbbbbbbbbbbbbbbbbbbbbbbbbbbb,1
2015-03-16T19:41:00.000Z,HC0071,SEC:HC0071,live_surveillance,full,full,0.0,0.0,0.0,0.12,0.12,0.12,0.0,0.0,0.12,0.0,0.0,0.0,0.18,0.19999999999999998,0.12,0.18,2.0,2.0,0.0,0.0,0.0,aaaaaaaaaaaaaaaaaaaaaaaaaaaaaaaaaaaaaaaaaaaaaaaaaaaaaaaaaaaaaaaa,bbbbbbbbbbbbbbbbbbbbbbbbbbbbbbbbbbbbbbbbbbbbbbbbbbbbbbbbbbbbbbbb,1
2015-03-16T19:41:00.000Z,HC0072,SEC:HC0072,live_surveillance,full,full,0.0,0.0,0.0,0.12,0.12,0.12,0.0,0.0,0.12,0.0,0.0,0.0,0.18,0.19999999999999998,0.12,0.18,2.0,2.0,0.0,0.0,0.0,aaaaaaaaaaaaaaaaaaaaaaaaaaaaaaaaaaaaaaaaaaaaaaaaaaaaaaaaaaaaaaaa,bbbbbbbbbbbbbbbbbbbbbbbbbbbbbbbbbbbbbbbbbbbbbbbbbbbbbbbbbbbbbbbb,1
2015-03-16T19:41:00.000Z,HC0073,SEC:HC0073,live_surveillance,full,full,0.0,0.0,0.0,0.12,0.12,0.12,0.0,0.0,0.12,0.0,0.0,0.0,0.18,0.19999999999999998,0.12,0.18,2.0,2.0,0.0,0.0,0.0,aaaaaaaaaaaaaaaaaaaaaaaaaaaaaaaaaaaaaaaaaaaaaaaaaaaaaaaaaaaaaaaa,bbbbbbbbbbbbbbbbbbbbbbbbbbbbbbbbbbbbbbbbbbbbbbbbbbbbbbbbbbbbbbbb,1
2015-03-17T19:42:00.000Z,H03,SEC:H03,live_surveillance,full,full,2.0,3.0,2.0,0.82,0.82,0.82,2.0,3.0,0.82,3.0,2.0,3.0,3.2,3.27,0.82,3.41,1.0,1.0,0.0,0.0,0.0,aaaaaaaaaaaaaaaaaaaaaaaaaaaaaaaaaaaaaaaaaaaaaaaaaaaaaaaaaaaaaaaa,bbbbbbbbbbbbbbbbbbbbbbbbbbbbbbbbbbbbbbbbbbbbbbbbbbbbbbbbbbbbbbbb,1
2015-03-17T19:42:00.000Z,HC0081,SEC:HC0081,live_surveillance,full,full,0.0,0.0,0.0,0.12,0.12,0.12,0.0,0.0,0.12,0.0,0.0,0.0,0.18,0.19999999999999998,0.12,0.18,2.0,2.0,0.0,0.0,0.0,aaaaaaaaaaaaaaaaaaaaaaaaaaaaaaaaaaaaaaaaaaaaaaaaaaaaaaaaaaaaaaaa,bbbbbbbbbbbbbbbbbbbbbbbbbbbbbbbbbbbbbbbbbbbbbbbbbbbbbbbbbbbbbbbb,1
2015-03-17T19:42:00.000Z,HC0082,SEC:HC0082,live_surveillance,full,full,0.0,0.0,0.0,0.12,0.12,0.12,0.0,0.0,0.12,0.0,0.0,0.0,0.18,0.19999999999999998,0.12,0.18,2.0,2.0,0.0,0.0,0.0,aaaaaaaaaaaaaaaaaaaaaaaaaaaaaaaaaaaaaaaaaaaaaaaaaaaaaaaaaaaaaaaa,bbbbbbbbbbbbbbbbbbbbbbbbbbbbbbbbbbbbbbbbbbbbbbbbbbbbbbbbbbbbbbbb,1
2015-03-17T19:42:00.000Z,HC0083,SEC:HC0083,live_surveillance,full,full,0.0,0.0,0.0,0.12,0.12,0.12,0.0,0.0,0.12,0.0,0.0,0.0,0.18,0.19999999999999998,0.12,0.18,2.0,2.0,0.0,0.0,0.0,aaaaaaaaaaaaaaaaaaaaaaaaaaaaaaaaaaaaaaaaaaaaaaaaaaaaaaaaaaaaaaaa,bbbbbbbbbbbbbbbbbbbbbbbbbbbbbbbbbbbbbbbbbbbbbbbbbbbbbbbbbbbbbbbb,1
