trade_date,record_kind,historical_symbols,unique_symbol_count,symbol_date_pair_count,route
2011-03-21,option_trade,JNPR;VMW,2,2,candidate_lseg_opra_tick_history
2011-03-22,option_trade,EW;JNPR;VMW,3,3,candidate_lseg_opra_tick_history
2011-03-23,option_trade,EW;JNPR;VMW,3,3,candidate_lseg_opra_tick_history
2011-03-24,option_trade,EW;JNPR;VMW,3,3,candidate_lseg_opra_tick_history
2011-03-25,option_trade,EHTH;EW;JNPR;VMW,4,4,candidate_lseg_opra_tick_history
2011-03-28,option_trade,CNMD;EHTH;EW;JNPR;VMW,5,5,candidate_lseg_opra_tick_history
2011-03-29,option_trade,CNMD;EHTH;EW;JNPR;VMW,5,5,candidate_lseg_opra_tick_history
2011-03-30,option_trade,CNMD;EHTH;EW;JNPR;VMW,5,5,candidate_lseg_opra_tick_history
2011-03-31,option_trade,CNMD;EHTH;EW;JNPR;VMW,5,5,candidate_lseg_opra_tick_history
2011-04-01,option_trade,CNMD;EHTH;EW;JNPR;VMW,5,5,candidate_lseg_opra_tick_history
2011-04-04,option_trade,CNMD;EHTH;EW;JNPR;VMW,5,5,candidate_lseg_opra_tick_history
2011-04-05,option_trade,CNMD;EHTH;EW;JNPR;VMW,5,5,candidate_lseg_opra_tick_history
2011-04-06,option_trade,CNMD;EHTH;EW;JNPR;VMW,5,5,candidate_lseg_opra_tick_history
2011-04-07,option_trade,CNMD;EHTH;EW;JNPR;VMW,5,5,candidate_lseg_opra_tick_history
2011-04-08,option_trade,CNMD;EHTH;EW;JNPR;VMW,5,5,candidate_lseg_opra_tick_history
2011-04-11,option_trade,CNMD;EHTH;EW;JNPR;VMW,5,5,candidate_lseg_opra_tick_history
2011-04-12,option_trade,CNMD;EHTH;EW;JNPR;VMW,5,5,candidate_lseg_opra_tick_history
2011-04-13,option_trade,CNMD;EHTH;EW;JNPR;VMW,5,5,candidate_lseg_opra_tick_history
2011-04-14,option_trade,CNMD;EHTH;EW;JNPR;VMW,5,5,candidate_lseg_opra_tick_history
2011-04-15,option_trade,CNMD;EHTH;EW;JNPR;VMW,5,5,candidate_lseg_opra_tick_history
2011-04-18,option_trade,CNMD;EHTH;EW;JNPR;VMW,5,5,candidate_lseg_opra_tick_history
2011-04-19,option_trade,CNMD;EHTH;EW;JNPR;VMW,5,5,candidate_lseg_opra_tick_history
2011-04-20,option_trade,CNMD;EHTH;EW,3,3,candidate_lseg_opra_tick_history
2011-04-21,option_trade,CNMD;EHTH,2,2,candidate_lseg_opra_tick_history
2011-04-25,option_trade,CNMD;EHTH,2,2,candidate_lseg_opra_tick_history
2011-04-26,option_trade,CNMD;EHTH,2,2,candidate_lseg_opra_tick_history
2011-04-27,option_trade,CNMD,1,1,candidate_lseg_opra_tick_history
2011-06-20,option_trade,CA,1,1,candidate_lseg_opra_tick_history
2011-06-21,option_trade,CA,1,1,candidate_lseg_opra_tick_history
2011-06-22,option_trade,CA,1,1,candidate_lseg_opra_tick_history
2011-06-23,option_trade,CA,1,1,candidate_lseg_opra_tick_history
2011-06-24,option_trade,CA;TPX,2,2,candidate_lseg_opra_tick_history
2011-06-27,option_trade,BWA;CA;GT;TPX,4,4,candidate_lseg_opra_tick_history
2011-06-28,option_trade,BWA;CA;GT;TPX,4,4,candidate_lseg_opra_tick_history
2011-06-29,option_trade,BWA;CA;GT;TPX,4,4,candidate_lseg_opra_tick_history
2011-06-30,option_trade,BWA;CA;GT;TPX,4,4,candidate_lseg_opra_tick_history
2011-07-01,option_trade,BWA;CA;GT;TPX,4,4,candidate_lseg_opra_tick_history
2011-07-05,option_trade,BWA;CA;DNDN;GT;TPX,5,5,candidate_lseg_opra_tick_history
2011-07-06,option_trade,BWA;CA;DNDN;GT;TPX,5,5,candidate_lseg_opra_tick_history
2011-07-07,option_trade,BWA;CA;DNDN;GT;TPX,5,5,candidate_lseg_opra_tick_history
2011-07-08,option_trade,BWA;CA;DNDN;GT;TPX,5,5,candidate_lseg_opra_tick_history
2011-07-11,option_trade,BWA;CA;DNDN;GT;TPX,5,5,candidate_lseg_opra_tick_history
2011-07-12,option_trade,BWA;CA;DNDN;GT;TPX,5,5,candidate_lseg_opra_tick_history
2011-07-13,option_trade,BWA;CA;DNDN;GT;TPX,5,5,candidate_lseg_opra_tick_history
2011-07-14,option_trade,BWA;CA;DNDN;GT;TPX,5,5,candidate_lseg_opra_tick_history
2011-07-15,option_trade,BWA;CA;DNDN;GT;TPX,5,5,candidate_lseg_opra_tick_history
2011-07-18,option_trade,BWA;CA;DNDN;GT;TPX,5,5,candidate_lseg_opra_tick_history
2011-07-19,option_trade,BWA;CA;DNDN;GT;TPX,5,5,candidate_lseg_opra_tick_history
2011-07-20,option_trade,BWA;CA;DNDN;FL;GT;TPX,6,6,candidate_lseg_opra_tick_history
2011-07-21,option_trade,BWA;DNDN;FL;GT;TPX,5,5,candidate_lseg_opra_tick_history
2011-07-22,option_trade,BWA;DNDN;FL;GT;TPX,5,5,candidate_lseg_opra_tick_history
2011-07-25,option_trade,BWA;DNDN;FL;GT;TPX,5,5,candidate_lseg_opra_tick_history
2011-07-26,option_trade,BWA;DNDN;FL;GT;TPX,5,5,candidate_lseg_opra_tick_history
2011-07-27,option_trade,BWA;DNDN;FL;GT,4,4,candidate_lseg_opra_tick_history
2011-07-28,option_trade,DNDN;FL,2,2,candidate_lseg_opra_tick_history
2011-07-29,option_trade,DNDN;FL,2,2,candidate_lseg_opra_tick_history
2011-08-01,option_trade,DNDN;FL,2,2,candidate_lseg_opra_tick_history
2011-08-02,option_trade,DNDN;FL,2,2,candidate_lseg_opra_tick_history
2011-08-03,option_trade,DNDN;FL,2,2,candidate_lseg_opra_tick_history
2011-08-04,option_trade,FL,1,1,candidate_lseg_opra_tick_history
2011-08-05,option_trade,FL,1,1,candidate_lseg_opra_tick_history
2011-08-08,option_trade,FL,1,1,candidate_lseg_opra_tick_history
2011-08-09,option_trade,FL,1,1,candidate_lseg_opra_tick_history
2011-08-10,option_trade,FL,1,1,candidate_lseg_opra_tick_history
2011-08-11,option_trade,FL,1,1,candidate_lseg_opra_tick_history
2011-08-12,option_trade,FL,1,1,candidate_lseg_opra_tick_history
2011-08-15,option_trade,FL,1,1,candidate_lseg_opra_tick_history
2011-08-16,option_trade,FL,1,1,candidate_lseg_opra_tick_history
2011-08-17,option_trade,FL,1,1,candidate_lseg_opra_tick_history
2011-08-18,option_trade,FL,1,1,candidate_lseg_opra_tick_history
2011-09-21,option_trade,MUSA,1,1,candidate_lseg_opra_tick_history
2011-09-22,option_trade,LSTR;MUSA,2,2,candidate_lseg_opra_tick_history
2011-09-23,option_trade,LSTR;MUSA,2,2,candidate_lseg_opra_tick_history
2011-09-26,option_trade,LSTR;MUSA,2,2,candidate_lseg_opra_tick_history
2011-09-27,option_trade,LSTR;MUSA;VDSI,3,3,candidate_lseg_opra_tick_history
2011-09-28,option_trade,AGP;LSTR;MUSA;VDSI,4,4,candidate_lseg_opra_tick_history
2011-09-29,option_trade,AGP;LSTR;MUSA;VDSI,4,4,candidate_lseg_opra_tick_history
2011-09-30,option_trade,AGP;LSTR;MUSA;VDSI,4,4,candidate_lseg_opra_tick_history
2011-10-03,option_trade,AGP;LSTR;MUSA;VDSI,4,4,candidate_lseg_opra_tick_history
2011-10-04,option_trade,AGP;LSTR;MUSA;VDSI,4,4,candidate_lseg_opra_tick_history
2011-10-05,option_trade,AGP;LSTR;MUSA;VDSI,4,4,candidate_lseg_opra_tick_history
2011-10-06,option_trade,AGP;LSTR;MUSA;VDSI,4,4,candidate_lseg_opra_tick_history
2011-10-07,option_trade,AGP;LSTR;MUSA;VDSI,4,4,candidate_lseg_opra_tick_history
2011-10-10,option_trade,AGP;LSTR;MUSA;VDSI,4,4,candidate_lseg_opra_tick_history
2011-10-11,option_trade,AGP;LSTR;MUSA;VDSI,4,4,candidate_lseg_opra_tick_history
2011-10-12,option_trade,AGP;LSTR;MUSA;VDSI,4,4,candidate_lseg_opra_tick_history
2011-10-13,option_trade,AGP;LSTR;MUSA;VDSI,4,4,candidate_lseg_opra_tick_history
2011-10-14,option_trade,AGP;LSTR;MUSA;VDSI,4,4,candidate_lseg_opra_tick_history
2011-10-17,option_trade,AGP;LSTR;MUSA;VDSI,4,4,candidate_lseg_opra_tick_history
2011-10-18,option_trade,AGP;LSTR;MUSA;VDSI,4,4,candidate_lseg_opra_tick_history
2011-10-19,option_trade,AGP;LSTR;MUSA;VDSI,4,4,candidate_lseg_opra_tick_history
2011-10-20,option_trade,AGP;LSTR;MUSA;VDSI,4,4,candidate_lseg_opra_tick_history
2011-10-21,option_trade,AGP;LSTR;VDSI,3,3,candidate_lseg_opra_tick_history
2011-10-24,option_trade,AGP;VDSI,2,2,candidate_lseg_opra_tick_history
2011-10-25,option_trade,AGP;VDSI,2,2,candidate_lseg_opra_tick_history
2011-10-26,option_trade,AGP;VDSI,2,2,candidate_lseg_opra_tick_history
2011-10-27,option_trade,AGP,1,1,candidate_lseg_opra_tick_history
2011-12-20,option_trade,IGT;MDP,2,2,candidate_lseg_opra_tick_history
2011-12-21,option_trade,BA;CA;IBKC;IGT;MDP;RES;ROL;WRLD,8,8,candidate_lseg_opra_tick_history
2011-12-22,option_trade,AF;BA;CA;CAT;DEST;IBKC;IGT;ISSI;MDP;NVR;RES;ROL;SYMM;VAR;WRLD,15,15,candidate_lseg_opra_tick_history
2011-12-23,option_trade,AF;BA;CA;CAT;CB;DEST;HON;IBKC;IDXX;IGT;ISSI;MDP;MSCC;MUSA;MXIM;NVR;RES;ROL;SYMM;VAR;WRLD,21,21,candidate_lseg_opra_tick_history
2011-12-27,option_trade,AF;BA;CA;CAT;CB;DEST;HAE;HON;IBKC;IDXX;IGT;ISSI;MDP;MSCC;MUSA;MXIM;NVR;RES;ROL;SYMM;VAR;WRLD,22,22,candidate_lseg_opra_tick_history
2011-12-28,option_trade,AF;BA;CA;CAT;CB;DEST;HAE;HON;IBKC;IDXX;IGT;ISSI;MDP;MSCC;MUSA;MXIM;NVR;RES;ROL;SYMM;VAR;WRLD,22,22,candidate_lseg_opra_tick_history
2011-12-29,option_trade,AF;BA;CA;CAT;CB;DEST;HAE;HON;IBKC;IDXX;IGT;ISSI;MDP;MSCC;MUSA;MXIM;NVR;RES;ROL;SYMM;VAR;WRLD,22,22,candidate_lseg_opra_tick_history
2011-12-30,option_trade,AF;BA;CA;CAT;CB;DEST;HAE;HON;IBKC;IDXX;IGT;ISSI;MDP;MSCC;MUSA;MXIM;NVR;RES;ROL;SYMM;VAR;WRLD,22,22,candidate_lseg_opra_tick_history
