source_trade_row,event_id,PERMNO,GVKEY,SYMBOL,first_trade_ts,public_announcement_ts,announcement_local_date,text_date,exact_text_date_match,timestamp_confidence,information_asymmetry_seconds,Soft,prior_text_jaccard_distance,text_sha256,outcome_date,stock_open,stock_close,raw_open_close_return,spy_open_close_return,market_adjusted_open_close_return,outcome_status,test_year,published_soft_reference,oos_text_all_prior,oos_text_issuer_duplicate_purged,oos_novelty_only
128,HEJFE-198DE6D99E934F32,87657,133366,EW,2011-04-20 14:29:00,2011-04-20T20:01:00Z,2011-04-20,2011-04-20,True,A-EXACT,5520.0,0.0146937747655657,0.5321888412017167,2caab53862f7557720f93dfa15f3459beaebbe134f974080bddfe3c6162921e5,2011-04-21,14.583333015441895,13.893333435058594,-0.04731425797193822,-8.914244963453832e-05,-0.047225115522303684,ok_market_adjusted,2011,0.0146937747655657,0.002094019879000575,-0.0005605933042820434,0.00274621574947929
160,HEJFE-E4D3EE1A6CB984DB,91498,174389,EHTH,2011-04-26 15:07:00,2011-04-26T20:15:00Z,2011-04-26,2011-04-26,True,A-EXACT,4080.0,0.0039978869280533,0.4575163398692811,6173c564bcca077f82c44501de28b465bb8c26b50189bad8738d4e6c89c37f2d,2011-04-27,13.640000343322754,13.25,-0.02859239981717976,0.004592422502870175,-0.033184822320049934,ok_market_adjusted,2011,0.0039978869280533,0.002094019879000575,0.0050766146434191965,0.0024185660155963233
3,HEJFE-A413A5AC6E515E3C,11547,13623,CNMD,2011-04-27 15:22:00,2011-04-28T11:00:00Z,2011-04-28,2011-04-28,True,A-EXACT,56280.0,0.0146434925289079,0.5325670498084292,3f54947344e209f1445cb2cd3c65db05155281a3f6586cb7be77cf5b36c261c7,2011-04-29,28.809999465942383,28.079999923706055,-0.025338408738927343,0.0020147161878065756,-0.027353124926733918,ok_market_adjusted,2011,0.0146434925289079,0.002094019879000575,0.00529580151196878,0.0027478752619789436
23,HEJFE-B704E62641681A73,16432,5234,GT,2011-07-27 15:59:00,2011-07-28T12:00:00Z,2011-07-28,2011-07-28,True,A-EXACT,57660.0,0.0106035016635645,0.3807106598984772,497528fa5824ea3c0ca149d4ec8e50a7df9ae50ea6b55524260f134b653edb66,2011-07-29,15.720000267028809,16.170000076293945,0.028625941578955816,0.0032222426809058735,0.025403698898049942,ok_market_adjusted,2011,0.0106035016635645,0.002094019879000575,0.0009665198933653265,0.0020815562709903387
100,HEJFE-5CB3223BB28A6F14,79545,28742,BWA,2011-07-27 10:59:00,2011-07-28T12:00:00Z,2011-07-28,2011-07-28,True,A-EXACT,75660.0,0.0296722681053993,0.570754716981132,9c4c2ce6f01b7e4d064acc60b1e80beb01138ffa69ed42e9ebc1c7566d848309,2011-07-29,34.63028335571289,35.04401397705078,0.011947075832102305,0.0032222426809058735,0.008724833151196432,ok_market_adjusted,2011,0.0296722681053993,0.002094019879000575,0.002884745957923365,0.002915435994021978
96,HEJFE-AA2597B95CFD2A2D,78981,21440,LSTR,2011-10-21 15:48:00,2011-10-24T11:50:00Z,2011-10-24,2011-10-24,True,A-EXACT,230520.0,-0.0005533302124319,0.3457446808510638,2f93527ee7bb01fd7135d4c9c98fb67a284a61309f16025fbd7270533005d176,2011-10-25,44.40999984741211,44.45000076293945,0.0009007186594187644,-0.014747589336358446,0.01564830799577721,ok_market_adjusted,2011,-0.0005533302124319,0.002094019879000575,0.00014422817155520422,0.0019281317368524155
26,HEJFE-45E6DA32B37F83D4,19561,2285,BA,2012-01-24 15:19:00,2012-01-25T12:30:00Z,2012-01-25,2012-01-25,True,A-EXACT,58260.0,0.0120218173786037,0.5159817351598174,8f064f0b8a14ca891203b88903e035e27abb30a428d7f793039baad210a69fd9,2012-01-26,75.83999633789062,75.30999755859375,-0.0069883808661536095,-0.009516256938937317,0.002527876072783708,ok_market_adjusted,2012,0.0120218173786037,0.004683020677163243,0.001408259853018286,0.0013494764248153707
88,HEJFE-DA7595FDF91D8CBC,77114,24725,WRLD,2012-01-24 15:53:00,2012-01-25T11:30:00Z,2012-01-25,2012-01-25,True,A-EXACT,52620.0,0.007813932645961,0.2513661202185792,7c2c41845ee9cc19a0e16d0ee75720c0bdd7dbab5438437722c3860bf205593f,2012-01-26,66.19000244140625,64.5,-0.025532593731240616,-0.009516256938937317,-0.0160163367923033,ok_market_adjusted,2012,0.007813932645961,0.0047301941035577215,0.001408259853018286,0.0015788585348387243
24,HEJFE-95933AA0B84D2F60,18542,2817,CAT,2012-01-25 14:35:00,2012-01-26T12:30:00Z,2012-01-26,2012-01-26,True,A-EXACT,60900.0,0.0347990399642427,0.6829268292682926,8705bd0a0ab7d2273f4d068e5c59c38696863668feb04c378ff01942bd33e5c3,2012-01-27,110.52999877929688,111.27999877929688,0.0067854881777169584,0.004380475594493172,0.0024050125832237867,ok_market_adjusted,2012,0.0347990399642427,0.0013287778562629715,0.001408259853018286,0.001204760029476595
66,HEJFE-76DCF0FCA248E814,59192,3024,CB,2012-01-26 12:17:00,2012-01-26T21:03:00Z,2012-01-26,2012-01-26,True,B-EXACT,13560.0,0.0077813386749311,0.4216867469879518,21c9fb3b9cd14a093f5f710d0be812243625414800177d3af911a78d9a42e61f,2012-01-27,70.72000122070312,69.45999908447266,-0.017816771980790125,0.004380475594493172,-0.022197247575283297,ok_market_adjusted,2012,0.0077813386749311,0.000788608162776504,0.001408259853018286,0.0014312160581937444
102,HEJFE-56483839E5F0E88F,79785,12459,NVR,2012-01-25 15:56:00,2012-01-26T13:50:00Z,2012-01-26,2012-01-26,True,A-EXACT,60840.0,-0.0042865022040602,0.3018867924528302,fb85428e21c805c44766772606af53049c33f216e1f6b91e643a16d729e722f3,2012-01-27,700.280029296875,698.260009765625,-0.0028845882314796345,0.004380475594493172,-0.007265063825972806,ok_market_adjusted,2012,-0.0042865022040602,0.002599091019263965,0.001408259853018286,0.0015350646778531335
1,HEJFE-8D40B9782E1E6F33,10145,1300,HON,2012-01-26 15:53:00,2012-01-27T12:30:00Z,2012-01-27,2012-01-27,True,B-EXACT,56220.0,0.0048447323598263,0.6262626262626263,2488e1b90b3c9dc3a94140a4bb9c1844882370048aacc01bcbfda57d402e6744,2012-01-30,54.610809326171875,54.82755661010742,0.003968944731087776,0.006562387630348887,-0.0025934428992611114,ok_market_adjusted,2012,0.0048447323598263,0.0022757556234250286,0.001408259853018286,0.0012538794076021745
86,HEJFE-99CCB9D9BECE4E72,76709,24197,IDXX,2012-01-26 13:47:00,2012-01-27T12:00:00Z,2012-01-27,2012-01-27,True,A-EXACT,61980.0,0.0053008102432851,0.4352941176470588,7ebfe8c80a0d21e415384b95c46d0fb88b384ff4460c9c4524df63d39df2d9e4,2012-01-30,41.625,42.345001220703125,0.017297326623498588,0.006562387630348887,0.0107349389931497,ok_market_adjusted,2012,0.0053008102432851,0.0021021337129965073,0.001408259853018286,0.0014194205056359372
87,HEJFE-13FC93F4D143B268,76837,24021,HAE,2012-01-27 15:55:00,2012-01-30T13:00:00Z,2012-01-30,2012-01-30,True,A-EXACT,230700.0,-0.011005356879353,0.6124031007751938,ddb21a974c98ecd328bd2eaf2449744a6ae209f1fa30990589f852c1e0b8a318,2012-01-31,32.52000045776367,32.47999954223633,-0.001230040435555857,-0.005243512264486272,0.004013471828930415,ok_market_adjusted,2012,-0.011005356879353,0.0021014160038044655,0.001408259853018286,0.0012658935406341036
34,HEJFE-76B03970FA6BDB42,24969,11304,AVA,2013-02-19 15:46:00,2013-02-20T12:05:00Z,2013-02-20,2013-02-20,True,A-EXACT,55140.0,-0.0254541684517691,0.55,9c1515d9502926950876575285d1a7431cafc841c068721f9ddd465e34ae0e70,2013-02-21,25.969999313354492,25.969999313354492,0.0,-0.003573600973236002,0.003573600973236002,ok_market_adjusted,2013,-0.0254541684517691,0.0007024939210662233,0.0005416692489586859,0.0008083041369648378
58,HEJFE-D1D8268651584B6A,52090,7146,MKC,2013-04-01 15:38:00,2013-04-02T10:30:00Z,2013-04-02,2013-04-02,True,A-EXACT,53520.0,-0.0017182670522048,0.5924528301886792,8b6e4805ae5f29e23a5281b445377f66746d430c683052ed76e918760c7ae356,2013-04-03,36.23500061035156,35.79999923706055,-0.01200500527014603,-0.010705702425169328,-0.001299302844976702,ok_market_adjusted,2013,-0.0017182670522048,0.0008035196338120015,0.0008072841227672141,0.0006665108421444995
81,HEJFE-B7EFA7CF95262283,75854,16597,LSCC,2013-04-18 14:24:00,2013-04-18T20:00:00Z,2013-04-18,2013-04-18,True,A-EXACT,5760.0,0.0020462782979334,0.507537688442211,3c9729a6035cd598cd33ecd831787629c943c4d4c22ec7f3396f8d18fc354dda,2013-04-19,5.150000095367432,4.800000190734863,-0.06796114527209485,0.0063609467455623125,-0.07432209201765716,ok_market_adjusted,2013,0.0020462782979334,0.0007931562929630646,0.0005546147704952023,0.0009501290997460518
129,HEJFE-ED329F780A1085DA,87657,133366,EW,2013-04-23 13:28:00,2013-04-23T20:01:00Z,2013-04-23,2013-04-23,True,A-EXACT,9180.0,-0.0067513723528088,0.45662100456621,dd40eeb6a82f6d3d11aa778450366e93a1dace16afd8f9c790ec9ab262694d61,2013-04-24,11.091667175292969,10.766667366027832,-0.02930125869527389,0.00028960324355620237,-0.029590861938830093,ok_market_adjusted,2013,-0.0067513723528088,-0.0008159308215428252,-0.0007816429517317078,0.0011201918337502743
56,HEJFE-66BA40A20548B7E3,48486,6565,LRCX,2013-04-24 13:43:00,2013-04-24T20:05:00Z,2013-04-24,2013-04-24,True,A-EXACT,8520.0,0.0013315250235966,0.57847533632287,18233f965b492e58d6c1b200c7ec687141edca61946f4a690a16873460f753bc,2013-04-25,4.400000095367432,4.561999797821045,0.03681811339599195,0.0011547344110853786,0.03566337898490657,ok_market_adjusted,2013,0.0013315250235966,0.008186276588980506,0.00803485448317004,0.0007131959488795665
76,HEJFE-9B43F5B767ECD0FA,75342,14790,MTH,2013-04-23 14:24:00,2013-04-24T12:00:00Z,2013-04-24,2013-04-24,True,A-EXACT,63360.0,0.0248863632230333,,0b2462a7bc16bb7127d9ad838fe3d0aff4bafaf2a2c459d3da4d88600a203d59,2013-04-25,24.520000457763672,24.594999313354492,0.0030586808397499166,0.0011547344110853786,0.001903946428664538,ok_market_adjusted,2013,0.0248863632230333,-0.0023098640566529592,-0.0020949256873514168,0.0009349016629137494
99,HEJFE-8F17F6BEDF631C8B,79507,28704,MCRI,2013-04-25 15:08:00,2013-04-25T20:05:00Z,2013-04-25,2013-04-25,True,B-EXACT,3420.0,0.0009486848322658,0.4260355029585798,0ae0de3444e625d815a2bc0e86c09db29724e93564402668a3e0072cdde7105f,2013-04-26,10.65999984741211,10.899999618530273,0.022514050145735043,-0.0005773672055428003,0.023091417351277843,ok_market_adjusted,2013,0.0009486848322658,-0.003915939402411223,-0.004283855671224979,0.0012223480157387047
112,HEJFE-7CA38C1FDA5EA4D0,83244,62516,CENX,2013-04-25 15:22:00,2013-04-25T20:00:00Z,2013-04-25,2013-04-25,True,B-EXACT,2280.0,-0.018832628279579,0.7295081967213115,48deae119e475de67b1cf26d21274c4c94ca7f2c2f1dfdacaeb1eccd5a8690df,2013-04-26,6.840000152587891,6.739999771118164,-0.014619938485219475,-0.0005773672055428003,-0.014042571279676674,ok_market_adjusted,2013,-0.018832628279579,-0.0001444698061911472,-0.0003019019360741619,0.00020874319963162585
117,HEJFE-1FCAAB3F7CC931CF,85753,66368,VRSN,2013-04-25 14:07:00,2013-04-25T20:05:00Z,2013-04-25,2013-04-25,True,B-EXACT,7080.0,0.0087663812877857,0.7053571428571428,c940eb42679c26748bb11fd2bb889ff12b3d3936f9b9c0a0a5e68be460df805a,2013-04-26,46.25,44.77000045776367,-0.03199999010240706,-0.0005773672055428003,-0.03142262289686426,ok_market_adjusted,2013,0.0087663812877857,0.0016597025260504286,0.001045639758290473,0.00028940819853898094
161,HEJFE-9527526FED86FA7D,91498,174389,EHTH,2013-04-25 15:56:00,2013-04-25T20:15:00Z,2013-04-25,2013-04-25,True,B-EXACT,1140.0,0.0069741693182329,0.392,3646e64f2f5dd07eeb91191429a727d3d457c9a93d40747c0c82ad81355c0e85,2013-04-26,21.0,21.0,0.0,-0.0005773672055428003,0.0005773672055428003,ok_market_adjusted,2013,0.0069741693182329,0.004903538730392915,0.004342911793947933,0.001336027270665066
168,HEJFE-C368B17FADFC15C7,93079,179957,ECHO,2013-04-25 14:14:00,2013-04-25T20:00:00Z,2013-04-25,2013-04-25,True,A-EXACT,6360.0,-0.0032933100997298,0.4674556213017751,873900d0fa56d70b771497b8b766e6dcf6c8e7639795dc48aeaee00d027b8abd,2013-04-26,31.612642288208008,31.70988655090332,0.0030761194147819193,-0.0005773672055428003,0.0036534866203247196,ok_market_adjusted,2013,-0.0032933100997298,0.006128632474204169,0.005534627126702931,0.0010840039989646203
70,HEJFE-2FD552B9358078C6,61516,2220,BIO,2013-05-07 15:55:00,2013-05-07T20:15:00Z,2013-05-07,2013-05-07,True,A-EXACT,1200.0,-0.0100206521338263,0.6451612903225806,c5784ca35e32b3ec021a6c44e214558a244e798a770006baadaca80423006d45,2013-05-08,113.7300033569336,118.37000274658203,0.04079837556221744,0.0056282538342480315,0.035170121727969406,ok_market_adjusted,2013,-0.0100206521338263,0.0007488536251012219,0.0007555936108846139,0.0004904635399016134
7,HEJFE-D7BD84C255F2273D,12049,175503,GORO,2013-05-08 15:58:00,2013-05-08T21:27:00Z,2013-05-08,2013-05-08,True,A-EXACT,5340.0,-0.0049561099025755,0.4915254237288136,3b45a86a361efbe630ed472f1a9e97196de9e77f64b27a8a1b67b9435a2cae24,2013-05-09,5.599999904632568,5.599999904632568,0.0,-0.002379619260918231,0.002379619260918231,ok_market_adjusted,2013,-0.0049561099025755,-0.0017903578686176255,-0.0016649714357657793,0.0010036103814687841
55,HEJFE-5089F8E69B6BC646,47379,6379,KELYA,2013-05-07 15:49:00,2013-05-08T11:30:00Z,2013-05-08,2013-05-08,True,A-EXACT,56460.0,-0.0008127468720195,0.5767918088737201,946c2bf2412e8b303bbf0aa3e7b5d387f1cf81fc7dfbb4470a4f7eb847423aa7,2013-05-09,17.09000015258789,16.809999465942383,-0.016383890236718823,-0.002379619260918231,-0.014004270975800592,ok_market_adjusted,2013,-0.0008127468720195,0.00016871850560447907,-0.000725485489770361,0.0007188189639500458
77,HEJFE-2D6ABDFDE39E5919,75342,14790,MTH,2013-07-23 15:18:00,2013-07-24T11:00:00Z,2013-07-24,2013-07-24,True,A-EXACT,56520.0,0.0224692361318335,0.5175438596491229,b6c9750c519938e2a37e2a5c877e9983182110a55f76e46efda5f8d9299d108b,2013-07-25,22.940000534057617,21.850000381469727,-0.04751526273809947,0.004189472261639349,-0.05170473499973882,ok_market_adjusted,2013,0.0224692361318335,0.0005382412249157163,0.0008254011117549031,0.0009167082894571119
69,HEJFE-B46D4F8F72DD0212,61241,1161,AMD,2013-10-17 14:40:00,2013-10-17T20:15:00Z,2013-10-17,2013-10-17,True,A-EXACT,5700.0,-0.0009936565407081,0.4838709677419355,707676a794059397ab9abbc281d30bc5a2a3f17d9c85eea98e7296e356cf6477,2013-10-18,3.559999942779541,3.5299999713897705,-0.008426958391001382,0.003057905009759221,-0.011484863400760603,ok_market_adjusted,2013,-0.0009936565407081,0.004147819977847257,0.004394492165375718,0.0010291764162799599
137,HEJFE-830337A8564B826E,88860,141384,ALGN,2013-10-17 13:43:00,2013-10-17T20:00:00Z,2013-10-17,2013-10-17,True,A-EXACT,8220.0,0.0034940655365114,0.6413502109704641,a562a45f7fafbc2646ab1d216b2c7730c50b73a5b634699a3f0fa9448eb86ffa,2013-10-18,53.20000076293945,57.97999954223633,0.08984959982607266,0.003057905009759221,0.08679169481631344,ok_market_adjusted,2013,0.0034940655365114,0.007608187809580554,0.007103244991677489,0.0005031926205248997
46,HEJFE-BD3F577ADD90D512,38659,5116,GNTX,2013-10-21 15:21:00,2013-10-22T12:03:00Z,2013-10-22,2013-10-22,True,A-EXACT,60120.0,0.0084642938021195,0.7324840764331211,1861b0a1005d20fd11cbe2de63108aed6bb93578629a42373bdeb19b4d03aaa6,2013-10-23,14.949999809265137,15.234999656677246,0.019063535187169967,-0.0014235796557525715,0.020487114842922538,ok_market_adjusted,2013,0.0084642938021195,0.004346850367615802,0.00388239749843745,0.00019880370237193535
38,HEJFE-7C93D3838E60926C,26201,3358,CMTL,2014-12-10 15:41:00,2014-12-10T21:12:00Z,2014-12-10,2014-12-10,True,A-EXACT,1860.0,-0.0110748486973971,0.4449152542372881,b90ca46ac49efec51ef333179f2647f0e9b7dc93d956e5814857311d2fa0f36d,2014-12-11,34.75,32.720001220703125,-0.05841723105890284,0.0015238924567322343,-0.059941123515635075,ok_market_adjusted,2014,-0.0110748486973971,0.00395944147739576,0.0037747695099686587,0.0013245198633193098
114,HEJFE-00D863517A3A754C,85663,66065,URI,2015-01-21 15:43:00,2015-01-21T21:10:00Z,2015-01-21,2015-01-21,True,B-EXACT,1620.0,0.0195609835606991,0.2444444444444444,e1e2f2bd8b67269bd1e6b9bb3c8ed4e741186fbbdbad13ec48a6a55a4dd72b16,2015-01-22,91.62999725341797,86.02999877929688,-0.06111534041230371,0.010386800108195926,-0.07150214052049964,ok_market_adjusted,2015,0.0195609835606991,0.0014556985081008856,0.0015208956794642728,0.0009548319537327788
52,HEJFE-4DEF5FDB3210E91B,45911,1327,SWKS,2015-01-22 15:41:00,2015-01-22T21:15:00Z,2015-01-22,2015-01-22,True,A-EXACT,2040.0,0.0179034125148226,0.6092307692307692,e86e70f90b6f9a87b48bf4967e69352ddedba5a3678c8718a0627fa52de2269c,2015-01-23,78.41000366210938,80.86000061035156,0.031245974159112455,-0.004021663359965677,0.03526763751907813,ok_market_adjusted,2015,0.0179034125148226,0.0016072371380111772,0.0014095191923446315,0.0010688601397950705
91,HEJFE-A9DB7C5F6FD1D978,77702,25434,SBUX,2015-01-22 13:22:00,2015-01-22T21:03:00Z,2015-01-22,2015-01-22,True,B-EXACT,9660.0,0.0122487195228518,0.5776892430278884,6fff7f3842780ed330343b302e6d38bb3b8bc1fa34069b89568ed0b7d5be56f5,2015-01-23,43.25,44.11000061035156,0.019884407175758678,-0.004021663359965677,0.023906070535724355,ok_market_adjusted,2015,0.0122487195228518,0.001805644112999362,0.0021642866477645925,0.001059000606215632
74,HEJFE-EC5EB2BE0D97833F,72726,10035,STT,2015-01-22 15:50:00,2015-01-23T10:52:00Z,2015-01-23,2015-01-23,True,B-EXACT,50520.0,0.0099878364795916,0.5193133047210301,cf5f3822914b48b7c0d1fe104709a6d566cfd70755b68d09e6a9a30981546906,2015-01-26,71.48999786376953,73.27999877929688,0.025038480473007496,0.0036116651393456323,0.021426815333661864,ok_market_adjusted,2015,0.0099878364795916,0.0016059183515548417,0.0018673584702690918,0.001040752931063022
80,HEJFE-0B87675BF7BEDBCA,75828,16721,EA,2015-01-27 15:48:00,2015-01-27T21:35:00Z,2015-01-27,2015-01-27,True,B-EXACT,2820.0,0.0175811154163572,0.4939271255060729,5449136a69e676ed8ebf524b4c16d46c7d8c320e45c724410dce9ce34cefbf66,2015-01-28,51.86000061035156,54.61000061035156,0.05302738078740177,-0.01972759701653881,0.07275497780394058,ok_market_adjusted,2015,0.0175811154163572,0.001206323804513733,0.0012065299120415215,0.0010328174911349232
133,HEJFE-8A11E54A9679E09D,88446,138205,ILMN,2015-01-27 15:11:00,2015-01-27T21:05:00Z,2015-01-27,2015-01-27,True,B-EXACT,3240.0,0.0001708444393288,0.5862068965517242,89e20196dee00a8f88fcc28a14adcef2efd10289a6d3173eb5329e0b048f9a58,2015-01-28,203.05447387695312,192.47080993652344,-0.05212228885359682,-0.01972759701653881,-0.03239469183705801,ok_market_adjusted,2015,0.0001708444393288,0.0033443820271298838,0.002869374447750171,0.0010616631308631747
17,HEJFE-DC66D5F2BDEC7C74,13447,171007,NOW,2015-01-28 13:31:00,2015-01-28T21:05:00Z,2015-01-28,2015-01-28,True,B-EXACT,9240.0,0.0007428207583794,0.4535519125683059,9a0f376830352b62582db87f1a02fd1fc7b4bb84e15db088c403642ac0189644,2015-01-29,14.609999656677246,14.776000022888184,0.011362106099370717,0.008040533098358837,0.0033215730010118794,ok_market_adjusted,2015,0.0007428207583794,0.0028216976090497093,0.0032828616093095266,0.001020196644408092
57,HEJFE-334BAA0D940A418A,51369,10453,TER,2015-01-28 15:49:00,2015-01-28T22:32:00Z,2015-01-28,2015-01-28,True,A-EXACT,6180.0,0.0079567162898885,0.5560165975103735,080c1a89ee284f192528f77374d52427644bf26e79cc0fc0ee27fa32904e453c,2015-01-29,19.239999771118164,18.6200008392334,-0.03222447709253451,0.008040533098358837,-0.04026501019089335,ok_market_adjusted,2015,0.0079567162898885,0.003193031658897775,0.0028256456483716826,0.0010522259760071646
37,HEJFE-E8C5063581BE7EB7,25785,4839,F,2015-01-28 15:59:00,2015-01-29T12:00:00Z,2015-01-29,2015-01-29,True,A-EXACT,54060.0,-0.0035546599997829,0.4814814814814815,357da19ecb7e627c57436bd5945ce69e6231f824c3c59f755698abd2c433562d,2015-01-30,14.75,14.710000038146973,-0.0027118618205442813,-0.005611795774647765,0.002899933954103484,ok_market_adjusted,2015,-0.0035546599997829,0.0006212679048165665,0.00039453463394184497,0.0010289271199338307
31,HEJFE-6101FFEDBA6EE41B,23835,6867,MDU,2015-02-02 14:47:00,2015-02-02T22:30:00Z,2015-02-02,2015-02-02,True,B-EXACT,9780.0,-0.0164959108566546,0.6690140845070423,c538fd98f9dc394092c37301328c5ae4f9e6b24865791e35f7b2eed43c293d06,2015-02-03,8.673382759094238,8.886320114135742,0.02455066967017383,0.009023700804522639,0.015526968865651192,ok_market_adjusted,2015,-0.0164959108566546,0.0009904388649056917,0.0011534535866455312,0.001087547745482418
40,HEJFE-A25F33B630365184,27633,9299,R,2015-02-02 15:43:00,2015-02-03T13:55:00Z,2015-02-03,2015-02-03,True,A-EXACT,61920.0,0.0174614635777316,0.4223300970873787,267ba1419b3973eb5b3064f575bb4db98a0a6832c828973662d3e83150ac6727,2015-02-04,87.61000061035156,88.45999908447266,0.009702071318336003,0.0007035012717138134,0.00899857004662219,ok_market_adjusted,2015,0.0174614635777316,0.002139516752553994,0.002449116844700419,0.0010104370488778947
89,HEJFE-C4D39B22234902F2,77274,24856,GILD,2015-02-03 15:50:00,2015-02-03T21:07:00Z,2015-02-03,2015-02-03,True,A-EXACT,1020.0,-0.0011255835955122,0.5024390243902439,e610c14000e874f18f9987ac2493b7ec7fa1a3bd13abb57668641e8d902c3916,2015-02-04,98.93000030517578,98.43000030517578,-0.0050540786258730375,0.0007035012717138134,-0.005757579897586851,ok_market_adjusted,2015,-0.0011255835955122,0.002891256257055394,0.0033581785125930703,0.001035478216945509
131,HEJFE-947F50EBAFBA54DC,88281,137131,CRL,2015-02-10 15:55:00,2015-02-10T21:30:00Z,2015-02-10,2015-02-10,True,A-EXACT,2100.0,0.0021373831035361,0.5593220338983051,56b8804637618a55c8261986c84dc24d072c834f2e567c03b136d3b8d0e6a402,2015-02-11,72.25,73.13999938964844,0.012318330652573595,0.0015488970784598433,0.010769433574113751,ok_market_adjusted,2015,0.0021373831035361,0.0021747760154234262,0.002704427318025657,0.0010532592190040913
172,HEJFE-E342F6A93B35E012,93246,183736,GNRC,2015-02-10 15:52:00,2015-02-11T11:00:00Z,2015-02-11,2015-02-11,True,A-EXACT,50880.0,0.0109268565943126,0.5307017543859649,9fffe9bc96e8018f6ecf7a0d237acbde3ae2e034dbf0a86a427d21f4d81539de,2015-02-12,49.33000183105469,49.599998474121094,0.0054732745397230165,0.0049365677583737,0.0005367067813493165,ok_market_adjusted,2015,0.0109268565943126,0.0027150397145408976,0.0030907257727640393,0.0010443128349550193
78,HEJFE-FBA59D82CEE8FD00,75654,16188,CGNX,2015-02-12 14:04:00,2015-02-12T21:06:00Z,2015-02-12,2015-02-12,True,A-EXACT,7320.0,0.009612790153157,0.3809523809523809,6eea2faf2a9a701a428522ff16145720e07cd07571dc838681d2f04c48110ffc,2015-02-13,20.489999771118164,20.90999984741211,0.0204978077591762,0.00337802174601487,0.01711978601316133,ok_market_adjusted,2015,0.009612790153157,0.0025955840066480378,0.0020066962309646945,0.0009975028306967774
118,HEJFE-FBFFFD99898188CF,85863,105936,COLM,2015-02-12 14:33:00,2015-02-12T21:00:00Z,2015-02-12,2015-02-12,True,A-EXACT,5220.0,0.0057439204330963,0.7756653992395437,a0ce344d4ae0815aaad915f84f461e5448e6827f295d3de6d854c9f0123534d8,2015-02-13,49.29999923706055,51.5,0.04462476261633763,0.00337802174601487,0.04124674087032276,ok_market_adjusted,2015,0.0057439204330963,0.001523540665311508,0.0014015799964931452,0.0011208857714274127
147,HEJFE-22BF36BABB9D19D7,90178,264265,ALNY,2015-02-12 15:55:00,2015-02-12T21:00:00Z,2015-02-12,2015-02-12,True,A-EXACT,300.0,-0.0210732643189164,0.6476868327402135,f824c4e273443a97899b496c8a5f339f03760d2aa0966803e91da9ab3e29f631,2015-02-13,96.0,95.54000091552734,-0.004791657129923466,0.00337802174601487,-0.008169678875938335,ok_market_adjusted,2015,-0.0210732643189164,-0.00013397689720259808,0.0003255280220487097,0.0010808810815550085
2,HEJFE-D346C6CFDFB6E581,10606,12445,WTS,2015-02-17 14:19:00,2015-02-17T21:30:00Z,2015-02-17,2015-02-17,True,A-EXACT,7860.0,-0.0124418597492135,0.456221198156682,554060d9fb5a4e4bec8b33c79270fd5011956ea0b33ffb572ec4eb7bf8a4edb7,2015-02-18,59.869998931884766,55.40999984741211,-0.0744947246374078,0.0022632770145796233,-0.07675800165198743,ok_market_adjusted,2015,-0.0124418597492135,0.0024458330203773132,0.0033042628620375144,0.001021031033673926
42,HEJFE-7CEFB3FE3D986464,35991,9216,ROG,2015-02-17 15:44:00,2015-02-17T21:01:00Z,2015-02-17,2015-02-17,True,A-EXACT,1020.0,0.0185739979252299,0.5423728813559322,61997b4df1aa6807db7934dbece615fa419f13e6cb4588e8c39b426e346c23c2,2015-02-18,80.58999633789062,80.3499984741211,-0.0029780106052280653,0.0022632770145796233,-0.0052412876198076885,ok_market_adjusted,2015,0.0185739979252299,0.0025016154063770856,0.0026000278042061006,0.0010479611006581474
67,HEJFE-D9C52E6CC595C380,60871,1632,ADI,2015-02-17 14:05:00,2015-02-17T21:05:00Z,2015-02-17,2015-02-17,True,A-EXACT,7200.0,0.0067073943148952,0.4085106382978724,13c7876e32da3d0bb806ba33c7f406648812655aa8240a7046abf4851c8dbf4c,2015-02-18,58.400001525878906,58.380001068115234,-0.00034247358289551943,0.0022632770145796233,-0.0026057505974751427,ok_market_adjusted,2015,0.0067073943148952,0.0015332223775608989,0.0011633652329294576,0.0010061172383174165
45,HEJFE-1783DE88400AF6CC,38156,11506,WMB,2015-02-18 14:54:00,2015-02-18T21:05:00Z,2015-02-18,2015-02-18,True,A-EXACT,4260.0,0.0100236233099959,0.4898989898989899,958df9ace27391026b8535f509c27ce868b1571c714e1d5fb5d971639a82601a,2015-02-19,49.209999084472656,49.40999984741211,0.004064230169891658,0.0026874637719342953,0.001376766397957363,ok_market_adjusted,2015,0.0100236233099959,0.0009699568752575679,0.0009677141925330194,0.0010315583403244929
136,HEJFE-1E37362063697486,88853,4818,FLR,2015-02-17 15:06:00,2015-02-18T13:30:00Z,2015-02-18,2015-02-18,True,A-EXACT,62640.0,-0.0230356207935726,0.5299145299145299,c2ee83649532b86b4ec6e2e51f1272320e2ecfd4c30b925048c1b53359c26e5d,2015-02-19,58.25,59.439998626708984,0.020429160973544747,0.0026874637719342953,0.01774169720161045,ok_market_adjusted,2015,-0.0230356207935726,0.0015358383112306674,0.0018071197840829581,0.0010440667572585648
25,HEJFE-A9D220DE2F7E7FC3,19350,3835,DE,2015-02-19 15:40:00,2015-02-20T12:00:00Z,2015-02-20,2015-02-20,True,A-EXACT,55200.0,-0.003906530301621,0.4878048780487805,c7ca5ef4668a3a809c5b4755bd1ac817fe531717b79134c0b95b10151c4356eb,2015-02-23,92.02999877929688,90.9800033569336,-0.011409273457466229,0.0013078733978550972,-0.012717146855321326,ok_market_adjusted,2015,-0.003906530301621,0.0010778094990929396,0.0008137271845415658,0.001030903744032182
59,HEJFE-0273F1BFCD285E7F,52337,7750,THC,2015-02-23 15:57:00,2015-02-23T21:11:00Z,2015-02-23,2015-02-23,True,A-EXACT,840.0,0.0047740241916157,0.5045454545454545,c58471168e4858f73603f163f153a125aa12ce761d71f9b924c31a29b07cbf43,2015-02-24,45.540000915527344,45.290000915527344,-0.0054896792923594395,0.003240643947313382,-0.008730323239672821,ok_market_adjusted,2015,0.0047740241916157,0.0015990108043829228,0.0016615110367440978,0.0010361366638042455
149,HEJFE-0704950C71CFAFB4,90427,160376,TXRH,2015-02-23 15:24:00,2015-02-23T21:02:00Z,2015-02-23,2015-02-23,True,A-EXACT,2280.0,-0.0009840204172861,0.5092592592592593,8553c7aaffb49b79b01e1d86e4f32ab06060d1c3de9e65f34cacbbc7f4e39ce4,2015-02-24,38.38999938964844,37.65999984741211,-0.0190153569638547,0.003240643947313382,-0.022256000911168083,ok_market_adjusted,2015,-0.0009840204172861,0.007655294067679322,0.005880263564014656,0.0010376101472230163
155,HEJFE-826F68D9DA88B37C,90856,163889,ATRC,2015-02-23 15:58:00,2015-02-23T21:02:00Z,2015-02-23,2015-02-23,True,A-EXACT,240.0,0.0070651631354855,0.5087719298245614,56e94157192109cf580e53ccc16b286cb6274fa6120784100244bd100a9e4f8c,2015-02-24,18.670000076293945,17.690000534057617,-0.05249060194063271,0.003240643947313382,-0.05573124588794609,ok_market_adjusted,2015,0.0070651631354855,0.0029154512743003952,0.0029543095422700024,0.0010374578134109253
157,HEJFE-4D7E68AD113380B3,91032,164422,TRAK,2015-02-23 15:41:00,2015-02-23T21:05:00Z,2015-02-23,2015-02-23,True,A-EXACT,1440.0,0.0090689937760365,0.521505376344086,51f12e09d6db2539c989a541823d8a8db2e939158752bbb1ba1bc74e0ff72eb2,2015-02-24,13.039999961853027,12.930000305175781,-0.008435556518331055,0.003240643947313382,-0.011676200465644437,ok_market_adjusted,2015,0.0090689937760365,0.0017022528629045159,0.001976747523534862,0.0010414381485010446
153,HEJFE-99F31DB35F001A44,90664,162887,DXCM,2015-02-25 15:44:00,2015-02-25T21:01:00Z,2015-02-25,2015-02-25,True,A-EXACT,1020.0,0.0043267338498761,,7c24b7bea6f570e5438f09bbd2e6979cf56cfb804548eb84e49df7d44a033a3f,2015-02-26,15.835000038146973,15.489999771118164,-0.02178719710752719,-0.0006782136894823987,-0.02110898341804479,ok_market_adjusted,2015,0.0043267338498761,0.0023913712156665074,0.0023308458104119327,0.001039221207485718
21,HEJFE-EBC49B9A024181AD,14231,18689,VEEV,2015-03-03 13:31:00,2015-03-03T21:03:00Z,2015-03-03,2015-03-03,True,A-EXACT,9120.0,0.0039747458044057,0.6231884057971014,55e189681148c03e16443e48f076dacee6b71381ffb254bee10b47f5c55cf4f7,2015-03-04,27.700000762939453,25.719999313354492,-0.0714801947671444,-0.0007867407951327454,-0.07069345397201166,ok_market_adjusted,2015,0.0039747458044057,0.003867017430947453,0.004687298363124751,0.0010732231432061985
63,HEJFE-0BAF70D8CC8F1631,57665,7906,NKE,2015-03-19 15:58:00,2015-03-19T20:15:00Z,2015-03-19,2015-03-19,True,A-EXACT,1020.0,0.0035139993522756,0.4067796610169492,a0746bcea4271a370cfd510ee7cd09a4be757a34b31d08c51c55471bf20782ec,2015-03-20,51.314998626708984,50.9900016784668,-0.006333371469156135,0.0033003300330034513,-0.009633701502159586,ok_market_adjusted,2015,0.0035139993522756,0.0005445110028427755,0.00011570487066972317,0.0010055761538905967
20,HEJFE-DF726FADF321F8E3,13936,8551,PVH,2015-03-25 15:18:00,2015-03-25T20:01:00Z,2015-03-25,2015-03-25,True,B-EXACT,2580.0,-0.0011803544588183,0.4708171206225681,6ba07893ef411ced935d6b3610504c83983809233acfd60d776d8bf125ccae2e,2015-03-26,104.66999816894531,104.55999755859375,-0.0010509277947441387,0.0015008576329331724,-0.002551785427677311,ok_market_adjusted,2015,-0.0011803544588183,0.0017860461940890303,0.0020502194709187504,0.0010255935582248825
19,HEJFE-9B84208BA575EAC4,13687,111873,RH,2015-03-26 15:41:00,2015-03-26T20:04:00Z,2015-03-26,2015-03-26,True,A-EXACT,1380.0,0.0024080105441054,0.647887323943662,9e81cf41db7e6254582f28e2132201672b10c3341d1c27b92146a34d3bdafd89,2015-03-27,90.72000122070312,96.91999816894531,0.06834211711658678,0.0029455869751500163,0.06539653014143676,ok_market_adjusted,2015,0.0024080105441054,0.0012254075938755975,0.0014006130278247447,0.0010809437528962768
62,HEJFE-EDF80619CED083CB,56274,3362,CAG,2015-03-25 15:19:00,2015-03-26T11:30:00Z,2015-03-26,2015-03-26,True,B-EXACT,58260.0,0.0085115466637538,0.5303030303030303,fb00f03ef03030e9b5ea825b45a0d9473b365812452baaf10c7c188f39176123,2015-03-27,27.120622634887695,28.607004165649414,0.05480632029626231,0.0029455869751500163,0.051860733321112296,ok_market_adjusted,2015,0.0085115466637538,0.0006384713788735689,0.0008813441442776545,0.0010441881981996723
142,HEJFE-753716A61B8622B0,89301,145049,GME,2015-03-26 15:42:00,2015-03-26T20:29:00Z,2015-03-26,2015-03-26,True,B-EXACT,2820.0,-0.008036491722771,0.585820895522388,34ff03a1d278898a9e00e19780b46d4850a02d44e2932e9ecbaf2b65cb932eb6,2015-03-27,9.417499542236328,9.59000015258789,0.018317028801320134,0.0029455869751500163,0.015371441826170118,ok_market_adjusted,2015,-0.008036491722771,0.00106628468232661,0.00095529951408021,0.001061542471194205
143,HEJFE-238D29A9B584466D,89900,156155,SNX,2015-03-31 15:54:00,2015-03-31T20:03:00Z,2015-03-31,2015-03-31,True,B-EXACT,540.0,-0.004761973781046,0.4137931034482759,324faf16ffb2598ea403ffaca97f68257c5ed7fa7fb616a015ce3b673bd8fb84,2015-04-01,37.029998779296875,36.30500030517578,-0.019578679395648058,-0.0033003300330033403,-0.016278349362644717,ok_market_adjusted,2015,-0.004761973781046,0.0005027928875188038,0.0005735995197706451,0.001007768478723401
18,HEJFE-47A3794D1C360650,13447,171007,NOW,2015-04-16 14:33:00,2015-04-16T20:06:00Z,2015-04-16,2015-04-16,True,A-EXACT,5580.0,-0.0008453175469688,0.5821596244131455,bd755b24b0a902af98af1094830d354bc3d729294e37a411811580fcb703f1b8,2015-04-17,14.949999809265137,14.657999992370605,-0.019531760576583235,-0.004784688995215336,-0.014747071581367899,ok_market_adjusted,2015,-0.0008453175469688,0.0009457447054153796,0.0007428781832065259,0.0010603979981838373
134,HEJFE-45559DD90D876D39,88446,138205,ILMN,2015-04-21 14:48:00,2015-04-21T20:05:00Z,2015-04-21,2015-04-21,True,A-EXACT,4620.0,0.0025618249941555,0.6116504854368932,0b04e06a7300be6b09d4244c8d823ea941bff8e43398c57bb5daef757352056a,2015-04-22,193.36575317382812,184.8638153076172,-0.04396816771668988,0.0029294831554718126,-0.04689765087216169,ok_market_adjusted,2015,0.0025618249941555,0.0016389877479285233,0.0009084265301334913,0.0010696165164216654
92,HEJFE-760E36DA94752F1E,77902,25737,CAKE,2015-04-22 14:22:00,2015-04-22T20:15:00Z,2015-04-22,2015-04-22,True,A-EXACT,6780.0,0.0206650192915709,0.56,5a749f91fbd4bba38bdc82d9c53502f359e2ecdbdb5597a415986b3cf6fbb19c,2015-04-23,53.91999816894531,52.41999816894531,-0.027818992042620505,0.004809451617962424,-0.03262844366058293,ok_market_adjusted,2015,0.0206650192915709,0.0038557188194476267,0.002746612516656942,0.001053471143737929
156,HEJFE-5ED55A2EAC950921,90880,164708,AMP,2015-04-22 15:22:00,2015-04-22T20:05:00Z,2015-04-22,2015-04-22,True,A-EXACT,2580.0,0.0027942009537145,0.3703703703703703,63315d66f3e1b58b32e928cf8dc15a03aeb5a2d247c9c92c68245fd3dfd7d801,2015-04-23,127.26000213623047,127.16999816894531,-0.0007072447412723726,0.004809451617962424,-0.005516696359234796,ok_market_adjusted,2015,0.0027942009537145,4.778476328025317e-05,-0.00011553896255093879,0.0009941950107770876
15,HEJFE-87DDC59E7BB99A84,13284,177966,ALSN,2015-04-27 15:17:00,2015-04-27T20:10:00Z,2015-04-27,2015-04-27,True,A-EXACT,3180.0,-0.0009531031670238,0.3591160220994475,b8b10d27e99bfbec426789ea1fbee4cd8f83e3c054f5e7b06f34238e9c642f4d,2015-04-28,30.81999969482422,30.889999389648438,0.002271242554099606,0.00333646126577003,-0.0010652187116704237,ok_market_adjusted,2015,-0.0009531031670238,0.0009506287479991266,0.0003725524315242206,0.0009906770255033843
145,HEJFE-5408AADD0CBD54E8,89952,157153,CMP,2015-04-27 15:46:00,2015-04-27T20:15:00Z,2015-04-27,2015-04-27,True,A-EXACT,1740.0,0.0003699009276187,0.6026785714285714,395b606705909beed20c7457233b7278362717e13883fbb153cc6501abd4f7c4,2015-04-28,88.66999816894531,91.6500015258789,0.03360779765953881,0.00333646126577003,0.030271336393768777,ok_market_adjusted,2015,0.0003699009276187,-0.001034292081585968,-0.0013033631912359204,0.001066811994951528
13,HEJFE-6F0A7632D9B4FFF6,13105,192255,ACHC,2015-04-28 14:35:00,2015-04-28T20:00:00Z,2015-04-28,2015-04-28,True,B-EXACT,5100.0,0.0083909740966177,0.6254980079681275,3173cb2657512a39e679b357e9a1ac597bba52ab75d4361068be9b285d6d8a2f,2015-04-29,73.5,68.88999938964844,-0.06272109673947701,0.0009399968666770064,-0.06366109360615402,ok_market_adjusted,2015,0.0083909740966177,-0.0007098236346238704,-0.0008406052266764007,0.001073945099398613
30,HEJFE-B5A8A297D14CD19D,23579,10519,TXT,2015-04-27 15:34:00,2015-04-28T10:30:00Z,2015-04-28,2015-04-28,True,A-EXACT,53760.0,0.0027902477944077,0.4438502673796791,7e3e00c00b5c25aabc3c758be6c04b566118e3d697fce18a85c03f79f4d6b990,2015-04-29,44.209999084472656,44.15999984741211,-0.0011309486110825384,0.0009399968666770064,-0.002070945477759545,ok_market_adjusted,2015,0.0027902477944077,0.0004022832306544411,-0.0003691267637610943,0.0010171640170108696
154,HEJFE-CFA461ED8BCCB889,90756,11721,OSK,2015-04-27 15:29:00,2015-04-28T11:00:00Z,2015-04-28,2015-04-28,True,B-EXACT,55860.0,-7.421615888405543e-05,0.5186721991701244,0deecf150ae1e00ce4dc4faf9c2795011fe3bd5714201b62db11020ad85b1a0b,2015-04-29,51.5,54.2599983215332,0.053592200418120406,0.0009399968666770064,0.0526522035514434,ok_market_adjusted,2015,-7.421615888405543e-05,-0.00022988369481278278,-0.0003545106732860061,0.0010405525285312467
28,HEJFE-B9C8B3D0EF3DCB5E,20512,2596,CACI,2015-04-29 14:54:00,2015-04-29T20:05:00Z,2015-04-29,2015-04-29,True,A-EXACT,4260.0,-0.0181657124003888,0.5669014084507042,02eddec0b517a4015ce7f44ea083c44f4f5a42ddcf0dd7bf352aa7806e918e5b,2015-04-30,88.98999786376953,88.23999786376953,-0.00842791345099414,-0.006752512562814061,-0.0016754008881800786,ok_market_adjusted,2015,-0.0181657124003888,0.00112978422158525,0.0009299495398827871,0.0010556284479827352
43,HEJFE-33FC1D00348D7C59,35991,9216,ROG,2015-04-29 15:29:00,2015-04-29T20:01:00Z,2015-04-29,2015-04-29,True,A-EXACT,1920.0,0.006616422660846,0.5590909090909091,abaed33157cedaaec131e2a4a800de94cf2862f390e1c7b17c0d342937acc51f,2015-04-30,82.13999938964844,72.70999908447266,-0.11480399775074968,-0.006752512562814061,-0.10805148518793561,ok_market_adjusted,2015,0.006616422660846,0.0006123159758819742,0.0003295587182488937,0.0010531869719357374
53,HEJFE-9DF82252ED78E41F,46690,2593,CBT,2015-04-29 13:33:00,2015-04-29T20:05:00Z,2015-04-29,2015-04-29,True,B-EXACT,9120.0,-0.0293049462592792,0.4220183486238532,102d8ae2bcc95f0725935b0c925d4113707332ccdc8419aa15ac8c231f71611a,2015-04-30,47.11000061035156,42.7400016784668,-0.09276159786176141,-0.006752512562814061,-0.08600908529894735,ok_market_adjusted,2015,-0.0293049462592792,0.0005098385769713027,0.00015597977590590874,0.0010103395997429132
116,HEJFE-8A0517D50278EAE4,85710,66032,POWI,2015-04-29 15:23:00,2015-04-29T20:03:00Z,2015-04-29,2015-04-29,True,A-EXACT,2400.0,-0.005826764319235,0.5598290598290598,d38c950a22b2930474385e2ffb70b5d56726566ab486bfd24f832a1e7e7a3cc2,2015-04-30,24.895000457763672,24.7450008392334,-0.0060252908524649484,-0.006752512562814061,0.000727221710349113,ok_market_adjusted,2015,-0.005826764319235,0.0009250594036519314,0.00014159480096901799,0.0010534177097238418
33,HEJFE-4291CBF555CED6A9,24459,8606,PBI,2015-04-29 14:47:00,2015-04-30T11:00:00Z,2015-04-30,2015-04-30,True,A-EXACT,58380.0,-0.0159568590318241,0.6008583690987124,1ed8a2cdad80eb154aaa7f8a3711b84d273542468b76c249844d5636cbabbc84,2015-05-01,22.559999465942383,22.829999923706055,0.011968105680643992,0.00634837355718787,0.005619732123456123,ok_market_adjusted,2015,-0.0159568590318241,0.0002813649607503172,3.639307099731698e-05,0.0010662430197574558
119,HEJFE-0BCEF81B6C0111FB,85863,105936,COLM,2015-04-30 15:13:00,2015-04-30T20:00:00Z,2015-04-30,2015-04-30,True,B-EXACT,2820.0,0.0255419553675103,0.6160714285714286,3a34f47fd01b55dffb54fc89c1820e74dbe5b1c98213b473ec368790eeafa565,2015-05-01,61.09000015258789,58.15999984741211,-0.0479620281201073,0.00634837355718787,-0.05431040167729517,ok_market_adjusted,2015,0.0255419553675103,0.0006321279801415959,0.0003955463334458819,0.0010709984545373855
32,HEJFE-977FEBE8CA3CFCB6,23835,6867,MDU,2015-05-04 15:57:00,2015-05-04T21:30:00Z,2015-05-04,2015-05-04,True,B-EXACT,5580.0,0.0007719208491028,0.9107806691449816,47793fc27391854aea73304bfe4d4c7c59ccae709ed512f3580a53c0b1636d4d,2015-05-05,8.361581802368164,7.958522796630859,-0.048203679072200245,-0.010099432557655219,-0.038104246514545026,ok_market_adjusted,2015,0.0007719208491028,0.00119021473324419,0.0010869441952635825,0.0011631213161552988
60,HEJFE-6C4EA140AD75FFE2,52337,7750,THC,2015-05-04 15:48:00,2015-05-04T20:05:00Z,2015-05-04,2015-05-04,True,A-EXACT,1020.0,0.0059525410744724,0.5833333333333333,09e2f013614b25e3b745a7b6ca6ce5a4919582176cf446bca64b8851050b239c,2015-05-05,50.959999084472656,47.88999938964844,-0.06024332319424308,-0.010099432557655219,-0.05014389063658786,ok_market_adjusted,2015,0.0059525410744724,0.0011864451277028933,0.0008904554377569289,0.001060764886660845
79,HEJFE-8EAA8616B1750B40,75654,16188,CGNX,2015-05-04 15:09:00,2015-05-04T20:06:00Z,2015-05-04,2015-05-04,True,A-EXACT,3420.0,-0.008956381071183,0.5335689045936396,0ff25cf87de475f7f85ee66aee6f8f374264f36f81738ea02435b33d23efff5b,2015-05-05,23.93000030517578,22.770000457763672,-0.048474710932670306,-0.010099432557655219,-0.03837527837501509,ok_market_adjusted,2015,-0.008956381071183,-0.0006511223580637669,-0.001270370942657415,0.001045209074520855
93,HEJFE-5B6F87699FF5093E,78170,26013,SM,2015-05-05 15:08:00,2015-05-05T21:30:00Z,2015-05-05,2015-05-05,True,A-EXACT,8520.0,0.0058507116000306,0.6802721088435374,481dcdb74aa3d5517141e3bcc0887af33e8aceaf06523048c2353abee0593495,2015-05-06,59.11000061035156,56.61000061035156,-0.04229402764651957,-0.007234600262123192,-0.03505942738439638,ok_market_adjusted,2015,0.0058507116000306,-0.0002811109817480431,-0.0003431923664687674,0.0010910668798537178
135,HEJFE-3046057647A0FC5C,88504,138483,BRKR,2015-05-06 15:30:00,2015-05-06T20:01:00Z,2015-05-06,2015-05-06,True,B-EXACT,1860.0,-0.0091505595063438,0.5929824561403509,1a7111fcf90c6a162a10f0884965a30743dd9309895a98c74dc7f7055ba8d860,2015-05-07,20.229999542236328,21.229999542236328,0.04943153843934556,0.004544013526365909,0.04488752491297965,ok_market_adjusted,2015,-0.0091505595063438,0.001567714466462573,0.0013354431360644398,0.0010637810961402466
141,HEJFE-A3C5C43F6AC75C44,89258,143356,PRU,2015-05-06 15:47:00,2015-05-06T20:07:00Z,2015-05-06,2015-05-06,True,A-EXACT,1200.0,-0.0081590291240078,0.48,d9622d2755d501dd3cd1c040a2b7017c687e24e387428bd617e7d40e9942efb2,2015-05-07,85.0,85.16999816894531,0.0019999784581801183,0.004544013526365909,-0.0025440350681857904,ok_market_adjusted,2015,-0.0081590291240078,0.00047194024485862644,-9.638717830727137e-05,0.0010284640251450742
64,HEJFE-332D5C6DC3ACE6B1,57809,7921,NDSN,2015-05-19 15:35:00,2015-05-19T20:30:00Z,2015-05-19,2015-05-19,True,B-EXACT,3300.0,0.0054768596492004,0.4663677130044843,e01333c8913c36c3f851d7e0e0097d196fc2bdd7a88cfe65f54fe46766e9476a,2015-05-20,82.19000244140625,82.79000091552734,0.007300139387985016,-0.0012885269559839152,0.008588666343968931,ok_market_adjusted,2015,0.0054768596492004,0.001434573667298054,0.0009723471051035347,0.0010242027224252155
68,HEJFE-09EB83905864C50A,60871,1632,ADI,2015-05-19 15:15:00,2015-05-19T20:00:00Z,2015-05-19,2015-05-19,True,A-EXACT,2700.0,0.0106164194445901,0.1962616822429906,b28740dd87c28c88212e2fa0455c59ae693ac549daf59bd7723c9a1c79d79abf,2015-05-20,64.19999694824219,66.18000030517578,0.03084117525005281,-0.0012885269559839152,0.032129702206036725,ok_market_adjusted,2015,0.0106164194445901,0.0017063920307024154,0.001328929188330923,0.0009397705531264903
98,HEJFE-D6BA56FA6D57427E,79007,27938,SCVL,2015-05-20 15:17:00,2015-05-20T20:05:00Z,2015-05-20,2015-05-20,True,A-EXACT,2880.0,0.000311895260442,0.5514018691588785,5f619241793b843b123f24db37cf1b59bfb9784869516da2910eea351d42c51b,2015-05-21,13.920000076293945,13.925000190734863,0.00035920362166041997,0.003718624109079638,-0.003359420487419218,ok_market_adjusted,2015,0.000311895260442,0.0014508498988588861,0.0014519451562627758,0.0010507834627676688
