source_trade_row,PERMNO,SYMBOL,GVKEY,TimeOfFirstTrade,link_status,date,Hacked,Actual,Soft,text_document_count,text_distinct_content_count,availability_status,preannouncement_eligible,live_model_eligible,canonical_g2_credit,selected_member,selected_sha256,selected_appendix_id,selected_clean400_token_count,selected_text_characters,selected_fitted_word_contribution_no_intercept,selected_replacement_characters,prior_text_date,prior_text_jaccard_distance,appendix_selection,source_label_exception,same_day_unexposed_candidate_count
1,10145,HON,1300,2012-01-26 15:53:00,SOURCE_DATE_HEURISTIC_0_TO_3_DAYS_NOT_CANONICAL_G1,2012-01-27,1,1,0.004844732359826376,1,1,PUBLICATION_TIME_UNVERIFIED,False,False,0,2012/QTR1/10145_20120127_0.txt,2488e1b90b3c9dc3a94140a4bb9c1844882370048aacc01bcbfda57d402e6744,0,400,17241,-0.0017631403594796937,0,2011-10-21,0.6262626262626263,lowest_numeric_id_then_lexicographic_path_exploratory_only,False,9
2,10606,WTS,12445,2015-02-17 14:19:00,SOURCE_DATE_HEURISTIC_0_TO_3_DAYS_NOT_CANONICAL_G1,2015-02-17,1,1,-0.012441859749213564,1,1,PUBLICATION_TIME_UNVERIFIED,False,False,0,2015/QTR1/10606_20150217_0.txt,554060d9fb5a4e4bec8b33c79270fd5011956ea0b33ffb572ec4eb7bf8a4edb7,0,400,20258,-0.019049732468519636,0,2014-10-28,0.45622119815668205,lowest_numeric_id_then_lexicographic_path_exploratory_only,False,16
3,11547,CNMD,13623,2011-04-27 15:22:00,SOURCE_DATE_HEURISTIC_0_TO_3_DAYS_NOT_CANONICAL_G1,2011-04-28,1,1,0.014643492528907962,1,1,PUBLICATION_TIME_UNVERIFIED,False,False,0,2011/QTR2/11547_20110428_0.txt,3f54947344e209f1445cb2cd3c65db05155281a3f6586cb7be77cf5b36c261c7,0,400,12825,0.008035619809601881,0,2011-02-03,0.5325670498084292,lowest_numeric_id_then_lexicographic_path_exploratory_only,False,203
4,11599,ACO,14182,2013-04-25 14:40:00,SOURCE_DATE_HEURISTIC_0_TO_3_DAYS_NOT_CANONICAL_G1,2013-04-26,1,1,-0.012692777814362856,1,1,PUBLICATION_TIME_UNVERIFIED,False,False,0,2013/QTR2/11599_20130426_0.txt,1a653653dfad65a83a1fda683777a086882fb1ad203c289e99b1178c64af47f5,0,400,12994,-0.019300650533668928,0,2013-01-25,0.48571428571428577,lowest_numeric_id_then_lexicographic_path_exploratory_only,False,18
5,11896,MXIM,14256,2012-01-26 11:44:00,SOURCE_DATE_HEURISTIC_0_TO_3_DAYS_NOT_CANONICAL_G1,2012-01-26,1,1,,0,0,PUBLICATION_TIME_UNVERIFIED,False,False,0,,,,,,,,,,,False,54
6,12026,QLIK,184603,2015-02-12 15:39:00,SOURCE_DATE_HEURISTIC_0_TO_3_DAYS_NOT_CANONICAL_G1,2015-02-12,1,1,0.010020848549270609,1,1,PUBLICATION_TIME_UNVERIFIED,False,False,0,2015/QTR1/12026_20150212_0.txt,318f787256e18520b72aea92e7e508ebed06391be5ace7e1ed5971f8e368afc2,0,400,23860,0.003412975829964541,0,2014-10-23,0.6055045871559632,lowest_numeric_id_then_lexicographic_path_exploratory_only,False,34
7,12049,GORO,175503,2013-05-08 15:58:00,SOURCE_DATE_HEURISTIC_0_TO_3_DAYS_NOT_CANONICAL_G1,2013-05-08,1,1,-0.004956109902575551,1,1,PUBLICATION_TIME_UNVERIFIED,False,False,0,2013/QTR2/12049_20130508_0.txt,3b45a86a361efbe630ed472f1a9e97196de9e77f64b27a8a1b67b9435a2cae24,0,400,8833,-0.011563982621881621,0,2012-11-15,0.4915254237288136,lowest_numeric_id_then_lexicographic_path_exploratory_only,False,79
8,12449,FLT,184700,2015-04-30 15:28:00,SOURCE_DATE_HEURISTIC_0_TO_3_DAYS_NOT_CANONICAL_G1,2015-04-30,1,1,0.02888063958339672,1,1,PUBLICATION_TIME_UNVERIFIED,False,False,0,2015/QTR2/12449_20150430_0.txt,1d09906340e7bce14b62eca9a5888fc3acfa7533b9730204f3cfda890488b7c7,0,400,13740,0.02227276686409066,0,2015-02-05,0.5148514851485149,lowest_numeric_id_then_lexicographic_path_exploratory_only,False,95
9,12639,CSOD,185646,2015-05-06 15:29:00,SOURCE_DATE_HEURISTIC_0_TO_3_DAYS_NOT_CANONICAL_G1,2015-05-06,1,1,0.0031865456975661167,1,1,PUBLICATION_TIME_UNVERIFIED,False,False,0,2015/QTR2/12639_20150506_0.txt,6fab3cd18bba9fcb07cacc193e6a62ce9d74a0f2b59bce3d7fa66139e4a55343,0,400,15237,-0.003421327021739953,0,2015-02-11,0.6761363636363636,lowest_numeric_id_then_lexicographic_path_exploratory_only,False,73
10,12758,ECOL,1439,2013-04-24 15:07:00,SOURCE_DATE_HEURISTIC_0_TO_3_DAYS_NOT_CANONICAL_G1,2013-04-25,1,1,,0,0,PUBLICATION_TIME_UNVERIFIED,False,False,0,,,,,,,,,,,False,180
11,12873,P,186520,2015-02-05 15:59:00,SOURCE_DATE_HEURISTIC_0_TO_3_DAYS_NOT_CANONICAL_G1,2015-02-05,1,1,,0,0,PUBLICATION_TIME_UNVERIFIED,False,False,0,,,,,,,,,,,False,42
12,12924,TNGO,184715,2015-02-12 15:10:00,SOURCE_DATE_HEURISTIC_0_TO_3_DAYS_NOT_CANONICAL_G1,2015-02-12,1,1,0.00799971692593945,1,1,PUBLICATION_TIME_UNVERIFIED,False,False,0,2015/QTR1/12924_20150212_0.txt,1d9e581a270ebb13404b2aff0556ef241bc52a704ca9a9f9477ad3feafb48024,0,400,13217,0.0013918442066333803,0,2014-11-05,0.3648648648648649,lowest_numeric_id_then_lexicographic_path_exploratory_only,False,34
13,13105,ACHC,192255,2015-04-28 14:35:00,SOURCE_DATE_HEURISTIC_0_TO_3_DAYS_NOT_CANONICAL_G1,2015-04-28,1,1,0.008390974096617708,1,1,PUBLICATION_TIME_UNVERIFIED,False,False,0,2015/QTR2/13105_20150428_0.txt,3173cb2657512a39e679b357e9a1ac597bba52ab75d4361068be9b285d6d8a2f,0,400,12093,0.0017831013773116355,0,2014-10-29,0.6254980079681275,lowest_numeric_id_then_lexicographic_path_exploratory_only,False,64
14,13110,MFRM,161036,2015-03-19 15:55:00,SOURCE_DATE_HEURISTIC_0_TO_3_DAYS_NOT_CANONICAL_G1,2015-03-19,1,1,0.006157504461370849,1,1,PUBLICATION_TIME_UNVERIFIED,False,False,0,2015/QTR1/13110_20150319_0.txt,2e8fd16d1641f321d2e96a8efe26c01a7cc0a60dc6817a108c690c8494c75b6c,0,400,26908,-0.0004503682579352223,0,2014-12-01,0.5900383141762452,lowest_numeric_id_then_lexicographic_path_exploratory_only,False,5
15,13284,ALSN,177966,2015-04-27 15:17:00,SOURCE_DATE_HEURISTIC_0_TO_3_DAYS_NOT_CANONICAL_G1,2015-04-27,0,0,-0.0009531031670238386,1,1,PUBLICATION_TIME_UNVERIFIED,False,False,0,2015/QTR2/13284_20150427_0.txt,b8b10d27e99bfbec426789ea1fbee4cd8f83e3c054f5e7b06f34238e9c642f4d,0,400,14025,-0.007560975886329911,0,2015-02-09,0.3591160220994475,lowest_numeric_id_then_lexicographic_path_exploratory_only,True,19
16,13377,PFPT,170335,2013-04-25 15:00:00,SOURCE_DATE_HEURISTIC_0_TO_3_DAYS_NOT_CANONICAL_G1,2013-04-25,1,1,0.009913488422424635,1,1,PUBLICATION_TIME_UNVERIFIED,False,False,0,2013/QTR2/13377_20130425_0.txt,b315d5c9c454d158131d02bab6012b04808c5b3f8b6db150c5c53bcf33009690,0,400,19190,0.0033056157031185695,0,,,lowest_numeric_id_then_lexicographic_path_exploratory_only,False,180
17,13447,NOW,171007,2015-01-28 13:31:00,SOURCE_DATE_HEURISTIC_0_TO_3_DAYS_NOT_CANONICAL_G1,2015-01-28,1,1,0.0007428207583794425,1,1,PUBLICATION_TIME_UNVERIFIED,False,False,0,2015/QTR1/13447_20150128_0.txt,9a0f376830352b62582db87f1a02fd1fc7b4bb84e15db088c403642ac0189644,0,400,16925,-0.0058650519609266295,0,2014-10-22,0.45355191256830596,lowest_numeric_id_then_lexicographic_path_exploratory_only,False,43
18,13447,NOW,171007,2015-04-16 14:33:00,SOURCE_DATE_HEURISTIC_0_TO_3_DAYS_NOT_CANONICAL_G1,2015-04-16,1,1,-0.0008453175469688877,1,1,PUBLICATION_TIME_UNVERIFIED,False,False,0,2015/QTR2/13447_20150416_0.txt,bd755b24b0a902af98af1094830d354bc3d729294e37a411811580fcb703f1b8,0,400,15094,-0.0074531902662749614,0,2015-01-28,0.5821596244131455,lowest_numeric_id_then_lexicographic_path_exploratory_only,False,14
19,13687,RH,111873,2015-03-26 15:41:00,SOURCE_DATE_HEURISTIC_0_TO_3_DAYS_NOT_CANONICAL_G1,2015-03-26,1,1,0.002408010544105499,1,1,PUBLICATION_TIME_UNVERIFIED,False,False,0,2015/QTR1/13687_20150326_0.txt,9e81cf41db7e6254582f28e2132201672b10c3341d1c27b92146a34d3bdafd89,0,400,29049,-0.004199862175200574,0,2014-12-10,0.647887323943662,lowest_numeric_id_then_lexicographic_path_exploratory_only,False,3
20,13936,PVH,8551,2015-03-25 15:18:00,SOURCE_DATE_HEURISTIC_0_TO_3_DAYS_NOT_CANONICAL_G1,2015-03-25,1,1,-0.0011803544588183876,1,1,PUBLICATION_TIME_UNVERIFIED,False,False,0,2015/QTR1/13936_20150325_0.txt,6ba07893ef411ced935d6b3610504c83983809233acfd60d776d8bf125ccae2e,0,400,51430,-0.007788227178124459,0,2014-12-03,0.4708171206225681,lowest_numeric_id_then_lexicographic_path_exploratory_only,False,3
21,14231,VEEV,18689,2015-03-03 13:31:00,SOURCE_DATE_HEURISTIC_0_TO_3_DAYS_NOT_CANONICAL_G1,2015-03-03,1,1,0.003974745804405786,1,1,PUBLICATION_TIME_UNVERIFIED,False,False,0,2015/QTR1/14231_20150303_0.txt,55e189681148c03e16443e48f076dacee6b71381ffb254bee10b47f5c55cf4f7,0,400,20457,-0.002633126914900288,0,2014-11-25,0.6231884057971014,lowest_numeric_id_then_lexicographic_path_exploratory_only,False,8
22,15456,FL,11584,2011-08-18 15:43:00,SOURCE_DATE_HEURISTIC_0_TO_3_DAYS_NOT_CANONICAL_G1,2011-08-18,1,1,0.005207228378947911,1,1,PUBLICATION_TIME_UNVERIFIED,False,False,0,2011/QTR3/15456_20110818_0.txt,416fb6b7acebd53ed6e77f4ab834e2d7a6725eaba577283bb03c8483f9777d85,0,400,6580,-0.0014006443403581628,0,2011-05-19,0.4382978723404255,lowest_numeric_id_then_lexicographic_path_exploratory_only,False,15
23,16432,GT,5234,2011-07-27 15:59:00,SOURCE_DATE_HEURISTIC_0_TO_3_DAYS_NOT_CANONICAL_G1,2011-07-28,1,1,0.010603501663564534,1,1,PUBLICATION_TIME_UNVERIFIED,False,False,0,2011/QTR3/16432_20110728_0.txt,497528fa5824ea3c0ca149d4ec8e50a7df9ae50ea6b55524260f134b653edb66,0,400,14317,0.003995628944258458,0,2011-04-29,0.3807106598984772,lowest_numeric_id_then_lexicographic_path_exploratory_only,False,111
24,18542,CAT,2817,2012-01-25 14:35:00,SOURCE_DATE_HEURISTIC_0_TO_3_DAYS_NOT_CANONICAL_G1,2012-01-26,1,1,0.03479903996424272,1,1,PUBLICATION_TIME_UNVERIFIED,False,False,0,2012/QTR1/18542_20120126_0.txt,8705bd0a0ab7d2273f4d068e5c59c38696863668feb04c378ff01942bd33e5c3,0,400,79709,0.028191167244936668,0,2011-10-24,0.6829268292682926,lowest_numeric_id_then_lexicographic_path_exploratory_only,False,54
25,19350,DE,3835,2015-02-19 15:40:00,SOURCE_DATE_HEURISTIC_0_TO_3_DAYS_NOT_CANONICAL_G1,2015-02-20,0,0,-0.0039065303016210026,1,1,PUBLICATION_TIME_UNVERIFIED,False,False,0,2015/QTR1/19350_20150220_0.txt,c7ca5ef4668a3a809c5b4755bd1ac817fe531717b79134c0b95b10151c4356eb,0,400,24527,-0.01051440302092708,0,2014-11-26,0.4878048780487805,lowest_numeric_id_then_lexicographic_path_exploratory_only,True,5
26,19561,BA,2285,2012-01-24 15:19:00,SOURCE_DATE_HEURISTIC_0_TO_3_DAYS_NOT_CANONICAL_G1,2012-01-25,1,1,0.01202181737860371,1,1,PUBLICATION_TIME_UNVERIFIED,False,False,0,2012/QTR1/19561_20120125_0.txt,8f064f0b8a14ca891203b88903e035e27abb30a428d7f793039baad210a69fd9,0,400,22711,0.0054139446592976394,0,2011-10-26,0.5159817351598174,lowest_numeric_id_then_lexicographic_path_exploratory_only,False,41
27,20204,CR,3580,2015-04-27 15:39:00,SOURCE_DATE_HEURISTIC_0_TO_3_DAYS_NOT_CANONICAL_G1,2015-04-27,1,1,-0.002935246475066121,1,1,PUBLICATION_TIME_UNVERIFIED,False,False,0,2015/QTR2/20204_20150427_0.txt,43c870a26d4888a493e3615e223c1cc0aed9b1dcf4dec6d4600b0eeb406ee4bf,0,400,7315,-0.009543119194372193,0,2015-01-26,0.549738219895288,lowest_numeric_id_then_lexicographic_path_exploratory_only,False,20
28,20512,CACI,2596,2015-04-29 14:54:00,SOURCE_DATE_HEURISTIC_0_TO_3_DAYS_NOT_CANONICAL_G1,2015-04-29,1,1,-0.018165712400388848,1,1,PUBLICATION_TIME_UNVERIFIED,False,False,0,2015/QTR2/20512_20150429_0.txt,02eddec0b517a4015ce7f44ea083c44f4f5a42ddcf0dd7bf352aa7806e918e5b,0,400,15448,-0.02477358511969494,0,2015-01-28,0.5669014084507042,lowest_numeric_id_then_lexicographic_path_exploratory_only,False,71
29,20670,CAMP,2615,2013-04-25 15:48:00,SOURCE_DATE_HEURISTIC_0_TO_3_DAYS_NOT_CANONICAL_G1,2013-04-25,1,1,,0,0,PUBLICATION_TIME_UNVERIFIED,False,False,0,,,,,,,,,,,False,180
30,23579,TXT,10519,2015-04-27 15:34:00,SOURCE_DATE_HEURISTIC_0_TO_3_DAYS_NOT_CANONICAL_G1,2015-04-28,1,1,0.002790247794407787,1,1,PUBLICATION_TIME_UNVERIFIED,False,False,0,2015/QTR2/23579_20150428_0.txt,7e3e00c00b5c25aabc3c758be6c04b566118e3d697fce18a85c03f79f4d6b990,0,400,11879,-0.0038176249248982872,0,2015-01-28,0.44385026737967914,lowest_numeric_id_then_lexicographic_path_exploratory_only,False,64
31,23835,MDU,6867,2015-02-02 14:47:00,SOURCE_DATE_HEURISTIC_0_TO_3_DAYS_NOT_CANONICAL_G1,2015-02-02,1,1,-0.016495910856654694,1,1,PUBLICATION_TIME_UNVERIFIED,False,False,0,2015/QTR1/23835_20150202_0.txt,c538fd98f9dc394092c37301328c5ae4f9e6b24865791e35f7b2eed43c293d06,0,400,35930,-0.023103783575960782,0,2014-11-03,0.6690140845070423,lowest_numeric_id_then_lexicographic_path_exploratory_only,False,8
32,23835,MDU,6867,2015-05-04 15:57:00,SOURCE_DATE_HEURISTIC_0_TO_3_DAYS_NOT_CANONICAL_G1,2015-05-04,1,1,0.0007719208491028355,1,1,PUBLICATION_TIME_UNVERIFIED,False,False,0,2015/QTR2/23835_20150504_0.txt,47793fc27391854aea73304bfe4d4c7c59ccae709ed512f3580a53c0b1636d4d,0,197,1648,-0.005835951870203237,0,2015-02-02,0.9107806691449815,lowest_numeric_id_then_lexicographic_path_exploratory_only,False,40
33,24459,PBI,8606,2015-04-29 14:47:00,SOURCE_DATE_HEURISTIC_0_TO_3_DAYS_NOT_CANONICAL_G1,2015-04-30,1,1,-0.01595685903182411,1,1,PUBLICATION_TIME_UNVERIFIED,False,False,0,2015/QTR2/24459_20150430_0.txt,1ed8a2cdad80eb154aaa7f8a3711b84d273542468b76c249844d5636cbabbc84,0,400,18660,-0.022564731751130183,0,2014-07-30,0.6008583690987124,lowest_numeric_id_then_lexicographic_path_exploratory_only,False,95
34,24969,AVA,11304,2013-02-19 15:46:00,SOURCE_DATE_HEURISTIC_0_TO_3_DAYS_NOT_CANONICAL_G1,2013-02-20,1,1,-0.02545416845176912,1,1,PUBLICATION_TIME_UNVERIFIED,False,False,0,2013/QTR1/24969_20130220_0.txt,9c1515d9502926950876575285d1a7431cafc841c068721f9ddd465e34ae0e70,0,400,24945,-0.03206204117107518,0,2012-10-22,0.55,lowest_numeric_id_then_lexicographic_path_exploratory_only,False,28
35,25778,CA,3310,2011-07-20 15:46:00,SOURCE_DATE_HEURISTIC_0_TO_3_DAYS_NOT_CANONICAL_G1,2011-07-20,1,1,0.0014558833698993011,1,1,PUBLICATION_TIME_UNVERIFIED,False,False,0,2011/QTR3/25778_20110720_0.txt,5582810c1d77fbaad598fb2a5b71f21ae8b543e38ddd3504a7ceca7fb4138ae7,0,400,30027,-0.0051519893494067735,0,2011-05-12,0.5854545454545454,lowest_numeric_id_then_lexicographic_path_exploratory_only,False,32
36,25778,CA,3310,2012-01-24 13:32:00,SOURCE_DATE_HEURISTIC_0_TO_3_DAYS_NOT_CANONICAL_G1,2012-01-24,1,1,0.0041117807159959385,1,1,PUBLICATION_TIME_UNVERIFIED,False,False,0,2012/QTR1/25778_20120124_0.txt,5878b54f20f6c1ef5b4e3db3c087b5a1a04f5eef3052eb63229988c4a4b339fc,0,400,33907,-0.0024960920033101374,0,2011-10-26,0.5607843137254902,lowest_numeric_id_then_lexicographic_path_exploratory_only,False,20
37,25785,F,4839,2015-01-28 15:59:00,SOURCE_DATE_HEURISTIC_0_TO_3_DAYS_NOT_CANONICAL_G1,2015-01-29,0,0,-0.003554659999782982,1,1,PUBLICATION_TIME_UNVERIFIED,False,False,0,2015/QTR1/25785_20150129_0.txt,357da19ecb7e627c57436bd5945ce69e6231f824c3c59f755698abd2c433562d,0,400,26185,-0.010162532719089047,0,2014-10-24,0.4814814814814815,lowest_numeric_id_then_lexicographic_path_exploratory_only,True,61
38,26201,CMTL,3358,2014-12-10 15:41:00,SOURCE_DATE_HEURISTIC_0_TO_3_DAYS_NOT_CANONICAL_G1,2014-12-10,0,0,-0.011074848697397192,1,1,PUBLICATION_TIME_UNVERIFIED,False,False,0,2014/QTR4/26201_20141210_0.txt,b90ca46ac49efec51ef333179f2647f0e9b7dc93d956e5814857311d2fa0f36d,0,400,7681,-0.017682721416703264,0,2013-12-09,0.44491525423728817,lowest_numeric_id_then_lexicographic_path_exploratory_only,True,12
39,27043,VAR,11115,2012-01-25 12:46:00,SOURCE_DATE_HEURISTIC_0_TO_3_DAYS_NOT_CANONICAL_G1,2012-01-25,1,1,-0.019400823513427777,1,1,PUBLICATION_TIME_UNVERIFIED,False,False,0,2012/QTR1/27043_20120125_0.txt,2e95addca856d11019137df256de8db9c0fced83036d2d73cfb9825d0ec6f245,0,400,8267,-0.026008696232733844,0,2011-10-27,0.6452991452991452,lowest_numeric_id_then_lexicographic_path_exploratory_only,False,41
40,27633,R,9299,2015-02-02 15:43:00,SOURCE_DATE_HEURISTIC_0_TO_3_DAYS_NOT_CANONICAL_G1,2015-02-03,1,1,0.017461463577731675,1,1,PUBLICATION_TIME_UNVERIFIED,False,False,0,2015/QTR1/27633_20150203_0.txt,267ba1419b3973eb5b3064f575bb4db98a0a6832c828973662d3e83150ac6727,0,400,25915,0.010853590858425601,0,2014-10-22,0.4223300970873787,lowest_numeric_id_then_lexicographic_path_exploratory_only,False,28
41,35051,PLL,8304,2015-02-23 15:03:00,SOURCE_DATE_HEURISTIC_0_TO_3_DAYS_NOT_CANONICAL_G1,2015-02-24,1,1,-0.008772186203715329,1,1,PUBLICATION_TIME_UNVERIFIED,False,False,0,2015/QTR1/35051_20150224_0.txt,08612efdc83f1438cf9db96d4a43294133c61b2bb5dcd3bacff10120db4adbe9,0,400,13458,-0.015380058923021401,0,2014-11-25,0.5521235521235521,lowest_numeric_id_then_lexicographic_path_exploratory_only,False,35
42,35991,ROG,9216,2015-02-17 15:44:00,SOURCE_DATE_HEURISTIC_0_TO_3_DAYS_NOT_CANONICAL_G1,2015-02-17,1,1,0.0185739979252299,1,1,PUBLICATION_TIME_UNVERIFIED,False,False,0,2015/QTR1/35991_20150217_0.txt,61997b4df1aa6807db7934dbece615fa419f13e6cb4588e8c39b426e346c23c2,0,400,13761,0.01196612520592383,0,2014-10-28,0.5423728813559322,lowest_numeric_id_then_lexicographic_path_exploratory_only,False,16
43,35991,ROG,9216,2015-04-29 15:29:00,SOURCE_DATE_HEURISTIC_0_TO_3_DAYS_NOT_CANONICAL_G1,2015-04-29,1,1,0.006616422660846049,1,1,PUBLICATION_TIME_UNVERIFIED,False,False,0,2015/QTR2/35991_20150429_0.txt,abaed33157cedaaec131e2a4a800de94cf2862f390e1c7b17c0d342937acc51f,0,400,12526,8.549941539978635e-06,0,2015-02-17,0.5590909090909091,lowest_numeric_id_then_lexicographic_path_exploratory_only,False,71
44,36003,ROL,9225,2012-01-24 10:14:00,SOURCE_DATE_HEURISTIC_0_TO_3_DAYS_NOT_CANONICAL_G1,2012-01-25,1,1,,0,0,PUBLICATION_TIME_UNVERIFIED,False,False,0,,,,,,,,,,,False,41
45,38156,WMB,11506,2015-02-18 14:54:00,SOURCE_DATE_HEURISTIC_0_TO_3_DAYS_NOT_CANONICAL_G1,2015-02-18,1,1,0.010023623309995922,1,1,PUBLICATION_TIME_UNVERIFIED,False,False,0,2015/QTR1/38156_20150218_0.txt,958df9ace27391026b8535f509c27ce868b1571c714e1d5fb5d971639a82601a,0,400,36182,0.003415750590689851,0,2014-10-29,0.48989898989898994,lowest_numeric_id_then_lexicographic_path_exploratory_only,False,22
46,38659,GNTX,5116,2013-10-21 15:21:00,SOURCE_DATE_HEURISTIC_0_TO_3_DAYS_NOT_CANONICAL_G1,2013-10-22,1,1,0.008464293802119518,1,1,PUBLICATION_TIME_UNVERIFIED,False,False,0,2013/QTR4/38659_20131022_0.txt,1861b0a1005d20fd11cbe2de63108aed6bb93578629a42373bdeb19b4d03aaa6,0,400,7286,0.0018564210828134488,0,2013-07-24,0.7324840764331211,lowest_numeric_id_then_lexicographic_path_exploratory_only,False,69
47,39538,MAT,7116,2015-04-16 14:39:00,SOURCE_DATE_HEURISTIC_0_TO_3_DAYS_NOT_CANONICAL_G1,2015-04-16,1,1,,0,0,PUBLICATION_TIME_UNVERIFIED,False,False,0,,,,,,,,,,,False,14
48,42796,MDP,7260,2012-01-23 14:39:00,SOURCE_DATE_HEURISTIC_0_TO_3_DAYS_NOT_CANONICAL_G1,2012-01-24,1,1,0.0019193816050392864,1,1,PUBLICATION_TIME_UNVERIFIED,False,False,0,2012/QTR1/42796_20120124_0.txt,ad9128a53caaaf00b50de68613cbd1939c14d0f446aaebda8f05b1a53575483b,0,400,19052,-0.004688491114266786,0,2011-10-26,0.6491228070175439,lowest_numeric_id_then_lexicographic_path_exploratory_only,False,20
49,44506,IDTI,6003,2015-02-02 14:24:00,SOURCE_DATE_HEURISTIC_0_TO_3_DAYS_NOT_CANONICAL_G1,2015-02-02,1,1,0.020041395617047826,1,1,PUBLICATION_TIME_UNVERIFIED,False,False,0,2015/QTR1/44506_20150202_0.txt,292ca2e94ad9b631506387ac31e0d9ee70e74a9dde4dfe95335d0d827d48bc9a,0,400,16767,0.013433522897741752,0,2014-10-27,0.6135135135135135,lowest_numeric_id_then_lexicographic_path_exploratory_only,False,8
50,44506,IDTI,6003,2015-05-04 15:40:00,SOURCE_DATE_HEURISTIC_0_TO_3_DAYS_NOT_CANONICAL_G1,2015-05-04,1,1,0.010266793919155451,1,1,PUBLICATION_TIME_UNVERIFIED,False,False,0,2015/QTR2/44506_20150504_0.txt,07b3a8e23fb77839a48d8f8378ddb5846ef5672c72d2be522643352dd3f3f653,0,400,16531,0.0036589211998493765,0,2015-02-02,0.48750000000000004,lowest_numeric_id_then_lexicographic_path_exploratory_only,False,40
51,45277,IGT,6097,2012-01-23 15:31:00,SOURCE_DATE_HEURISTIC_0_TO_3_DAYS_NOT_CANONICAL_G1,2012-01-24,1,1,0.005810145878184444,1,1,PUBLICATION_TIME_UNVERIFIED,False,False,0,2012/QTR1/45277_20120124_0.txt,1a8b32f7f73185449a5907bfa354dfdb560f20c30183683f00c8ad67c35bcff6,0,400,15541,-0.0007977268411216271,0,2011-11-08,0.6117021276595744,lowest_numeric_id_then_lexicographic_path_exploratory_only,False,20
52,45911,SWKS,1327,2015-01-22 15:41:00,SOURCE_DATE_HEURISTIC_0_TO_3_DAYS_NOT_CANONICAL_G1,2015-01-22,1,1,0.01790341251482263,1,1,PUBLICATION_TIME_UNVERIFIED,False,False,0,2015/QTR1/45911_20150122_0.txt,e86e70f90b6f9a87b48bf4967e69352ddedba5a3678c8718a0627fa52de2269c,0,400,19352,0.011295539795516564,0,2014-11-06,0.6092307692307692,lowest_numeric_id_then_lexicographic_path_exploratory_only,False,27
53,46690,CBT,2593,2015-04-29 13:33:00,SOURCE_DATE_HEURISTIC_0_TO_3_DAYS_NOT_CANONICAL_G1,2015-04-29,1,1,-0.029304946259279242,1,1,PUBLICATION_TIME_UNVERIFIED,False,False,0,2015/QTR2/46690_20150429_0.txt,102d8ae2bcc95f0725935b0c925d4113707332ccdc8419aa15ac8c231f71611a,0,400,22641,-0.03591281897858531,0,2015-01-28,0.42201834862385323,lowest_numeric_id_then_lexicographic_path_exploratory_only,False,71
54,46877,BCR,2044,2015-01-29 15:27:00,SOURCE_DATE_HEURISTIC_0_TO_3_DAYS_NOT_CANONICAL_G1,2015-01-29,1,1,-0.0050590966785477795,1,1,PUBLICATION_TIME_UNVERIFIED,False,False,0,2015/QTR1/46877_20150129_0.txt,7bbd140ab46ce5f288a1216bfc088aa18f98c00f3edfbc79375a938959df6980,0,400,14595,-0.011666969397853857,0,2014-10-22,0.24137931034482762,lowest_numeric_id_then_lexicographic_path_exploratory_only,False,62
55,47379,KELYA,6379,2013-05-07 15:49:00,SOURCE_DATE_HEURISTIC_0_TO_3_DAYS_NOT_CANONICAL_G1,2013-05-08,1,1,-0.0008127468720195525,1,1,PUBLICATION_TIME_UNVERIFIED,False,False,0,2013/QTR2/47379_20130508_0.txt,946c2bf2412e8b303bbf0aa3e7b5d387f1cf81fc7dfbb4470a4f7eb847423aa7,0,400,9412,-0.007420619591325618,0,2013-01-31,0.5767918088737201,lowest_numeric_id_then_lexicographic_path_exploratory_only,False,79
56,48486,LRCX,6565,2013-04-24 13:43:00,SOURCE_DATE_HEURISTIC_0_TO_3_DAYS_NOT_CANONICAL_G1,2013-04-24,1,1,0.0013315250235966698,1,1,PUBLICATION_TIME_UNVERIFIED,False,False,0,2013/QTR2/48486_20130424_0.txt,18233f965b492e58d6c1b200c7ec687141edca61946f4a690a16873460f753bc,0,400,12581,-0.0052763476957094005,0,2012-10-17,0.57847533632287,lowest_numeric_id_then_lexicographic_path_exploratory_only,False,128
57,51369,TER,10453,2015-01-28 15:49:00,SOURCE_DATE_HEURISTIC_0_TO_3_DAYS_NOT_CANONICAL_G1,2015-01-28,1,1,0.007956716289888565,1,1,PUBLICATION_TIME_UNVERIFIED,False,False,0,2015/QTR1/51369_20150128_0.txt,080c1a89ee284f192528f77374d52427644bf26e79cc0fc0ee27fa32904e453c,0,400,17791,0.0013488435705824953,0,2014-10-22,0.5560165975103735,lowest_numeric_id_then_lexicographic_path_exploratory_only,False,43
58,52090,MKC,7146,2013-04-01 15:38:00,SOURCE_DATE_HEURISTIC_0_TO_3_DAYS_NOT_CANONICAL_G1,2013-04-02,0,0,-0.0017182670522048228,1,1,PUBLICATION_TIME_UNVERIFIED,False,False,0,2013/QTR2/52090_20130402_0.txt,8b6e4805ae5f29e23a5281b445377f66746d430c683052ed76e918760c7ae356,0,400,12416,-0.008326139771510893,0,2013-01-24,0.5924528301886792,lowest_numeric_id_then_lexicographic_path_exploratory_only,True,3
59,52337,THC,7750,2015-02-23 15:57:00,SOURCE_DATE_HEURISTIC_0_TO_3_DAYS_NOT_CANONICAL_G1,2015-02-23,1,1,0.004774024191615735,1,1,PUBLICATION_TIME_UNVERIFIED,False,False,0,2015/QTR1/52337_20150223_0.txt,c58471168e4858f73603f163f153a125aa12ce761d71f9b924c31a29b07cbf43,0,400,28332,-0.0018338485276903345,0,2014-11-03,0.5045454545454545,lowest_numeric_id_then_lexicographic_path_exploratory_only,False,9
60,52337,THC,7750,2015-05-04 15:48:00,SOURCE_DATE_HEURISTIC_0_TO_3_DAYS_NOT_CANONICAL_G1,2015-05-04,1,1,0.005952541074472469,1,1,PUBLICATION_TIME_UNVERIFIED,False,False,0,2015/QTR2/52337_20150504_0.txt,09e2f013614b25e3b745a7b6ca6ce5a4919582176cf446bca64b8851050b239c,0,400,20939,-0.0006553316448336021,0,2015-02-23,0.5833333333333333,lowest_numeric_id_then_lexicographic_path_exploratory_only,False,40
61,53640,MSCC,7346,2012-01-26 14:51:00,SOURCE_DATE_HEURISTIC_0_TO_3_DAYS_NOT_CANONICAL_G1,2012-01-26,1,1,0.008743116264197475,1,1,PUBLICATION_TIME_UNVERIFIED,False,False,0,2012/QTR1/53640_20120126_0.txt,e760cca3d0f15af2a837d357056d2c6418f1b0e845a3f3e4c48ffc0056f236cc,0,400,19396,0.002135243544891403,0,2011-11-10,0.6839826839826839,lowest_numeric_id_then_lexicographic_path_exploratory_only,False,54
62,56274,CAG,3362,2015-03-25 15:19:00,SOURCE_DATE_HEURISTIC_0_TO_3_DAYS_NOT_CANONICAL_G1,2015-03-26,1,1,0.008511546663753875,1,1,PUBLICATION_TIME_UNVERIFIED,False,False,0,2015/QTR1/56274_20150326_0.txt,fb00f03ef03030e9b5ea825b45a0d9473b365812452baaf10c7c188f39176123,0,400,26467,0.0019036739444477976,0,2014-12-18,0.5303030303030303,lowest_numeric_id_then_lexicographic_path_exploratory_only,False,3
63,57665,NKE,7906,2015-03-19 15:58:00,SOURCE_DATE_HEURISTIC_0_TO_3_DAYS_NOT_CANONICAL_G1,2015-03-19,1,1,0.0035139993522756625,1,1,PUBLICATION_TIME_UNVERIFIED,False,False,0,2015/QTR1/57665_20150319_0.txt,a0746bcea4271a370cfd510ee7cd09a4be757a34b31d08c51c55471bf20782ec,0,400,10140,-0.00309387336703041,0,2014-12-18,0.4067796610169492,lowest_numeric_id_then_lexicographic_path_exploratory_only,False,5
64,57809,NDSN,7921,2015-05-19 15:35:00,SOURCE_DATE_HEURISTIC_0_TO_3_DAYS_NOT_CANONICAL_G1,2015-05-19,1,1,0.005476859649200439,1,1,PUBLICATION_TIME_UNVERIFIED,False,False,0,2015/QTR2/57809_20150519_0.txt,e01333c8913c36c3f851d7e0e0097d196fc2bdd7a88cfe65f54fe46766e9476a,0,400,11006,-0.0011310130701056341,0,2015-02-24,0.4663677130044843,lowest_numeric_id_then_lexicographic_path_exploratory_only,False,4
65,57817,JWN,7922,2015-02-19 14:29:00,SOURCE_DATE_HEURISTIC_0_TO_3_DAYS_NOT_CANONICAL_G1,2015-02-19,1,1,0.004282404351196228,1,1,PUBLICATION_TIME_UNVERIFIED,False,False,0,2015/QTR1/57817_20150219_0.txt,8ae86f99bc43e2a4d227e86b74fe122b18fa0cf3032f63761df6711e43a253a3,0,400,23950,-0.002325468368109842,0,2014-11-13,0.446236559139785,lowest_numeric_id_then_lexicographic_path_exploratory_only,False,25
66,59192,CB,3024,2012-01-26 12:17:00,SOURCE_DATE_HEURISTIC_0_TO_3_DAYS_NOT_CANONICAL_G1,2012-01-26,1,1,0.007781338674931181,1,1,PUBLICATION_TIME_UNVERIFIED,False,False,0,2012/QTR1/59192_20120126_0.txt,21c9fb3b9cd14a093f5f710d0be812243625414800177d3af911a78d9a42e61f,0,400,17331,0.0011734659556251084,0,2011-10-20,0.42168674698795183,lowest_numeric_id_then_lexicographic_path_exploratory_only,False,54
67,60871,ADI,1632,2015-02-17 14:05:00,SOURCE_DATE_HEURISTIC_0_TO_3_DAYS_NOT_CANONICAL_G1,2015-02-17,1,1,0.006707394314895202,1,1,PUBLICATION_TIME_UNVERIFIED,False,False,0,2015/QTR1/60871_20150217_0.txt,13c7876e32da3d0bb806ba33c7f406648812655aa8240a7046abf4851c8dbf4c,0,400,15320,9.952159558912905e-05,0,2014-11-25,0.4085106382978724,lowest_numeric_id_then_lexicographic_path_exploratory_only,False,16
68,60871,ADI,1632,2015-05-19 15:15:00,SOURCE_DATE_HEURISTIC_0_TO_3_DAYS_NOT_CANONICAL_G1,2015-05-19,1,1,0.010616419444590176,1,1,PUBLICATION_TIME_UNVERIFIED,False,False,0,2015/QTR2/60871_20150519_0.txt,b28740dd87c28c88212e2fa0455c59ae693ac549daf59bd7723c9a1c79d79abf,0,400,13597,0.004008546725284109,0,2015-02-17,0.19626168224299068,lowest_numeric_id_then_lexicographic_path_exploratory_only,False,4
69,61241,AMD,1161,2013-10-17 14:40:00,SOURCE_DATE_HEURISTIC_0_TO_3_DAYS_NOT_CANONICAL_G1,2013-10-17,1,1,-0.0009936565407081786,1,1,PUBLICATION_TIME_UNVERIFIED,False,False,0,2013/QTR4/61241_20131017_0.txt,707676a794059397ab9abbc281d30bc5a2a3f17d9c85eea98e7296e356cf6477,0,400,17583,-0.007601529260014252,0,2013-07-18,0.4838709677419355,lowest_numeric_id_then_lexicographic_path_exploratory_only,False,55
70,61516,BIO,2220,2013-05-07 15:55:00,SOURCE_DATE_HEURISTIC_0_TO_3_DAYS_NOT_CANONICAL_G1,2013-05-07,1,1,-0.010020652133826328,1,1,PUBLICATION_TIME_UNVERIFIED,False,False,0,2013/QTR2/61516_20130507_0.txt,c5784ca35e32b3ec021a6c44e214558a244e798a770006baadaca80423006d45,0,400,7818,-0.016628524853132404,0,2012-11-06,0.6451612903225806,lowest_numeric_id_then_lexicographic_path_exploratory_only,False,115
71,66683,RES,8901,2012-01-24 15:20:00,SOURCE_DATE_HEURISTIC_0_TO_3_DAYS_NOT_CANONICAL_G1,2012-01-25,1,1,,0,0,PUBLICATION_TIME_UNVERIFIED,False,False,0,,,,,,,,,,,False,41
72,70332,APC,11923,2013-05-06 13:27:00,SOURCE_DATE_HEURISTIC_0_TO_3_DAYS_NOT_CANONICAL_G1,2013-05-06,1,1,0.005468371851068278,1,1,PUBLICATION_TIME_UNVERIFIED,False,False,0,2013/QTR2/70332_20130506_0.txt,bb4f8e489e1f8e7f70d9d6052b3050a8222aa83d94e5a61d98d5218c389b1b81,0,400,14535,-0.0011395008682377945,0,2013-02-04,0.5836734693877551,lowest_numeric_id_then_lexicographic_path_exploratory_only,False,55
73,70616,SYMM,9715,2012-01-25 14:54:00,SOURCE_DATE_HEURISTIC_0_TO_3_DAYS_NOT_CANONICAL_G1,2012-01-25,1,1,0.011419852627926216,1,1,PUBLICATION_TIME_UNVERIFIED,False,False,0,2012/QTR1/70616_20120125_0.txt,3c1136e5067a6fe09f0d562a4d285e0637bc4b5440b9a7560c20d6bef0291717,0,400,11755,0.004811979908620144,0,2011-10-26,0.5495867768595042,lowest_numeric_id_then_lexicographic_path_exploratory_only,False,41
74,72726,STT,10035,2015-01-22 15:50:00,SOURCE_DATE_HEURISTIC_0_TO_3_DAYS_NOT_CANONICAL_G1,2015-01-23,1,1,0.009987836479591687,1,1,PUBLICATION_TIME_UNVERIFIED,False,False,0,2015/QTR1/72726_20150123_0.txt,cf5f3822914b48b7c0d1fe104709a6d566cfd70755b68d09e6a9a30981546906,0,400,33783,0.0033799637602856154,0,2014-10-24,0.5193133047210301,lowest_numeric_id_then_lexicographic_path_exploratory_only,False,6
75,75070,INT,12471,2015-04-30 15:40:00,SOURCE_DATE_HEURISTIC_0_TO_3_DAYS_NOT_CANONICAL_G1,2015-04-30,1,1,0.0027618264224210515,1,1,PUBLICATION_TIME_UNVERIFIED,False,False,0,2015/QTR2/75070_20150430_0.txt,0db7cf5dbed1a1e13a5f5f591e083b98db2524e0ea65ce1bbb3251818a35fa27,0,400,11237,-0.003846046296885023,0,2014-07-30,0.7484472049689441,lowest_numeric_id_then_lexicographic_path_exploratory_only,False,95
76,75342,MTH,14790,2013-04-23 14:24:00,SOURCE_DATE_HEURISTIC_0_TO_3_DAYS_NOT_CANONICAL_G1,2013-04-24,1,1,0.024886363223033364,1,1,PUBLICATION_TIME_UNVERIFIED,False,False,0,2013/QTR2/75342_20130424_0.txt,0b2462a7bc16bb7127d9ad838fe3d0aff4bafaf2a2c459d3da4d88600a203d59,0,400,14413,0.01827849050372729,0,,,lowest_numeric_id_then_lexicographic_path_exploratory_only,False,128
77,75342,MTH,14790,2013-07-23 15:18:00,SOURCE_DATE_HEURISTIC_0_TO_3_DAYS_NOT_CANONICAL_G1,2013-07-24,1,1,0.022469236131833534,1,1,PUBLICATION_TIME_UNVERIFIED,False,False,0,2013/QTR3/75342_20130724_0.txt,b6c9750c519938e2a37e2a5c877e9983182110a55f76e46efda5f8d9299d108b,0,400,15692,0.015861363412527463,0,2013-04-24,0.5175438596491229,lowest_numeric_id_then_lexicographic_path_exploratory_only,False,114
78,75654,CGNX,16188,2015-02-12 14:04:00,SOURCE_DATE_HEURISTIC_0_TO_3_DAYS_NOT_CANONICAL_G1,2015-02-12,1,1,0.00961279015315706,1,1,PUBLICATION_TIME_UNVERIFIED,False,False,0,2015/QTR1/75654_20150212_0.txt,6eea2faf2a9a701a428522ff16145720e07cd07571dc838681d2f04c48110ffc,0,400,11549,0.00300491743385099,0,2014-10-27,0.38095238095238093,lowest_numeric_id_then_lexicographic_path_exploratory_only,False,34
79,75654,CGNX,16188,2015-05-04 15:09:00,SOURCE_DATE_HEURISTIC_0_TO_3_DAYS_NOT_CANONICAL_G1,2015-05-04,1,1,-0.008956381071183067,1,1,PUBLICATION_TIME_UNVERIFIED,False,False,0,2015/QTR2/75654_20150504_0.txt,0ff25cf87de475f7f85ee66aee6f8f374264f36f81738ea02435b33d23efff5b,0,400,10526,-0.015564253790489148,0,2015-02-12,0.5335689045936396,lowest_numeric_id_then_lexicographic_path_exploratory_only,False,40
80,75828,EA,16721,2015-01-27 15:48:00,SOURCE_DATE_HEURISTIC_0_TO_3_DAYS_NOT_CANONICAL_G1,2015-01-27,1,1,0.01758111541635724,1,1,PUBLICATION_TIME_UNVERIFIED,False,False,0,2015/QTR1/75828_20150127_0.txt,5449136a69e676ed8ebf524b4c16d46c7d8c320e45c724410dce9ce34cefbf66,0,400,25647,0.010973242697051175,0,2014-10-28,0.4939271255060729,lowest_numeric_id_then_lexicographic_path_exploratory_only,False,37
81,75854,LSCC,16597,2013-04-18 14:24:00,SOURCE_DATE_HEURISTIC_0_TO_3_DAYS_NOT_CANONICAL_G1,2013-04-18,1,1,0.0020462782979334803,1,1,PUBLICATION_TIME_UNVERIFIED,False,False,0,2013/QTR2/75854_20130418_0.txt,3c9729a6035cd598cd33ecd831787629c943c4d4c22ec7f3396f8d18fc354dda,0,400,11269,-0.004561594421372591,0,2013-01-24,0.507537688442211,lowest_numeric_id_then_lexicographic_path_exploratory_only,False,59
82,76695,PNRA,24113,2013-04-23 14:25:00,SOURCE_DATE_HEURISTIC_0_TO_3_DAYS_NOT_CANONICAL_G1,2013-04-23,1,1,-0.021676296703863084,1,1,PUBLICATION_TIME_UNVERIFIED,False,False,0,2013/QTR2/76695_20130423_1.txt,8e00a098ae4016552180a3d84d9ac79c998d13a8c08d837e835a3411af395a48,1,400,3830,-0.02828416942316916,0,2013-02-05,0.8797653958944281,lowest_numeric_id_then_lexicographic_path_exploratory_only,False,93
83,76695,PNRA,24113,2013-07-23 15:11:00,SOURCE_DATE_HEURISTIC_0_TO_3_DAYS_NOT_CANONICAL_G1,2013-07-23,1,1,-0.010290953790505679,1,1,PUBLICATION_TIME_UNVERIFIED,False,False,0,2013/QTR3/76695_20130723_0.txt,f59fa84dfc9377da5b80490f99368323c979299a91f4cc780435b94f499fbcbe,0,400,16615,-0.016898826509811737,0,2013-04-23,0.8746355685131195,lowest_numeric_id_then_lexicographic_path_exploratory_only,False,84
84,76695,PNRA,24113,2013-10-22 15:20:00,SOURCE_DATE_HEURISTIC_0_TO_3_DAYS_NOT_CANONICAL_G1,2013-10-22,1,1,-0.0017297940850422543,1,1,PUBLICATION_TIME_UNVERIFIED,False,False,0,2013/QTR4/76695_20131022_0.txt,9b64c01b41c973cc45da4f07b2107ca7fb2e1e2351e11425236b84a0622b1e69,0,400,18294,-0.00833766680434833,0,2013-07-23,0.3087248322147651,lowest_numeric_id_then_lexicographic_path_exploratory_only,False,69
85,76695,PNRA,24113,2015-02-11 14:58:00,SOURCE_DATE_HEURISTIC_0_TO_3_DAYS_NOT_CANONICAL_G1,2015-02-11,0,0,0.0008328896100407573,1,1,PUBLICATION_TIME_UNVERIFIED,False,False,0,2015/QTR1/76695_20150211_0.txt,faf86416bcb38cacf2859a394674099ddac04fb8396ed2c2fd4c583349bbdb1a,0,400,24912,-0.005774983109265317,0,2014-10-28,0.4294117647058824,lowest_numeric_id_then_lexicographic_path_exploratory_only,True,30
86,76709,IDXX,24197,2012-01-26 13:47:00,SOURCE_DATE_HEURISTIC_0_TO_3_DAYS_NOT_CANONICAL_G1,2012-01-27,1,1,0.005300810243285111,1,1,PUBLICATION_TIME_UNVERIFIED,False,False,0,2012/QTR1/76709_20120127_0.txt,7ebfe8c80a0d21e415384b95c46d0fb88b384ff4460c9c4524df63d39df2d9e4,0,400,17717,-0.0013070624760209578,0,2011-10-21,0.43529411764705883,lowest_numeric_id_then_lexicographic_path_exploratory_only,False,9
87,76837,HAE,24021,2012-01-27 15:55:00,SOURCE_DATE_HEURISTIC_0_TO_3_DAYS_NOT_CANONICAL_G1,2012-01-30,1,1,-0.011005356879353062,1,1,PUBLICATION_TIME_UNVERIFIED,False,False,0,2012/QTR1/76837_20120130_0.txt,ddb21a974c98ecd328bd2eaf2449744a6ae209f1fa30990589f852c1e0b8a318,0,400,18754,-0.01761322959865913,0,2011-10-31,0.6124031007751938,lowest_numeric_id_then_lexicographic_path_exploratory_only,False,14
88,77114,WRLD,24725,2012-01-24 15:53:00,SOURCE_DATE_HEURISTIC_0_TO_3_DAYS_NOT_CANONICAL_G1,2012-01-25,1,1,0.007813932645961091,1,1,PUBLICATION_TIME_UNVERIFIED,False,False,0,2012/QTR1/77114_20120125_0.txt,7c2c41845ee9cc19a0e16d0ee75720c0bdd7dbab5438437722c3860bf205593f,0,400,7363,0.0012060599266550177,0,2011-10-27,0.2513661202185792,lowest_numeric_id_then_lexicographic_path_exploratory_only,False,41
89,77274,GILD,24856,2015-02-03 15:50:00,SOURCE_DATE_HEURISTIC_0_TO_3_DAYS_NOT_CANONICAL_G1,2015-02-03,1,1,-0.0011255835955122613,1,1,PUBLICATION_TIME_UNVERIFIED,False,False,0,2015/QTR1/77274_20150203_0.txt,e610c14000e874f18f9987ac2493b7ec7fa1a3bd13abb57668641e8d902c3916,0,400,17835,-0.007733456314818335,0,2014-10-28,0.5024390243902439,lowest_numeric_id_then_lexicographic_path_exploratory_only,False,28
90,77515,KOPN,25166,2015-03-10 14:58:00,SOURCE_DATE_HEURISTIC_0_TO_3_DAYS_NOT_CANONICAL_G1,2015-03-10,1,1,,0,0,PUBLICATION_TIME_UNVERIFIED,False,False,0,,,,,,,,,,,False,11
91,77702,SBUX,25434,2015-01-22 13:22:00,SOURCE_DATE_HEURISTIC_0_TO_3_DAYS_NOT_CANONICAL_G1,2015-01-22,1,1,0.012248719522851859,1,1,PUBLICATION_TIME_UNVERIFIED,False,False,0,2015/QTR1/77702_20150122_0.txt,6fff7f3842780ed330343b302e6d38bb3b8bc1fa34069b89568ed0b7d5be56f5,0,400,20567,0.00564084680354579,0,2014-10-30,0.5776892430278884,lowest_numeric_id_then_lexicographic_path_exploratory_only,False,27
92,77902,CAKE,25737,2015-04-22 14:22:00,SOURCE_DATE_HEURISTIC_0_TO_3_DAYS_NOT_CANONICAL_G1,2015-04-22,1,1,0.020665019291570913,1,1,PUBLICATION_TIME_UNVERIFIED,False,False,0,2015/QTR2/77902_20150422_0.txt,5a749f91fbd4bba38bdc82d9c53502f359e2ecdbdb5597a415986b3cf6fbb19c,0,400,7572,0.014057146572264843,0,2015-02-11,0.56,lowest_numeric_id_then_lexicographic_path_exploratory_only,False,42
93,78170,SM,26013,2015-05-05 15:08:00,SOURCE_DATE_HEURISTIC_0_TO_3_DAYS_NOT_CANONICAL_G1,2015-05-05,1,1,0.005850711600030692,1,1,PUBLICATION_TIME_UNVERIFIED,False,False,0,2015/QTR2/78170_20150505_0.txt,481dcdb74aa3d5517141e3bcc0887af33e8aceaf06523048c2353abee0593495,0,400,19009,-0.0007571611192753781,0,2015-02-24,0.6802721088435374,lowest_numeric_id_then_lexicographic_path_exploratory_only,False,65
94,78875,CREE,27794,2015-01-20 15:39:00,SOURCE_DATE_HEURISTIC_0_TO_3_DAYS_NOT_CANONICAL_G1,2015-01-20,1,1,0.008810850649049518,1,1,PUBLICATION_TIME_UNVERIFIED,False,False,0,2015/QTR1/78875_20150120_0.txt,03aae4c3d900b964ad956a1507ff508554e5c991c9a622597ccc199b4560eabc,0,400,19009,0.0022029779297434464,0,2014-10-21,0.6136363636363636,lowest_numeric_id_then_lexicographic_path_exploratory_only,False,14
95,78875,CREE,27794,2015-04-21 15:29:00,SOURCE_DATE_HEURISTIC_0_TO_3_DAYS_NOT_CANONICAL_G1,2015-04-21,1,1,-0.0024364119170817416,1,1,PUBLICATION_TIME_UNVERIFIED,False,False,0,2015/QTR2/78875_20150421_0.txt,61629e2cda6dd47dfb9ed5499547f7d333db2b73778312effe01fcfc9f485fc8,0,400,18297,-0.009044284636387814,0,2015-01-20,0.5745454545454545,lowest_numeric_id_then_lexicographic_path_exploratory_only,False,34
96,78981,LSTR,21440,2011-10-21 15:48:00,SOURCE_DATE_HEURISTIC_0_TO_3_DAYS_NOT_CANONICAL_G1,2011-10-24,1,1,-0.0005533302124319508,1,1,PUBLICATION_TIME_UNVERIFIED,False,False,0,2011/QTR4/78981_20111024_0.txt,2f93527ee7bb01fd7135d4c9c98fb67a284a61309f16025fbd7270533005d176,0,400,9036,-0.007161202931738023,0,2011-07-21,0.3457446808510638,lowest_numeric_id_then_lexicographic_path_exploratory_only,False,24
97,78990,DEST,27936,2012-01-25 15:34:00,SOURCE_DATE_HEURISTIC_0_TO_3_DAYS_NOT_CANONICAL_G1,2012-01-26,1,1,0.005099622980594506,1,1,PUBLICATION_TIME_UNVERIFIED,False,False,0,2012/QTR1/78990_20120126_0.txt,fcfdcde6566e331b291927fd40f73466704dd6303e5302c4ff1cf2f074fcf718,0,400,25252,-0.0015082497387115662,0,2011-07-27,0.4832214765100671,lowest_numeric_id_then_lexicographic_path_exploratory_only,False,54
98,79007,SCVL,27938,2015-05-20 15:17:00,SOURCE_DATE_HEURISTIC_0_TO_3_DAYS_NOT_CANONICAL_G1,2015-05-20,1,1,0.00031189526044204507,1,1,PUBLICATION_TIME_UNVERIFIED,False,False,0,2015/QTR2/79007_20150520_0.txt,5f619241793b843b123f24db37cf1b59bfb9784869516da2910eea351d42c51b,0,400,9216,-0.006295977458864027,0,2015-03-18,0.5514018691588785,lowest_numeric_id_then_lexicographic_path_exploratory_only,False,8
99,79507,MCRI,28704,2013-04-25 15:08:00,SOURCE_DATE_HEURISTIC_0_TO_3_DAYS_NOT_CANONICAL_G1,2013-04-25,1,1,0.0009486848322658153,1,1,PUBLICATION_TIME_UNVERIFIED,False,False,0,2013/QTR2/79507_20130425_0.txt,0ae0de3444e625d815a2bc0e86c09db29724e93564402668a3e0072cdde7105f,0,400,9892,-0.005659187887040256,0,2012-10-24,0.42603550295857984,lowest_numeric_id_then_lexicographic_path_exploratory_only,False,180
100,79545,BWA,28742,2011-07-27 10:59:00,SOURCE_DATE_HEURISTIC_0_TO_3_DAYS_NOT_CANONICAL_G1,2011-07-28,1,1,0.029672268105399344,1,1,PUBLICATION_TIME_UNVERIFIED,False,False,0,2011/QTR3/79545_20110728_0.txt,9c4c2ce6f01b7e4d064acc60b1e80beb01138ffa69ed42e9ebc1c7566d848309,0,400,12058,0.023064395386093273,0,2011-04-28,0.570754716981132,lowest_numeric_id_then_lexicographic_path_exploratory_only,False,111
101,79588,GMCR,28877,2015-02-04 14:07:00,SOURCE_DATE_HEURISTIC_0_TO_3_DAYS_NOT_CANONICAL_G1,2015-02-04,1,1,0.008631079739889275,1,1,PUBLICATION_TIME_UNVERIFIED,False,False,0,2015/QTR1/79588_20150204_0.txt,460859b0019efab7e7af409a81b46254e570ecad104743d9a60763d3ae480a0c,0,227,1685,0.002023207020583203,0,2014-08-06,0.5542168674698795,lowest_numeric_id_then_lexicographic_path_exploratory_only,False,36
102,79785,NVR,12459,2012-01-25 15:56:00,SOURCE_DATE_HEURISTIC_0_TO_3_DAYS_NOT_CANONICAL_G1,2012-01-26,1,1,-0.004286502204060211,1,1,PUBLICATION_TIME_UNVERIFIED,False,False,0,2012/QTR1/79785_20120126_0.txt,fb85428e21c805c44766772606af53049c33f216e1f6b91e643a16d729e722f3,0,400,6673,-0.010894374923366278,0,2011-10-20,0.30188679245283023,lowest_numeric_id_then_lexicographic_path_exploratory_only,False,54
103,79796,AF,29246,2012-01-25 15:18:00,SOURCE_DATE_HEURISTIC_0_TO_3_DAYS_NOT_CANONICAL_G1,2012-01-25,1,1,0.008791542079952003,1,1,PUBLICATION_TIME_UNVERIFIED,False,False,0,2012/QTR1/79796_20120125_0.txt,ab81bdace5a8abccf33aa8521791921cf669bcd13bd4f24322a14189bb5afcb8,0,400,26662,0.002183669360645936,0,2011-10-19,0.4821428571428571,lowest_numeric_id_then_lexicographic_path_exploratory_only,False,41
104,80446,GDI,30098,2013-04-25 15:17:00,SOURCE_DATE_HEURISTIC_0_TO_3_DAYS_NOT_CANONICAL_G1,2013-04-26,1,1,,0,0,PUBLICATION_TIME_UNVERIFIED,False,False,0,,,,,,,,,,,False,18
105,81162,MCRL,31147,2013-04-25 14:32:00,SOURCE_DATE_HEURISTIC_0_TO_3_DAYS_NOT_CANONICAL_G1,2013-04-25,1,1,0.005594685929422571,1,1,PUBLICATION_TIME_UNVERIFIED,False,False,0,2013/QTR2/81162_20130425_0.txt,ac69e5311835f159d6da5ed066d9072d09af2cc2fd327bfa02fbc3ababc91810,0,400,10986,-0.0010131867898834992,0,2012-10-25,0.5776892430278884,lowest_numeric_id_then_lexicographic_path_exploratory_only,False,180
106,81256,ISSI,31488,2012-01-25 14:51:00,SOURCE_DATE_HEURISTIC_0_TO_3_DAYS_NOT_CANONICAL_G1,2012-01-25,1,1,-0.0035442893779357876,1,1,PUBLICATION_TIME_UNVERIFIED,False,False,0,2012/QTR1/81256_20120125_0.txt,b479a3d363e677665ffa502fbcbd3953c9a323ee3ad89e0cab7fdb568517fab5,0,400,10120,-0.010152162097241858,0,2011-10-26,0.6,lowest_numeric_id_then_lexicographic_path_exploratory_only,False,41
107,81501,NATI,31607,2015-01-29 15:51:00,SOURCE_DATE_HEURISTIC_0_TO_3_DAYS_NOT_CANONICAL_G1,2015-01-29,0,0,-0.0094500036489734,1,1,PUBLICATION_TIME_UNVERIFIED,False,False,0,2015/QTR1/81501_20150129_0.txt,4556d6d6302ad3a5cd81996126377dfd51ddbe18e2d1afffaf13b75bc56111dc,0,400,15404,-0.016057876368279468,0,2014-07-29,0.4716981132075472,lowest_numeric_id_then_lexicographic_path_exploratory_only,True,61
108,81501,NATI,31607,2015-04-28 13:59:00,SOURCE_DATE_HEURISTIC_0_TO_3_DAYS_NOT_CANONICAL_G1,2015-04-28,0,0,-0.024704854564278456,1,1,PUBLICATION_TIME_UNVERIFIED,False,False,0,2015/QTR2/81501_20150428_0.txt,b89bafc65a27dbb0c252643272dfc068b50fd6cc59ba9192d192aa73c8671818,0,400,14326,-0.03131272728358452,0,2015-01-29,0.49065420560747663,lowest_numeric_id_then_lexicographic_path_exploratory_only,True,63
109,81564,IBKC,24466,2012-01-24 13:53:00,SOURCE_DATE_HEURISTIC_0_TO_3_DAYS_NOT_CANONICAL_G1,2012-01-25,1,1,0.002664348335727702,1,1,PUBLICATION_TIME_UNVERIFIED,False,False,0,2012/QTR1/81564_20120125_0.txt,5504837bdc73070f4a8fb1a6737eabd52f9b2814c3dd7506048a4d35cfb7f260,0,400,38250,-0.003943524383578372,0,2011-10-26,0.49411764705882355,lowest_numeric_id_then_lexicographic_path_exploratory_only,False,41
110,82618,SNDK,61513,2015-01-21 15:00:00,SOURCE_DATE_HEURISTIC_0_TO_3_DAYS_NOT_CANONICAL_G1,2015-01-21,1,1,-0.022139324707349063,1,1,PUBLICATION_TIME_UNVERIFIED,False,False,0,2015/QTR1/82618_20150121_0.txt,a4b7f58fa0ba0fb2d0fb420c49df124e646369d184f87cf888301ecd4273ac33,0,400,15566,-0.028747197426655147,0,2014-10-16,0.5635179153094463,lowest_numeric_id_then_lexicographic_path_exploratory_only,False,8
111,82759,NUAN,61685,2015-02-05 15:33:00,SOURCE_DATE_HEURISTIC_0_TO_3_DAYS_NOT_CANONICAL_G1,2015-02-05,1,1,0.00592519979658045,1,1,PUBLICATION_TIME_UNVERIFIED,False,False,0,2015/QTR1/82759_20150205_0.txt,a33a744cc8ba837d167e24445e425cc40bc8364bc65bd6ceddfa9540c9aaa743,0,400,24323,-0.0006826729227256253,0,2014-02-10,0.640625,lowest_numeric_id_then_lexicographic_path_exploratory_only,False,42
112,83244,CENX,62516,2013-04-25 15:22:00,SOURCE_DATE_HEURISTIC_0_TO_3_DAYS_NOT_CANONICAL_G1,2013-04-25,1,1,-0.018832628279579017,1,1,PUBLICATION_TIME_UNVERIFIED,False,False,0,2013/QTR2/83244_20130425_0.txt,48deae119e475de67b1cf26d21274c4c94ca7f2c2f1dfdacaeb1eccd5a8690df,0,400,8075,-0.025440500998885077,0,2013-02-21,0.7295081967213115,lowest_numeric_id_then_lexicographic_path_exploratory_only,False,180
113,84624,ROVI,64480,2015-04-30 14:48:00,SOURCE_DATE_HEURISTIC_0_TO_3_DAYS_NOT_CANONICAL_G1,2015-04-30,1,1,,0,0,PUBLICATION_TIME_UNVERIFIED,False,False,0,,,,,,,,,,,False,95
114,85663,URI,66065,2015-01-21 15:43:00,SOURCE_DATE_HEURISTIC_0_TO_3_DAYS_NOT_CANONICAL_G1,2015-01-21,1,1,0.01956098356069916,1,1,PUBLICATION_TIME_UNVERIFIED,False,False,0,2015/QTR1/85663_20150121_0.txt,e1e2f2bd8b67269bd1e6b9bb3c8ed4e741186fbbdbad13ec48a6a55a4dd72b16,0,400,23724,0.012953110841393093,0,2014-10-15,0.24444444444444446,lowest_numeric_id_then_lexicographic_path_exploratory_only,False,8
115,85675,AMSG,65967,2015-02-25 15:57:00,SOURCE_DATE_HEURISTIC_0_TO_3_DAYS_NOT_CANONICAL_G1,2015-02-25,1,1,,0,0,PUBLICATION_TIME_UNVERIFIED,False,False,0,,,,,,,,,,,False,30
116,85710,POWI,66032,2015-04-29 15:23:00,SOURCE_DATE_HEURISTIC_0_TO_3_DAYS_NOT_CANONICAL_G1,2015-04-29,1,1,-0.005826764319235057,1,1,PUBLICATION_TIME_UNVERIFIED,False,False,0,2015/QTR2/85710_20150429_0.txt,d38c950a22b2930474385e2ffb70b5d56726566ab486bfd24f832a1e7e7a3cc2,0,400,11115,-0.012434637038541132,0,2014-10-30,0.5598290598290598,lowest_numeric_id_then_lexicographic_path_exploratory_only,False,71
117,85753,VRSN,66368,2013-04-25 14:07:00,SOURCE_DATE_HEURISTIC_0_TO_3_DAYS_NOT_CANONICAL_G1,2013-04-25,1,1,0.008766381287785733,1,1,PUBLICATION_TIME_UNVERIFIED,False,False,0,2013/QTR2/85753_20130425_0.txt,c940eb42679c26748bb11fd2bb889ff12b3d3936f9b9c0a0a5e68be460df805a,0,400,14825,0.002158508568479659,0,2013-01-24,0.7053571428571428,lowest_numeric_id_then_lexicographic_path_exploratory_only,False,180
118,85863,COLM,105936,2015-02-12 14:33:00,SOURCE_DATE_HEURISTIC_0_TO_3_DAYS_NOT_CANONICAL_G1,2015-02-12,1,1,0.005743920433096324,1,1,PUBLICATION_TIME_UNVERIFIED,False,False,0,2015/QTR1/85863_20150212_0.txt,a0ce344d4ae0815aaad915f84f461e5448e6827f295d3de6d854c9f0123534d8,0,400,17645,-0.000863952286209749,0,2014-10-30,0.7756653992395437,lowest_numeric_id_then_lexicographic_path_exploratory_only,False,34
119,85863,COLM,105936,2015-04-30 15:13:00,SOURCE_DATE_HEURISTIC_0_TO_3_DAYS_NOT_CANONICAL_G1,2015-04-30,1,1,0.02554195536751039,1,1,PUBLICATION_TIME_UNVERIFIED,False,False,0,2015/QTR2/85863_20150430_0.txt,3a34f47fd01b55dffb54fc89c1820e74dbe5b1c98213b473ec368790eeafa565,0,400,13933,0.01893408264820432,0,2015-02-12,0.6160714285714286,lowest_numeric_id_then_lexicographic_path_exploratory_only,False,95
120,86949,SKX,121142,2015-04-22 15:24:00,SOURCE_DATE_HEURISTIC_0_TO_3_DAYS_NOT_CANONICAL_G1,2015-04-22,1,1,0.0017704781052392485,1,1,PUBLICATION_TIME_UNVERIFIED,False,False,0,2015/QTR2/86949_20150422_0.txt,7884ecfeb36409e3d955b445b16b300309b3d28ec1c9f8ef48400ba578e71fb6,0,400,8803,-0.0048373946140668235,0,2015-02-11,0.6807692307692308,lowest_numeric_id_then_lexicographic_path_exploratory_only,False,42
121,86979,JNPR,121718,2011-04-19 15:50:00,SOURCE_DATE_HEURISTIC_0_TO_3_DAYS_NOT_CANONICAL_G1,2011-04-19,1,1,0.0014392659950066286,1,1,PUBLICATION_TIME_UNVERIFIED,False,False,0,2011/QTR2/86979_20110419_0.txt,258778fb617f588f197e7335a4109fa329f5ec6ac86d71f1e672b78aabf1ea12,0,400,24431,-0.005168606724299444,0,2011-01-25,0.5728155339805825,lowest_numeric_id_then_lexicographic_path_exploratory_only,False,35
122,86979,JNPR,121718,2013-04-23 14:31:00,SOURCE_DATE_HEURISTIC_0_TO_3_DAYS_NOT_CANONICAL_G1,2013-04-23,1,1,0.01644743260021566,1,1,PUBLICATION_TIME_UNVERIFIED,False,False,0,2013/QTR2/86979_20130423_0.txt,deaad0e29c1c9d3076272af88cb9d50753a1807f997b72f7735b139769b85106,0,400,26572,0.009839559880909583,0,2013-01-24,0.589041095890411,lowest_numeric_id_then_lexicographic_path_exploratory_only,False,93
123,86979,JNPR,121718,2013-07-23 15:03:00,SOURCE_DATE_HEURISTIC_0_TO_3_DAYS_NOT_CANONICAL_G1,2013-07-23,1,1,,0,0,PUBLICATION_TIME_UNVERIFIED,False,False,0,,,,,,,,,,,False,84
124,86979,JNPR,121718,2013-10-22 13:58:00,SOURCE_DATE_HEURISTIC_0_TO_3_DAYS_NOT_CANONICAL_G1,2013-10-22,1,1,0.014519333877714292,1,1,PUBLICATION_TIME_UNVERIFIED,False,False,0,2013/QTR4/86979_20131022_0.txt,db0c8b1b7260566ba5eac60b605bb7f8bf5e424ec455bfd16dde69edcd1352e3,0,400,20626,0.00791146115840822,0,2013-04-23,0.5238095238095238,lowest_numeric_id_then_lexicographic_path_exploratory_only,False,69
125,87000,STMP,121673,2013-04-24 15:28:00,SOURCE_DATE_HEURISTIC_0_TO_3_DAYS_NOT_CANONICAL_G1,2013-04-24,1,1,,0,0,PUBLICATION_TIME_UNVERIFIED,False,False,0,,,,,,,,,,,False,128
126,87092,TIBX,122061,2013-09-19 15:29:00,SOURCE_DATE_HEURISTIC_0_TO_3_DAYS_NOT_CANONICAL_G1,2013-09-19,1,1,-0.0022282438975666143,1,1,PUBLICATION_TIME_UNVERIFIED,False,False,0,2013/QTR3/87092_20130919_0.txt,588c8bca6e5b71f7e4fed9a4f0214cb8d5e6ed56fffd44692f0aef47798653b8,0,400,15492,-0.00883611661687269,0,2013-06-20,0.19999999999999996,lowest_numeric_id_then_lexicographic_path_exploratory_only,False,7
127,87612,ISIL,130762,2013-04-24 14:57:00,SOURCE_DATE_HEURISTIC_0_TO_3_DAYS_NOT_CANONICAL_G1,2013-04-24,1,1,0.013812205427629828,1,1,PUBLICATION_TIME_UNVERIFIED,False,False,0,2013/QTR2/87612_20130424_0.txt,9a461551442b0fc12fb2e3c26fe9a2fd8cee9f2f3a2d2ed825ff2bc06dcda2c4,0,400,9795,0.007204332708323763,0,2013-01-30,0.45769230769230773,lowest_numeric_id_then_lexicographic_path_exploratory_only,False,128
128,87657,EW,133366,2011-04-20 14:29:00,SOURCE_DATE_HEURISTIC_0_TO_3_DAYS_NOT_CANONICAL_G1,2011-04-20,1,1,0.014693774765565751,1,1,PUBLICATION_TIME_UNVERIFIED,False,False,0,2011/QTR2/87657_20110420_0.txt,2caab53862f7557720f93dfa15f3459beaebbe134f974080bddfe3c6162921e5,0,400,14592,0.00808590204625968,0,2011-02-02,0.5321888412017167,lowest_numeric_id_then_lexicographic_path_exploratory_only,False,75
129,87657,EW,133366,2013-04-23 13:28:00,SOURCE_DATE_HEURISTIC_0_TO_3_DAYS_NOT_CANONICAL_G1,2013-04-23,1,1,-0.006751372352808862,1,1,PUBLICATION_TIME_UNVERIFIED,False,False,0,2013/QTR2/87657_20130423_0.txt,dd40eeb6a82f6d3d11aa778450366e93a1dace16afd8f9c790ec9ab262694d61,0,400,16045,-0.01335924507211493,0,2013-02-04,0.45662100456621,lowest_numeric_id_then_lexicographic_path_exploratory_only,False,93
130,88203,VDSI,66686,2011-10-26 14:26:00,SOURCE_DATE_HEURISTIC_0_TO_3_DAYS_NOT_CANONICAL_G1,2011-10-27,1,1,,0,0,PUBLICATION_TIME_UNVERIFIED,False,False,0,,,,,,,,,,,False,112
131,88281,CRL,137131,2015-02-10 15:55:00,SOURCE_DATE_HEURISTIC_0_TO_3_DAYS_NOT_CANONICAL_G1,2015-02-10,1,1,0.0021373831035361307,1,1,PUBLICATION_TIME_UNVERIFIED,False,False,0,2015/QTR1/88281_20150210_0.txt,56b8804637618a55c8261986c84dc24d072c834f2e567c03b136d3b8d0e6a402,0,400,25010,-0.004470489615769938,0,2014-10-29,0.5593220338983051,lowest_numeric_id_then_lexicographic_path_exploratory_only,False,24
132,88335,DNDN,136884,2011-08-03 15:56:00,SOURCE_DATE_HEURISTIC_0_TO_3_DAYS_NOT_CANONICAL_G1,2011-08-03,1,1,-0.03255293192985653,1,1,PUBLICATION_TIME_UNVERIFIED,False,False,0,2011/QTR3/88335_20110803_0.txt,e499205cb26891694e960598ef4ce12651a7c44b8ad8fc5ee21d7ce66c4007d4,0,400,9610,-0.039160804649162585,0,2010-08-03,0.7672131147540984,lowest_numeric_id_then_lexicographic_path_exploratory_only,False,74
133,88446,ILMN,138205,2015-01-27 15:11:00,SOURCE_DATE_HEURISTIC_0_TO_3_DAYS_NOT_CANONICAL_G1,2015-01-27,1,1,0.0001708444393288492,1,1,PUBLICATION_TIME_UNVERIFIED,False,False,0,2015/QTR1/88446_20150127_0.txt,89e20196dee00a8f88fcc28a14adcef2efd10289a6d3173eb5329e0b048f9a58,0,400,20295,-0.006437028279977229,0,2014-10-20,0.5862068965517242,lowest_numeric_id_then_lexicographic_path_exploratory_only,False,37
134,88446,ILMN,138205,2015-04-21 14:48:00,SOURCE_DATE_HEURISTIC_0_TO_3_DAYS_NOT_CANONICAL_G1,2015-04-21,1,1,0.002561824994155551,1,1,PUBLICATION_TIME_UNVERIFIED,False,False,0,2015/QTR2/88446_20150421_0.txt,0b04e06a7300be6b09d4244c8d823ea941bff8e43398c57bb5daef757352056a,0,400,14995,-0.004046047725150519,0,2015-01-27,0.6116504854368932,lowest_numeric_id_then_lexicographic_path_exploratory_only,False,34
135,88504,BRKR,138483,2015-05-06 15:30:00,SOURCE_DATE_HEURISTIC_0_TO_3_DAYS_NOT_CANONICAL_G1,2015-05-06,1,1,-0.009150559506343843,1,1,PUBLICATION_TIME_UNVERIFIED,False,False,0,2015/QTR2/88504_20150506_0.txt,1a7111fcf90c6a162a10f0884965a30743dd9309895a98c74dc7f7055ba8d860,0,400,10780,-0.015758432225649918,0,2015-02-19,0.5929824561403509,lowest_numeric_id_then_lexicographic_path_exploratory_only,False,73
136,88853,FLR,4818,2015-02-17 15:06:00,SOURCE_DATE_HEURISTIC_0_TO_3_DAYS_NOT_CANONICAL_G1,2015-02-18,1,1,-0.023035620793572686,1,1,PUBLICATION_TIME_UNVERIFIED,False,False,0,2015/QTR1/88853_20150218_0.txt,c2ee83649532b86b4ec6e2e51f1272320e2ecfd4c30b925048c1b53359c26e5d,0,400,15507,-0.029643493512878767,0,2014-10-30,0.5299145299145299,lowest_numeric_id_then_lexicographic_path_exploratory_only,False,22
137,88860,ALGN,141384,2013-10-17 13:43:00,SOURCE_DATE_HEURISTIC_0_TO_3_DAYS_NOT_CANONICAL_G1,2013-10-17,1,1,0.003494065536511477,1,1,PUBLICATION_TIME_UNVERIFIED,False,False,0,2013/QTR4/88860_20131017_0.txt,a562a45f7fafbc2646ab1d216b2c7730c50b73a5b634699a3f0fa9448eb86ffa,0,400,22111,-0.003113807182794593,0,2013-04-18,0.6413502109704641,lowest_numeric_id_then_lexicographic_path_exploratory_only,False,55
138,88949,SGEN,141460,2015-04-30 14:18:00,SOURCE_DATE_HEURISTIC_0_TO_3_DAYS_NOT_CANONICAL_G1,2015-04-30,1,1,0.00306124824456847,1,1,PUBLICATION_TIME_UNVERIFIED,False,False,0,2015/QTR2/88949_20150430_0.txt,2181bd2de42ff88a9f1909e4c038213566cdcd8803bef7a4c226509e26594233,0,400,9603,-0.0035466244747376034,0,2015-02-10,0.6442307692307692,lowest_numeric_id_then_lexicographic_path_exploratory_only,False,95
139,89014,COL,144066,2015-04-22 14:29:00,SOURCE_DATE_HEURISTIC_0_TO_3_DAYS_NOT_CANONICAL_G1,2015-04-23,1,1,0.004889087189145567,1,1,PUBLICATION_TIME_UNVERIFIED,False,False,0,2015/QTR2/89014_20150423_0.txt,29add7d1ade7f26cdbd25d4272111f9b8626190c705a936802b0bffeb1d56ff3,0,400,21065,-0.0017187855301605043,0,2015-01-23,0.3991416309012875,lowest_numeric_id_then_lexicographic_path_exploratory_only,False,82
140,89204,AGP,145367,2011-10-27 13:03:00,SOURCE_DATE_HEURISTIC_0_TO_3_DAYS_NOT_CANONICAL_G1,2011-10-28,1,1,0.004218120409989603,1,1,PUBLICATION_TIME_UNVERIFIED,False,False,0,2011/QTR4/89204_20111028_0.txt,a1908f0242ba6fa89dd9596861ff60ff2aece82a46f7a7993b074d41524898a4,0,400,14930,-0.002389752309316466,0,2011-07-29,0.6366782006920415,lowest_numeric_id_then_lexicographic_path_exploratory_only,False,25
141,89258,PRU,143356,2015-05-06 15:47:00,SOURCE_DATE_HEURISTIC_0_TO_3_DAYS_NOT_CANONICAL_G1,2015-05-06,1,1,-0.008159029124007866,1,1,PUBLICATION_TIME_UNVERIFIED,False,False,0,2015/QTR2/89258_20150506_0.txt,d9622d2755d501dd3cd1c040a2b7017c687e24e387428bd617e7d40e9942efb2,0,400,32903,-0.014766901843313935,0,2015-02-04,0.48,lowest_numeric_id_then_lexicographic_path_exploratory_only,False,73
142,89301,GME,145049,2015-03-26 15:42:00,SOURCE_DATE_HEURISTIC_0_TO_3_DAYS_NOT_CANONICAL_G1,2015-03-26,1,1,-0.008036491722771091,1,1,PUBLICATION_TIME_UNVERIFIED,False,False,0,2015/QTR1/89301_20150326_0.txt,34ff03a1d278898a9e00e19780b46d4850a02d44e2932e9ecbaf2b65cb932eb6,0,400,13122,-0.014644364442077165,0,2014-11-20,0.585820895522388,lowest_numeric_id_then_lexicographic_path_exploratory_only,False,3
143,89900,SNX,156155,2015-03-31 15:54:00,SOURCE_DATE_HEURISTIC_0_TO_3_DAYS_NOT_CANONICAL_G1,2015-03-31,1,1,-0.004761973781046071,1,1,PUBLICATION_TIME_UNVERIFIED,False,False,0,2015/QTR1/89900_20150331_0.txt,324faf16ffb2598ea403ffaca97f68257c5ed7fa7fb616a015ce3b673bd8fb84,0,400,11674,-0.011369846500352136,0,2015-01-12,0.4137931034482759,lowest_numeric_id_then_lexicographic_path_exploratory_only,False,1
144,89901,WLL,155393,2015-02-25 15:54:00,SOURCE_DATE_HEURISTIC_0_TO_3_DAYS_NOT_CANONICAL_G1,2015-02-25,1,1,-0.0013141069354205889,1,1,PUBLICATION_TIME_UNVERIFIED,False,False,0,2015/QTR1/89901_20150225_0.txt,811678939aa5442b25b8d166de9b4ce945d58db08bf92d8692b74964518c640b,0,400,29261,-0.007921979654726666,0,2014-10-29,0.5886524822695036,lowest_numeric_id_then_lexicographic_path_exploratory_only,False,30
145,89952,CMP,157153,2015-04-27 15:46:00,SOURCE_DATE_HEURISTIC_0_TO_3_DAYS_NOT_CANONICAL_G1,2015-04-27,1,1,0.00036990092761878153,1,1,PUBLICATION_TIME_UNVERIFIED,False,False,0,2015/QTR2/89952_20150427_0.txt,395b606705909beed20c7457233b7278362717e13883fbb153cc6501abd4f7c4,0,400,14633,-0.006237971791687292,0,2015-02-09,0.6026785714285714,lowest_numeric_id_then_lexicographic_path_exploratory_only,False,20
146,89971,TPX,156861,2011-07-26 13:40:00,SOURCE_DATE_HEURISTIC_0_TO_3_DAYS_NOT_CANONICAL_G1,2011-07-26,1,1,0.018912496223814048,1,1,PUBLICATION_TIME_UNVERIFIED,False,False,0,2011/QTR3/89971_20110726_0.txt,eb29491ff85441ce650c0d20a6a6909c41b74dcae829f11bf24878b684fede09,0,400,10842,0.012304623504507966,0,2011-04-21,0.5423728813559322,lowest_numeric_id_then_lexicographic_path_exploratory_only,False,64
147,90178,ALNY,264265,2015-02-12 15:55:00,SOURCE_DATE_HEURISTIC_0_TO_3_DAYS_NOT_CANONICAL_G1,2015-02-12,1,1,-0.02107326431891641,1,1,PUBLICATION_TIME_UNVERIFIED,False,False,0,2015/QTR1/90178_20150212_0.txt,f824c4e273443a97899b496c8a5f339f03760d2aa0966803e91da9ab3e29f631,0,400,22176,-0.027681137038222482,0,2014-11-05,0.6476868327402135,lowest_numeric_id_then_lexicographic_path_exploratory_only,False,34
148,90352,DYN,25495,2015-05-06 14:24:00,SOURCE_DATE_HEURISTIC_0_TO_3_DAYS_NOT_CANONICAL_G1,2015-05-06,1,1,-0.004507852051691456,1,1,PUBLICATION_TIME_UNVERIFIED,False,False,0,2015/QTR2/90352_20150506_0.txt,aaea7cba2351d2ecd6fa8feebde766e8e123c1ce00fc9c65d14c47ff469b627b,0,400,19109,-0.011115724770997527,0,2015-02-24,0.6332046332046333,lowest_numeric_id_then_lexicographic_path_exploratory_only,False,73
149,90427,TXRH,160376,2015-02-23 15:24:00,SOURCE_DATE_HEURISTIC_0_TO_3_DAYS_NOT_CANONICAL_G1,2015-02-23,1,1,-0.0009840204172861262,1,1,PUBLICATION_TIME_UNVERIFIED,False,False,0,2015/QTR1/90427_20150223_0.txt,8553c7aaffb49b79b01e1d86e4f32ab06060d1c3de9e65f34cacbbc7f4e39ce4,0,400,10000,-0.007591893136592195,0,2014-11-03,0.5092592592592593,lowest_numeric_id_then_lexicographic_path_exploratory_only,False,9
150,90507,MIC,161120,2015-02-18 15:58:00,SOURCE_DATE_HEURISTIC_0_TO_3_DAYS_NOT_CANONICAL_G1,2015-02-18,1,1,0.007271854885313142,1,1,PUBLICATION_TIME_UNVERIFIED,False,False,0,2015/QTR1/90507_20150218_0.txt,f7934d2258bfcd381c4499319c95a65b552c861fd58c9c0049f6e5f696aa16a0,0,400,50066,0.0006639821660070719,0,2012-02-22,0.7067669172932332,lowest_numeric_id_then_lexicographic_path_exploratory_only,False,22
151,90657,PAY,162733,2014-12-15 15:36:00,SOURCE_DATE_HEURISTIC_0_TO_3_DAYS_NOT_CANONICAL_G1,2014-12-15,0,0,0.010039653676283802,1,1,PUBLICATION_TIME_UNVERIFIED,False,False,0,2014/QTR4/90657_20141215_0.txt,107ee246e94a5be3039c55238a0d969afa918117045bf8ec0c0d50665304392f,0,400,27642,0.00343178095697773,0,2014-09-04,0.5697674418604651,lowest_numeric_id_then_lexicographic_path_exploratory_only,True,2
152,90657,PAY,162733,2015-03-10 15:11:00,SOURCE_DATE_HEURISTIC_0_TO_3_DAYS_NOT_CANONICAL_G1,2015-03-10,1,1,0.004866150588430747,1,1,PUBLICATION_TIME_UNVERIFIED,False,False,0,2015/QTR1/90657_20150310_0.txt,0a3307f6fd155087b77d2881fa806b21fa03f3cc4945376b27a26ce96a60644e,0,400,22554,-0.0017417221308753219,0,2014-12-15,0.5335968379446641,lowest_numeric_id_then_lexicographic_path_exploratory_only,False,11
153,90664,DXCM,162887,2015-02-25 15:44:00,SOURCE_DATE_HEURISTIC_0_TO_3_DAYS_NOT_CANONICAL_G1,2015-02-25,1,1,0.004326733849876184,1,1,PUBLICATION_TIME_UNVERIFIED,False,False,0,2015/QTR1/90664_20150225_0.txt,7c24b7bea6f570e5438f09bbd2e6979cf56cfb804548eb84e49df7d44a033a3f,0,400,4696,-0.002281138869429892,0,,,lowest_numeric_id_then_lexicographic_path_exploratory_only,False,30
154,90756,OSK,11721,2015-04-27 15:29:00,SOURCE_DATE_HEURISTIC_0_TO_3_DAYS_NOT_CANONICAL_G1,2015-04-28,1,1,-7.421615888405543e-05,1,1,PUBLICATION_TIME_UNVERIFIED,False,False,0,2015/QTR2/90756_20150428_0.txt,0deecf150ae1e00ce4dc4faf9c2795011fe3bd5714201b62db11020ad85b1a0b,0,400,18818,-0.006682088878190131,0,2015-01-27,0.5186721991701244,lowest_numeric_id_then_lexicographic_path_exploratory_only,False,64
155,90856,ATRC,163889,2015-02-23 15:58:00,SOURCE_DATE_HEURISTIC_0_TO_3_DAYS_NOT_CANONICAL_G1,2015-02-23,1,1,0.007065163135485514,1,1,PUBLICATION_TIME_UNVERIFIED,False,False,0,2015/QTR1/90856_20150223_0.txt,56e94157192109cf580e53ccc16b286cb6274fa6120784100244bd100a9e4f8c,0,400,12220,0.00045729041617944156,0,2014-10-30,0.5087719298245614,lowest_numeric_id_then_lexicographic_path_exploratory_only,False,9
156,90880,AMP,164708,2015-04-22 15:22:00,SOURCE_DATE_HEURISTIC_0_TO_3_DAYS_NOT_CANONICAL_G1,2015-04-22,1,1,0.0027942009537145042,1,1,PUBLICATION_TIME_UNVERIFIED,False,False,0,2015/QTR2/90880_20150422_0.txt,63315d66f3e1b58b32e928cf8dc15a03aeb5a2d247c9c92c68245fd3dfd7d801,0,400,26809,-0.0038136717655915652,0,2015-01-28,0.37037037037037035,lowest_numeric_id_then_lexicographic_path_exploratory_only,False,42
157,91032,TRAK,164422,2015-02-23 15:41:00,SOURCE_DATE_HEURISTIC_0_TO_3_DAYS_NOT_CANONICAL_G1,2015-02-23,1,1,0.009068993776036585,1,1,PUBLICATION_TIME_UNVERIFIED,False,False,0,2015/QTR1/91032_20150223_0.txt,51f12e09d6db2539c989a541823d8a8db2e939158752bbb1ba1bc74e0ff72eb2,0,400,20813,0.002461121056730513,0,2014-11-05,0.521505376344086,lowest_numeric_id_then_lexicographic_path_exploratory_only,False,9
158,91416,HBI,175319,2015-01-29 14:38:00,SOURCE_DATE_HEURISTIC_0_TO_3_DAYS_NOT_CANONICAL_G1,2015-01-29,1,1,0.0012468553991637097,1,1,PUBLICATION_TIME_UNVERIFIED,False,False,0,2015/QTR1/91416_20150129_0.txt,08daf64669dd07061794fd11952c0ad70fcc0a18d9dafcd4ddac846ee4b7f58f,0,400,17545,-0.005361017320142363,0,2014-10-29,0.5042372881355932,lowest_numeric_id_then_lexicographic_path_exploratory_only,False,62
159,91432,INWK,174541,2015-02-12 14:01:00,SOURCE_DATE_HEURISTIC_0_TO_3_DAYS_NOT_CANONICAL_G1,2015-02-12,1,1,-0.0011843565466618106,1,1,PUBLICATION_TIME_UNVERIFIED,False,False,0,2015/QTR1/91432_20150212_0.txt,11f66d70b71c2014dbe36cf20ce483ecb678c4e26e186d5a41e5eac3a1a0ce92,0,400,9997,-0.007792229265967882,0,2014-11-05,0.7017543859649122,lowest_numeric_id_then_lexicographic_path_exploratory_only,False,34
160,91498,EHTH,174389,2011-04-26 15:07:00,SOURCE_DATE_HEURISTIC_0_TO_3_DAYS_NOT_CANONICAL_G1,2011-04-26,1,1,0.0039978869280533355,1,1,PUBLICATION_TIME_UNVERIFIED,False,False,0,2011/QTR2/91498_20110426_0.txt,6173c564bcca077f82c44501de28b465bb8c26b50189bad8738d4e6c89c37f2d,0,400,23595,-0.0026099857912527356,0,2011-02-16,0.4575163398692811,lowest_numeric_id_then_lexicographic_path_exploratory_only,False,143
161,91498,EHTH,174389,2013-04-25 15:56:00,SOURCE_DATE_HEURISTIC_0_TO_3_DAYS_NOT_CANONICAL_G1,2013-04-25,1,1,0.0069741693182329735,1,1,PUBLICATION_TIME_UNVERIFIED,False,False,0,2013/QTR2/91498_20130425_0.txt,3646e64f2f5dd07eeb91191429a727d3d457c9a93d40747c0c82ad81355c0e85,0,400,24056,0.00036629659892690276,0,2013-02-14,0.392,lowest_numeric_id_then_lexicographic_path_exploratory_only,False,180
162,92257,VMW,178083,2011-04-19 14:56:00,SOURCE_DATE_HEURISTIC_0_TO_3_DAYS_NOT_CANONICAL_G1,2011-04-19,1,1,0.001012434549647596,1,1,PUBLICATION_TIME_UNVERIFIED,False,False,0,2011/QTR2/92257_20110419_0.txt,ce06d71372c1c644b35c48ddf1a86f7c92671e33bf4b8862aebd9b348c85cea9,0,400,20115,-0.005595438169658477,0,2011-01-24,0.6160337552742616,lowest_numeric_id_then_lexicographic_path_exploratory_only,False,35
163,92257,VMW,178083,2013-07-23 15:35:00,SOURCE_DATE_HEURISTIC_0_TO_3_DAYS_NOT_CANONICAL_G1,2013-07-23,1,1,0.006202692334469862,1,1,PUBLICATION_TIME_UNVERIFIED,False,False,0,2013/QTR3/92257_20130723_0.txt,ebfbc16018ca100cf4d7d00eac04dac2fb4f3bc65ba5dd67aa5240eef42622e7,0,400,30786,-0.00040518038483620684,0,2013-04-23,0.6363636363636364,lowest_numeric_id_then_lexicographic_path_exploratory_only,False,84
164,92257,VMW,178083,2013-10-21 15:49:00,SOURCE_DATE_HEURISTIC_0_TO_3_DAYS_NOT_CANONICAL_G1,2013-10-21,1,1,0.004973179936256051,1,1,PUBLICATION_TIME_UNVERIFIED,False,False,0,2013/QTR4/92257_20131021_0.txt,08661fa909cfbc8c0a0048553406337f55d025ed7af7d0fdde3919379ed2c57a,0,400,29943,-0.001634692783050023,0,2013-07-23,0.6130268199233717,lowest_numeric_id_then_lexicographic_path_exploratory_only,False,37
165,92924,DGI,180029,2012-07-31 12:21:00,SOURCE_DATE_HEURISTIC_0_TO_3_DAYS_NOT_CANONICAL_G1,2012-07-31,1,1,0.029384863434311514,1,1,PUBLICATION_TIME_UNVERIFIED,False,False,0,2012/QTR3/92924_20120731_0.txt,88bd4967be4e3161dd3ca50cec66af8c04320f9972862a32a378374e379b3624,0,400,16661,0.022776990715005455,0,2012-05-01,0.6288659793814433,lowest_numeric_id_then_lexicographic_path_exploratory_only,False,111
166,92924,DGI,180029,2013-05-07 14:29:00,SOURCE_DATE_HEURISTIC_0_TO_3_DAYS_NOT_CANONICAL_G1,2013-05-07,1,1,-0.0022166879705992175,1,1,PUBLICATION_TIME_UNVERIFIED,False,False,0,2013/QTR2/92924_20130507_0.txt,61d64ad1fb78596a19fb52ef48d45e5bfe659ad98e76f1235c97524d9b41ee4c,0,400,16416,-0.008824560689905291,0,2013-02-26,0.6228956228956228,lowest_numeric_id_then_lexicographic_path_exploratory_only,False,115
167,92924,DGI,180029,2015-02-26 15:42:00,SOURCE_DATE_HEURISTIC_0_TO_3_DAYS_NOT_CANONICAL_G1,2015-02-26,0,0,-0.0020047813297830366,1,1,PUBLICATION_TIME_UNVERIFIED,False,False,0,2015/QTR1/92924_20150226_0.txt,6a3d47f526825e8e5d57e2ed66364c160ebac64ffa5612316d0c4a0833162621,0,400,16259,-0.008612654049089105,0,2014-10-30,0.6116838487972509,lowest_numeric_id_then_lexicographic_path_exploratory_only,True,41
168,93079,ECHO,179957,2013-04-25 14:14:00,SOURCE_DATE_HEURISTIC_0_TO_3_DAYS_NOT_CANONICAL_G1,2013-04-25,1,1,-0.0032933100997298258,1,1,PUBLICATION_TIME_UNVERIFIED,False,False,0,2013/QTR2/93079_20130425_0.txt,873900d0fa56d70b771497b8b766e6dcf6c8e7639795dc48aeaee00d027b8abd,0,400,7029,-0.0099011828190359,0,2013-02-07,0.4674556213017751,lowest_numeric_id_then_lexicographic_path_exploratory_only,False,180
169,93095,CLD,180635,2015-02-17 15:35:00,SOURCE_DATE_HEURISTIC_0_TO_3_DAYS_NOT_CANONICAL_G1,2015-02-17,1,1,-0.0004464948175661107,1,1,PUBLICATION_TIME_UNVERIFIED,False,False,0,2015/QTR1/93095_20150217_0.txt,a1cd7d3d43306d9cf44ab50def3df7236bc711806370ab1523809d3da2fee39b,0,400,30154,-0.007054367536872179,0,2014-10-29,0.35815602836879434,lowest_numeric_id_then_lexicographic_path_exploratory_only,False,16
170,93095,CLD,180635,2015-04-30 15:33:00,SOURCE_DATE_HEURISTIC_0_TO_3_DAYS_NOT_CANONICAL_G1,2015-04-30,1,1,0.0041739272380768725,1,1,PUBLICATION_TIME_UNVERIFIED,False,False,0,2015/QTR2/93095_20150430_0.txt,9bd8066fa437aa542d2626008745362154ae6d9adf462969048c8672198b3b1e,0,400,27148,-0.0024339454812291987,0,2015-02-17,0.5679442508710801,lowest_numeric_id_then_lexicographic_path_exploratory_only,False,95
171,93223,TW,29887,2015-05-04 15:47:00,SOURCE_DATE_HEURISTIC_0_TO_3_DAYS_NOT_CANONICAL_G1,2015-05-05,1,1,0.012067355816073539,1,1,PUBLICATION_TIME_UNVERIFIED,False,False,0,2015/QTR2/93223_20150505_0.txt,7a968feeb6c23b6165d2a25dde373ef3d4e73b83409e1f59ea6cbb6ad42527f6,0,400,17883,0.005459483096767463,0,2015-02-05,0.4742268041237113,lowest_numeric_id_then_lexicographic_path_exploratory_only,False,65
172,93246,GNRC,183736,2015-02-10 15:52:00,SOURCE_DATE_HEURISTIC_0_TO_3_DAYS_NOT_CANONICAL_G1,2015-02-11,1,1,0.010926856594312622,1,1,PUBLICATION_TIME_UNVERIFIED,False,False,0,2015/QTR1/93246_20150211_0.txt,9fffe9bc96e8018f6ecf7a0d237acbde3ae2e034dbf0a86a427d21f4d81539de,0,400,19689,0.004318983875006552,0,2014-11-06,0.5307017543859649,lowest_numeric_id_then_lexicographic_path_exploratory_only,False,31
173,93323,MUSA,175087,2011-10-20 15:48:00,SOURCE_DATE_HEURISTIC_0_TO_3_DAYS_NOT_CANONICAL_G1,2011-10-20,1,1,0.0020428213901544654,1,1,PUBLICATION_TIME_UNVERIFIED,False,False,0,2011/QTR4/93323_20111020_0.txt,c5c2ee246e354a2144cf79748a42cb958da5c620a209669f151069578afa92c6,0,400,14139,-0.004565051329151606,0,2011-07-25,0.5140562248995983,lowest_numeric_id_then_lexicographic_path_exploratory_only,False,42
174,93323,MUSA,175087,2012-01-26 12:21:00,SOURCE_DATE_HEURISTIC_0_TO_3_DAYS_NOT_CANONICAL_G1,2012-01-26,1,1,0.011575531302847148,1,1,PUBLICATION_TIME_UNVERIFIED,False,False,0,2012/QTR1/93323_20120126_0.txt,4c48c9e525cb3daa10a6f731f46499bca3215f32e635b2ee8c4c363c2e2f0cbf,0,400,13901,0.004967658583541076,0,2011-10-20,0.5283018867924528,lowest_numeric_id_then_lexicographic_path_exploratory_only,False,54
