record_kind,trade_date,historical_symbols,unique_symbol_count,symbol_date_pair_count,route,candidate_source_family
option_trade,2011-03-21,JNPR;VMW,2,2,candidate_lseg_opra_tick_history,generic_authorized_market_data
option_quote,2011-03-21,JNPR;VMW,2,2,candidate_lseg_opra_tick_history,generic_authorized_market_data
option_trade,2011-03-22,EW;JNPR;VMW,3,3,candidate_lseg_opra_tick_history,generic_authorized_market_data
option_quote,2011-03-22,EW;JNPR;VMW,3,3,candidate_lseg_opra_tick_history,generic_authorized_market_data
option_trade,2011-03-23,EW;JNPR;VMW,3,3,candidate_lseg_opra_tick_history,generic_authorized_market_data
option_quote,2011-03-23,EW;JNPR;VMW,3,3,candidate_lseg_opra_tick_history,generic_authorized_market_data
option_trade,2011-03-24,EW;JNPR;VMW,3,3,candidate_lseg_opra_tick_history,generic_authorized_market_data
option_quote,2011-03-24,EW;JNPR;VMW,3,3,candidate_lseg_opra_tick_history,generic_authorized_market_data
option_trade,2011-03-25,EHTH;EW;JNPR;VMW,4,4,candidate_lseg_opra_tick_history,generic_authorized_market_data
option_quote,2011-03-25,EHTH;EW;JNPR;VMW,4,4,candidate_lseg_opra_tick_history,generic_authorized_market_data
option_trade,2011-03-28,CNMD;EHTH;EW;JNPR;VMW,5,5,candidate_lseg_opra_tick_history,generic_authorized_market_data
option_quote,2011-03-28,CNMD;EHTH;EW;JNPR;VMW,5,5,candidate_lseg_opra_tick_history,generic_authorized_market_data
option_trade,2011-03-29,CNMD;EHTH;EW;JNPR;VMW,5,5,candidate_lseg_opra_tick_history,generic_authorized_market_data
option_quote,2011-03-29,CNMD;EHTH;EW;JNPR;VMW,5,5,candidate_lseg_opra_tick_history,generic_authorized_market_data
option_trade,2011-03-30,CNMD;EHTH;EW;JNPR;VMW,5,5,candidate_lseg_opra_tick_history,generic_authorized_market_data
option_quote,2011-03-30,CNMD;EHTH;EW;JNPR;VMW,5,5,candidate_lseg_opra_tick_history,generic_authorized_market_data
option_trade,2011-03-31,CNMD;EHTH;EW;JNPR;VMW,5,5,candidate_lseg_opra_tick_history,generic_authorized_market_data
option_quote,2011-03-31,CNMD;EHTH;EW;JNPR;VMW,5,5,candidate_lseg_opra_tick_history,generic_authorized_market_data
option_trade,2011-04-01,CNMD;EHTH;EW;JNPR;VMW,5,5,candidate_lseg_opra_tick_history,generic_authorized_market_data
option_quote,2011-04-01,CNMD;EHTH;EW;JNPR;VMW,5,5,candidate_lseg_opra_tick_history,generic_authorized_market_data
option_trade,2011-04-04,CNMD;EHTH;EW;JNPR;VMW,5,5,candidate_lseg_opra_tick_history,generic_authorized_market_data
option_quote,2011-04-04,CNMD;EHTH;EW;JNPR;VMW,5,5,candidate_lseg_opra_tick_history,generic_authorized_market_data
option_trade,2011-04-05,CNMD;EHTH;EW;JNPR;VMW,5,5,candidate_lseg_opra_tick_history,generic_authorized_market_data
option_quote,2011-04-05,CNMD;EHTH;EW;JNPR;VMW,5,5,candidate_lseg_opra_tick_history,generic_authorized_market_data
option_trade,2011-04-06,CNMD;EHTH;EW;JNPR;VMW,5,5,candidate_lseg_opra_tick_history,generic_authorized_market_data
option_quote,2011-04-06,CNMD;EHTH;EW;JNPR;VMW,5,5,candidate_lseg_opra_tick_history,generic_authorized_market_data
option_trade,2011-04-07,CNMD;EHTH;EW;JNPR;VMW,5,5,candidate_lseg_opra_tick_history,generic_authorized_market_data
option_quote,2011-04-07,CNMD;EHTH;EW;JNPR;VMW,5,5,candidate_lseg_opra_tick_history,generic_authorized_market_data
option_trade,2011-04-08,CNMD;EHTH;EW;JNPR;VMW,5,5,candidate_lseg_opra_tick_history,generic_authorized_market_data
option_quote,2011-04-08,CNMD;EHTH;EW;JNPR;VMW,5,5,candidate_lseg_opra_tick_history,generic_authorized_market_data
option_trade,2011-04-11,CNMD;EHTH;EW;JNPR;VMW,5,5,candidate_lseg_opra_tick_history,generic_authorized_market_data
option_quote,2011-04-11,CNMD;EHTH;EW;JNPR;VMW,5,5,candidate_lseg_opra_tick_history,generic_authorized_market_data
option_trade,2011-04-12,CNMD;EHTH;EW;JNPR;VMW,5,5,candidate_lseg_opra_tick_history,generic_authorized_market_data
option_quote,2011-04-12,CNMD;EHTH;EW;JNPR;VMW,5,5,candidate_lseg_opra_tick_history,generic_authorized_market_data
option_trade,2011-04-13,CNMD;EHTH;EW;JNPR;VMW,5,5,candidate_lseg_opra_tick_history,generic_authorized_market_data
option_quote,2011-04-13,CNMD;EHTH;EW;JNPR;VMW,5,5,candidate_lseg_opra_tick_history,generic_authorized_market_data
option_trade,2011-04-14,CNMD;EHTH;EW;JNPR;VMW,5,5,candidate_lseg_opra_tick_history,generic_authorized_market_data
option_quote,2011-04-14,CNMD;EHTH;EW;JNPR;VMW,5,5,candidate_lseg_opra_tick_history,generic_authorized_market_data
option_trade,2011-04-15,CNMD;EHTH;EW;JNPR;VMW,5,5,candidate_lseg_opra_tick_history,generic_authorized_market_data
option_quote,2011-04-15,CNMD;EHTH;EW;JNPR;VMW,5,5,candidate_lseg_opra_tick_history,generic_authorized_market_data
option_trade,2011-04-18,CNMD;EHTH;EW;JNPR;VMW,5,5,candidate_lseg_opra_tick_history,generic_authorized_market_data
option_quote,2011-04-18,CNMD;EHTH;EW;JNPR;VMW,5,5,candidate_lseg_opra_tick_history,generic_authorized_market_data
option_trade,2011-04-19,CNMD;EHTH;EW;JNPR;VMW,5,5,candidate_lseg_opra_tick_history,generic_authorized_market_data
option_quote,2011-04-19,CNMD;EHTH;EW;JNPR;VMW,5,5,candidate_lseg_opra_tick_history,generic_authorized_market_data
option_trade,2011-04-20,CNMD;EHTH;EW,3,3,candidate_lseg_opra_tick_history,generic_authorized_market_data
option_quote,2011-04-20,CNMD;EHTH;EW,3,3,candidate_lseg_opra_tick_history,generic_authorized_market_data
option_trade,2011-04-21,CNMD;EHTH,2,2,candidate_lseg_opra_tick_history,generic_authorized_market_data
option_quote,2011-04-21,CNMD;EHTH,2,2,candidate_lseg_opra_tick_history,generic_authorized_market_data
option_trade,2011-04-25,CNMD;EHTH,2,2,candidate_lseg_opra_tick_history,generic_authorized_market_data
option_quote,2011-04-25,CNMD;EHTH,2,2,candidate_lseg_opra_tick_history,generic_authorized_market_data
option_trade,2011-04-26,CNMD;EHTH,2,2,candidate_lseg_opra_tick_history,generic_authorized_market_data
option_quote,2011-04-26,CNMD;EHTH,2,2,candidate_lseg_opra_tick_history,generic_authorized_market_data
option_trade,2011-04-27,CNMD,1,1,candidate_lseg_opra_tick_history,generic_authorized_market_data
option_quote,2011-04-27,CNMD,1,1,candidate_lseg_opra_tick_history,generic_authorized_market_data
option_trade,2011-06-20,CA,1,1,candidate_lseg_opra_tick_history,generic_authorized_market_data
option_quote,2011-06-20,CA,1,1,candidate_lseg_opra_tick_history,generic_authorized_market_data
option_trade,2011-06-21,CA,1,1,candidate_lseg_opra_tick_history,generic_authorized_market_data
option_quote,2011-06-21,CA,1,1,candidate_lseg_opra_tick_history,generic_authorized_market_data
option_trade,2011-06-22,CA,1,1,candidate_lseg_opra_tick_history,generic_authorized_market_data
option_quote,2011-06-22,CA,1,1,candidate_lseg_opra_tick_history,generic_authorized_market_data
option_trade,2011-06-23,CA,1,1,candidate_lseg_opra_tick_history,generic_authorized_market_data
option_quote,2011-06-23,CA,1,1,candidate_lseg_opra_tick_history,generic_authorized_market_data
option_trade,2011-06-24,CA;TPX,2,2,candidate_lseg_opra_tick_history,generic_authorized_market_data
option_quote,2011-06-24,CA;TPX,2,2,candidate_lseg_opra_tick_history,generic_authorized_market_data
option_trade,2011-06-27,BWA;CA;GT;TPX,4,4,candidate_lseg_opra_tick_history,generic_authorized_market_data
option_quote,2011-06-27,BWA;CA;GT;TPX,4,4,candidate_lseg_opra_tick_history,generic_authorized_market_data
option_trade,2011-06-28,BWA;CA;GT;TPX,4,4,candidate_lseg_opra_tick_history,generic_authorized_market_data
option_quote,2011-06-28,BWA;CA;GT;TPX,4,4,candidate_lseg_opra_tick_history,generic_authorized_market_data
option_trade,2011-06-29,BWA;CA;GT;TPX,4,4,candidate_lseg_opra_tick_history,generic_authorized_market_data
option_quote,2011-06-29,BWA;CA;GT;TPX,4,4,candidate_lseg_opra_tick_history,generic_authorized_market_data
option_trade,2011-06-30,BWA;CA;GT;TPX,4,4,candidate_lseg_opra_tick_history,generic_authorized_market_data
option_quote,2011-06-30,BWA;CA;GT;TPX,4,4,candidate_lseg_opra_tick_history,generic_authorized_market_data
option_trade,2011-07-01,BWA;CA;GT;TPX,4,4,candidate_lseg_opra_tick_history,generic_authorized_market_data
option_quote,2011-07-01,BWA;CA;GT;TPX,4,4,candidate_lseg_opra_tick_history,generic_authorized_market_data
option_trade,2011-07-05,BWA;CA;DNDN;GT;TPX,5,5,candidate_lseg_opra_tick_history,generic_authorized_market_data
option_quote,2011-07-05,BWA;CA;DNDN;GT;TPX,5,5,candidate_lseg_opra_tick_history,generic_authorized_market_data
option_trade,2011-07-06,BWA;CA;DNDN;GT;TPX,5,5,candidate_lseg_opra_tick_history,generic_authorized_market_data
option_quote,2011-07-06,BWA;CA;DNDN;GT;TPX,5,5,candidate_lseg_opra_tick_history,generic_authorized_market_data
option_trade,2011-07-07,BWA;CA;DNDN;GT;TPX,5,5,candidate_lseg_opra_tick_history,generic_authorized_market_data
option_quote,2011-07-07,BWA;CA;DNDN;GT;TPX,5,5,candidate_lseg_opra_tick_history,generic_authorized_market_data
option_trade,2011-07-08,BWA;CA;DNDN;GT;TPX,5,5,candidate_lseg_opra_tick_history,generic_authorized_market_data
option_quote,2011-07-08,BWA;CA;DNDN;GT;TPX,5,5,candidate_lseg_opra_tick_history,generic_authorized_market_data
option_trade,2011-07-11,BWA;CA;DNDN;GT;TPX,5,5,candidate_lseg_opra_tick_history,generic_authorized_market_data
option_quote,2011-07-11,BWA;CA;DNDN;GT;TPX,5,5,candidate_lseg_opra_tick_history,generic_authorized_market_data
option_trade,2011-07-12,BWA;CA;DNDN;GT;TPX,5,5,candidate_lseg_opra_tick_history,generic_authorized_market_data
option_quote,2011-07-12,BWA;CA;DNDN;GT;TPX,5,5,candidate_lseg_opra_tick_history,generic_authorized_market_data
option_trade,2011-07-13,BWA;CA;DNDN;GT;TPX,5,5,candidate_lseg_opra_tick_history,generic_authorized_market_data
option_quote,2011-07-13,BWA;CA;DNDN;GT;TPX,5,5,candidate_lseg_opra_tick_history,generic_authorized_market_data
option_trade,2011-07-14,BWA;CA;DNDN;GT;TPX,5,5,candidate_lseg_opra_tick_history,generic_authorized_market_data
option_quote,2011-07-14,BWA;CA;DNDN;GT;TPX,5,5,candidate_lseg_opra_tick_history,generic_authorized_market_data
option_trade,2011-07-15,BWA;CA;DNDN;GT;TPX,5,5,candidate_lseg_opra_tick_history,generic_authorized_market_data
option_quote,2011-07-15,BWA;CA;DNDN;GT;TPX,5,5,candidate_lseg_opra_tick_history,generic_authorized_market_data
option_trade,2011-07-18,BWA;CA;DNDN;GT;TPX,5,5,candidate_lseg_opra_tick_history,generic_authorized_market_data
option_quote,2011-07-18,BWA;CA;DNDN;GT;TPX,5,5,candidate_lseg_opra_tick_history,generic_authorized_market_data
option_trade,2011-07-19,BWA;CA;DNDN;GT;TPX,5,5,candidate_lseg_opra_tick_history,generic_authorized_market_data
option_quote,2011-07-19,BWA;CA;DNDN;GT;TPX,5,5,candidate_lseg_opra_tick_history,generic_authorized_market_data
option_trade,2011-07-20,BWA;CA;DNDN;FL;GT;TPX,6,6,candidate_lseg_opra_tick_history,generic_authorized_market_data
option_quote,2011-07-20,BWA;CA;DNDN;FL;GT;TPX,6,6,candidate_lseg_opra_tick_history,generic_authorized_market_data
option_trade,2011-07-21,BWA;DNDN;FL;GT;TPX,5,5,candidate_lseg_opra_tick_history,generic_authorized_market_data
option_quote,2011-07-21,BWA;DNDN;FL;GT;TPX,5,5,candidate_lseg_opra_tick_history,generic_authorized_market_data
option_trade,2011-07-22,BWA;DNDN;FL;GT;TPX,5,5,candidate_lseg_opra_tick_history,generic_authorized_market_data
option_quote,2011-07-22,BWA;DNDN;FL;GT;TPX,5,5,candidate_lseg_opra_tick_history,generic_authorized_market_data
option_trade,2011-07-25,BWA;DNDN;FL;GT;TPX,5,5,candidate_lseg_opra_tick_history,generic_authorized_market_data
option_quote,2011-07-25,BWA;DNDN;FL;GT;TPX,5,5,candidate_lseg_opra_tick_history,generic_authorized_market_data
option_trade,2011-07-26,BWA;DNDN;FL;GT;TPX,5,5,candidate_lseg_opra_tick_history,generic_authorized_market_data
option_quote,2011-07-26,BWA;DNDN;FL;GT;TPX,5,5,candidate_lseg_opra_tick_history,generic_authorized_market_data
option_trade,2011-07-27,BWA;DNDN;FL;GT,4,4,candidate_lseg_opra_tick_history,generic_authorized_market_data
option_quote,2011-07-27,BWA;DNDN;FL;GT,4,4,candidate_lseg_opra_tick_history,generic_authorized_market_data
option_trade,2011-07-28,DNDN;FL,2,2,candidate_lseg_opra_tick_history,generic_authorized_market_data
option_quote,2011-07-28,DNDN;FL,2,2,candidate_lseg_opra_tick_history,generic_authorized_market_data
option_trade,2011-07-29,DNDN;FL,2,2,candidate_lseg_opra_tick_history,generic_authorized_market_data
option_quote,2011-07-29,DNDN;FL,2,2,candidate_lseg_opra_tick_history,generic_authorized_market_data
option_trade,2011-08-01,DNDN;FL,2,2,candidate_lseg_opra_tick_history,generic_authorized_market_data
option_quote,2011-08-01,DNDN;FL,2,2,candidate_lseg_opra_tick_history,generic_authorized_market_data
option_trade,2011-08-02,DNDN;FL,2,2,candidate_lseg_opra_tick_history,generic_authorized_market_data
option_quote,2011-08-02,DNDN;FL,2,2,candidate_lseg_opra_tick_history,generic_authorized_market_data
option_trade,2011-08-03,DNDN;FL,2,2,candidate_lseg_opra_tick_history,generic_authorized_market_data
option_quote,2011-08-03,DNDN;FL,2,2,candidate_lseg_opra_tick_history,generic_authorized_market_data
option_trade,2011-08-04,FL,1,1,candidate_lseg_opra_tick_history,generic_authorized_market_data
option_quote,2011-08-04,FL,1,1,candidate_lseg_opra_tick_history,generic_authorized_market_data
option_trade,2011-08-05,FL,1,1,candidate_lseg_opra_tick_history,generic_authorized_market_data
option_quote,2011-08-05,FL,1,1,candidate_lseg_opra_tick_history,generic_authorized_market_data
option_trade,2011-08-08,FL,1,1,candidate_lseg_opra_tick_history,generic_authorized_market_data
option_quote,2011-08-08,FL,1,1,candidate_lseg_opra_tick_history,generic_authorized_market_data
option_trade,2011-08-09,FL,1,1,candidate_lseg_opra_tick_history,generic_authorized_market_data
option_quote,2011-08-09,FL,1,1,candidate_lseg_opra_tick_history,generic_authorized_market_data
option_trade,2011-08-10,FL,1,1,candidate_lseg_opra_tick_history,generic_authorized_market_data
option_quote,2011-08-10,FL,1,1,candidate_lseg_opra_tick_history,generic_authorized_market_data
option_trade,2011-08-11,FL,1,1,candidate_lseg_opra_tick_history,generic_authorized_market_data
option_quote,2011-08-11,FL,1,1,candidate_lseg_opra_tick_history,generic_authorized_market_data
option_trade,2011-08-12,FL,1,1,candidate_lseg_opra_tick_history,generic_authorized_market_data
option_quote,2011-08-12,FL,1,1,candidate_lseg_opra_tick_history,generic_authorized_market_data
option_trade,2011-08-15,FL,1,1,candidate_lseg_opra_tick_history,generic_authorized_market_data
option_quote,2011-08-15,FL,1,1,candidate_lseg_opra_tick_history,generic_authorized_market_data
option_trade,2011-08-16,FL,1,1,candidate_lseg_opra_tick_history,generic_authorized_market_data
option_quote,2011-08-16,FL,1,1,candidate_lseg_opra_tick_history,generic_authorized_market_data
option_trade,2011-08-17,FL,1,1,candidate_lseg_opra_tick_history,generic_authorized_market_data
option_quote,2011-08-17,FL,1,1,candidate_lseg_opra_tick_history,generic_authorized_market_data
option_trade,2011-08-18,FL,1,1,candidate_lseg_opra_tick_history,generic_authorized_market_data
option_quote,2011-08-18,FL,1,1,candidate_lseg_opra_tick_history,generic_authorized_market_data
option_trade,2011-09-21,MUSA,1,1,candidate_lseg_opra_tick_history,generic_authorized_market_data
option_quote,2011-09-21,MUSA,1,1,candidate_lseg_opra_tick_history,generic_authorized_market_data
option_trade,2011-09-22,LSTR;MUSA,2,2,candidate_lseg_opra_tick_history,generic_authorized_market_data
option_quote,2011-09-22,LSTR;MUSA,2,2,candidate_lseg_opra_tick_history,generic_authorized_market_data
option_trade,2011-09-23,LSTR;MUSA,2,2,candidate_lseg_opra_tick_history,generic_authorized_market_data
option_quote,2011-09-23,LSTR;MUSA,2,2,candidate_lseg_opra_tick_history,generic_authorized_market_data
option_trade,2011-09-26,LSTR;MUSA,2,2,candidate_lseg_opra_tick_history,generic_authorized_market_data
option_quote,2011-09-26,LSTR;MUSA,2,2,candidate_lseg_opra_tick_history,generic_authorized_market_data
option_trade,2011-09-27,LSTR;MUSA;VDSI,3,3,candidate_lseg_opra_tick_history,generic_authorized_market_data
option_quote,2011-09-27,LSTR;MUSA;VDSI,3,3,candidate_lseg_opra_tick_history,generic_authorized_market_data
option_trade,2011-09-28,AGP;LSTR;MUSA;VDSI,4,4,candidate_lseg_opra_tick_history,generic_authorized_market_data
option_quote,2011-09-28,AGP;LSTR;MUSA;VDSI,4,4,candidate_lseg_opra_tick_history,generic_authorized_market_data
option_trade,2011-09-29,AGP;LSTR;MUSA;VDSI,4,4,candidate_lseg_opra_tick_history,generic_authorized_market_data
option_quote,2011-09-29,AGP;LSTR;MUSA;VDSI,4,4,candidate_lseg_opra_tick_history,generic_authorized_market_data
option_trade,2011-09-30,AGP;LSTR;MUSA;VDSI,4,4,candidate_lseg_opra_tick_history,generic_authorized_market_data
option_quote,2011-09-30,AGP;LSTR;MUSA;VDSI,4,4,candidate_lseg_opra_tick_history,generic_authorized_market_data
option_trade,2011-10-03,AGP;LSTR;MUSA;VDSI,4,4,candidate_lseg_opra_tick_history,generic_authorized_market_data
option_quote,2011-10-03,AGP;LSTR;MUSA;VDSI,4,4,candidate_lseg_opra_tick_history,generic_authorized_market_data
option_trade,2011-10-04,AGP;LSTR;MUSA;VDSI,4,4,candidate_lseg_opra_tick_history,generic_authorized_market_data
option_quote,2011-10-04,AGP;LSTR;MUSA;VDSI,4,4,candidate_lseg_opra_tick_history,generic_authorized_market_data
option_trade,2011-10-05,AGP;LSTR;MUSA;VDSI,4,4,candidate_lseg_opra_tick_history,generic_authorized_market_data
option_quote,2011-10-05,AGP;LSTR;MUSA;VDSI,4,4,candidate_lseg_opra_tick_history,generic_authorized_market_data
option_trade,2011-10-06,AGP;LSTR;MUSA;VDSI,4,4,candidate_lseg_opra_tick_history,generic_authorized_market_data
option_quote,2011-10-06,AGP;LSTR;MUSA;VDSI,4,4,candidate_lseg_opra_tick_history,generic_authorized_market_data
option_trade,2011-10-07,AGP;LSTR;MUSA;VDSI,4,4,candidate_lseg_opra_tick_history,generic_authorized_market_data
option_quote,2011-10-07,AGP;LSTR;MUSA;VDSI,4,4,candidate_lseg_opra_tick_history,generic_authorized_market_data
option_trade,2011-10-10,AGP;LSTR;MUSA;VDSI,4,4,candidate_lseg_opra_tick_history,generic_authorized_market_data
option_quote,2011-10-10,AGP;LSTR;MUSA;VDSI,4,4,candidate_lseg_opra_tick_history,generic_authorized_market_data
option_trade,2011-10-11,AGP;LSTR;MUSA;VDSI,4,4,candidate_lseg_opra_tick_history,generic_authorized_market_data
option_quote,2011-10-11,AGP;LSTR;MUSA;VDSI,4,4,candidate_lseg_opra_tick_history,generic_authorized_market_data
option_trade,2011-10-12,AGP;LSTR;MUSA;VDSI,4,4,candidate_lseg_opra_tick_history,generic_authorized_market_data
option_quote,2011-10-12,AGP;LSTR;MUSA;VDSI,4,4,candidate_lseg_opra_tick_history,generic_authorized_market_data
option_trade,2011-10-13,AGP;LSTR;MUSA;VDSI,4,4,candidate_lseg_opra_tick_history,generic_authorized_market_data
option_quote,2011-10-13,AGP;LSTR;MUSA;VDSI,4,4,candidate_lseg_opra_tick_history,generic_authorized_market_data
option_trade,2011-10-14,AGP;LSTR;MUSA;VDSI,4,4,candidate_lseg_opra_tick_history,generic_authorized_market_data
option_quote,2011-10-14,AGP;LSTR;MUSA;VDSI,4,4,candidate_lseg_opra_tick_history,generic_authorized_market_data
option_trade,2011-10-17,AGP;LSTR;MUSA;VDSI,4,4,candidate_lseg_opra_tick_history,generic_authorized_market_data
option_quote,2011-10-17,AGP;LSTR;MUSA;VDSI,4,4,candidate_lseg_opra_tick_history,generic_authorized_market_data
option_trade,2011-10-18,AGP;LSTR;MUSA;VDSI,4,4,candidate_lseg_opra_tick_history,generic_authorized_market_data
option_quote,2011-10-18,AGP;LSTR;MUSA;VDSI,4,4,candidate_lseg_opra_tick_history,generic_authorized_market_data
option_trade,2011-10-19,AGP;LSTR;MUSA;VDSI,4,4,candidate_lseg_opra_tick_history,generic_authorized_market_data
option_quote,2011-10-19,AGP;LSTR;MUSA;VDSI,4,4,candidate_lseg_opra_tick_history,generic_authorized_market_data
option_trade,2011-10-20,AGP;LSTR;MUSA;VDSI,4,4,candidate_lseg_opra_tick_history,generic_authorized_market_data
option_quote,2011-10-20,AGP;LSTR;MUSA;VDSI,4,4,candidate_lseg_opra_tick_history,generic_authorized_market_data
option_trade,2011-10-21,AGP;LSTR;VDSI,3,3,candidate_lseg_opra_tick_history,generic_authorized_market_data
option_quote,2011-10-21,AGP;LSTR;VDSI,3,3,candidate_lseg_opra_tick_history,generic_authorized_market_data
option_trade,2011-10-24,AGP;VDSI,2,2,candidate_lseg_opra_tick_history,generic_authorized_market_data
option_quote,2011-10-24,AGP;VDSI,2,2,candidate_lseg_opra_tick_history,generic_authorized_market_data
option_trade,2011-10-25,AGP;VDSI,2,2,candidate_lseg_opra_tick_history,generic_authorized_market_data
option_quote,2011-10-25,AGP;VDSI,2,2,candidate_lseg_opra_tick_history,generic_authorized_market_data
option_trade,2011-10-26,AGP;VDSI,2,2,candidate_lseg_opra_tick_history,generic_authorized_market_data
option_quote,2011-10-26,AGP;VDSI,2,2,candidate_lseg_opra_tick_history,generic_authorized_market_data
option_trade,2011-10-27,AGP,1,1,candidate_lseg_opra_tick_history,generic_authorized_market_data
option_quote,2011-10-27,AGP,1,1,candidate_lseg_opra_tick_history,generic_authorized_market_data
option_trade,2011-12-20,IGT;MDP,2,2,candidate_lseg_opra_tick_history,generic_authorized_market_data
option_quote,2011-12-20,IGT;MDP,2,2,candidate_lseg_opra_tick_history,generic_authorized_market_data
option_trade,2011-12-21,BA;CA;IBKC;IGT;MDP;RES;ROL;WRLD,8,8,candidate_lseg_opra_tick_history,generic_authorized_market_data
option_quote,2011-12-21,BA;CA;IBKC;IGT;MDP;RES;ROL;WRLD,8,8,candidate_lseg_opra_tick_history,generic_authorized_market_data
option_trade,2011-12-22,AF;BA;CA;CAT;DEST;IBKC;IGT;ISSI;MDP;NVR;RES;ROL;SYMM;VAR;WRLD,15,15,candidate_lseg_opra_tick_history,generic_authorized_market_data
option_quote,2011-12-22,AF;BA;CA;CAT;DEST;IBKC;IGT;ISSI;MDP;NVR;RES;ROL;SYMM;VAR;WRLD,15,15,candidate_lseg_opra_tick_history,generic_authorized_market_data
option_trade,2011-12-23,AF;BA;CA;CAT;CB;DEST;HON;IBKC;IDXX;IGT;ISSI;MDP;MSCC;MUSA;MXIM;NVR;RES;ROL;SYMM;VAR;WRLD,21,21,candidate_lseg_opra_tick_history,generic_authorized_market_data
option_quote,2011-12-23,AF;BA;CA;CAT;CB;DEST;HON;IBKC;IDXX;IGT;ISSI;MDP;MSCC;MUSA;MXIM;NVR;RES;ROL;SYMM;VAR;WRLD,21,21,candidate_lseg_opra_tick_history,generic_authorized_market_data
option_trade,2011-12-27,AF;BA;CA;CAT;CB;DEST;HAE;HON;IBKC;IDXX;IGT;ISSI;MDP;MSCC;MUSA;MXIM;NVR;RES;ROL;SYMM;VAR;WRLD,22,22,candidate_lseg_opra_tick_history,generic_authorized_market_data
option_quote,2011-12-27,AF;BA;CA;CAT;CB;DEST;HAE;HON;IBKC;IDXX;IGT;ISSI;MDP;MSCC;MUSA;MXIM;NVR;RES;ROL;SYMM;VAR;WRLD,22,22,candidate_lseg_opra_tick_history,generic_authorized_market_data
option_trade,2011-12-28,AF;BA;CA;CAT;CB;DEST;HAE;HON;IBKC;IDXX;IGT;ISSI;MDP;MSCC;MUSA;MXIM;NVR;RES;ROL;SYMM;VAR;WRLD,22,22,candidate_lseg_opra_tick_history,generic_authorized_market_data
option_quote,2011-12-28,AF;BA;CA;CAT;CB;DEST;HAE;HON;IBKC;IDXX;IGT;ISSI;MDP;MSCC;MUSA;MXIM;NVR;RES;ROL;SYMM;VAR;WRLD,22,22,candidate_lseg_opra_tick_history,generic_authorized_market_data
option_trade,2011-12-29,AF;BA;CA;CAT;CB;DEST;HAE;HON;IBKC;IDXX;IGT;ISSI;MDP;MSCC;MUSA;MXIM;NVR;RES;ROL;SYMM;VAR;WRLD,22,22,candidate_lseg_opra_tick_history,generic_authorized_market_data
option_quote,2011-12-29,AF;BA;CA;CAT;CB;DEST;HAE;HON;IBKC;IDXX;IGT;ISSI;MDP;MSCC;MUSA;MXIM;NVR;RES;ROL;SYMM;VAR;WRLD,22,22,candidate_lseg_opra_tick_history,generic_authorized_market_data
option_trade,2011-12-30,AF;BA;CA;CAT;CB;DEST;HAE;HON;IBKC;IDXX;IGT;ISSI;MDP;MSCC;MUSA;MXIM;NVR;RES;ROL;SYMM;VAR;WRLD,22,22,candidate_lseg_opra_tick_history,generic_authorized_market_data
option_quote,2011-12-30,AF;BA;CA;CAT;CB;DEST;HAE;HON;IBKC;IDXX;IGT;ISSI;MDP;MSCC;MUSA;MXIM;NVR;RES;ROL;SYMM;VAR;WRLD,22,22,candidate_lseg_opra_tick_history,generic_authorized_market_data
option_trade,2012-01-03,AF;BA;CA;CAT;CB;DEST;HAE;HON;IBKC;IDXX;IGT;ISSI;MDP;MSCC;MUSA;MXIM;NVR;RES;ROL;SYMM;VAR;WRLD,22,22,candidate_lseg_opra_tick_history,generic_authorized_market_data
option_quote,2012-01-03,AF;BA;CA;CAT;CB;DEST;HAE;HON;IBKC;IDXX;IGT;ISSI;MDP;MSCC;MUSA;MXIM;NVR;RES;ROL;SYMM;VAR;WRLD,22,22,candidate_lseg_opra_tick_history,generic_authorized_market_data
option_trade,2012-01-04,AF;BA;CA;CAT;CB;DEST;HAE;HON;IBKC;IDXX;IGT;ISSI;MDP;MSCC;MUSA;MXIM;NVR;RES;ROL;SYMM;VAR;WRLD,22,22,candidate_lseg_opra_tick_history,generic_authorized_market_data
option_quote,2012-01-04,AF;BA;CA;CAT;CB;DEST;HAE;HON;IBKC;IDXX;IGT;ISSI;MDP;MSCC;MUSA;MXIM;NVR;RES;ROL;SYMM;VAR;WRLD,22,22,candidate_lseg_opra_tick_history,generic_authorized_market_data
option_trade,2012-01-05,AF;BA;CA;CAT;CB;DEST;HAE;HON;IBKC;IDXX;IGT;ISSI;MDP;MSCC;MUSA;MXIM;NVR;RES;ROL;SYMM;VAR;WRLD,22,22,candidate_lseg_opra_tick_history,generic_authorized_market_data
option_quote,2012-01-05,AF;BA;CA;CAT;CB;DEST;HAE;HON;IBKC;IDXX;IGT;ISSI;MDP;MSCC;MUSA;MXIM;NVR;RES;ROL;SYMM;VAR;WRLD,22,22,candidate_lseg_opra_tick_history,generic_authorized_market_data
option_trade,2012-01-06,AF;BA;CA;CAT;CB;DEST;HAE;HON;IBKC;IDXX;IGT;ISSI;MDP;MSCC;MUSA;MXIM;NVR;RES;ROL;SYMM;VAR;WRLD,22,22,candidate_lseg_opra_tick_history,generic_authorized_market_data
option_quote,2012-01-06,AF;BA;CA;CAT;CB;DEST;HAE;HON;IBKC;IDXX;IGT;ISSI;MDP;MSCC;MUSA;MXIM;NVR;RES;ROL;SYMM;VAR;WRLD,22,22,candidate_lseg_opra_tick_history,generic_authorized_market_data
option_trade,2012-01-09,AF;BA;CA;CAT;CB;DEST;HAE;HON;IBKC;IDXX;IGT;ISSI;MDP;MSCC;MUSA;MXIM;NVR;RES;ROL;SYMM;VAR;WRLD,22,22,candidate_lseg_opra_tick_history,generic_authorized_market_data
option_quote,2012-01-09,AF;BA;CA;CAT;CB;DEST;HAE;HON;IBKC;IDXX;IGT;ISSI;MDP;MSCC;MUSA;MXIM;NVR;RES;ROL;SYMM;VAR;WRLD,22,22,candidate_lseg_opra_tick_history,generic_authorized_market_data
option_trade,2012-01-10,AF;BA;CA;CAT;CB;DEST;HAE;HON;IBKC;IDXX;IGT;ISSI;MDP;MSCC;MUSA;MXIM;NVR;RES;ROL;SYMM;VAR;WRLD,22,22,candidate_lseg_opra_tick_history,generic_authorized_market_data
option_quote,2012-01-10,AF;BA;CA;CAT;CB;DEST;HAE;HON;IBKC;IDXX;IGT;ISSI;MDP;MSCC;MUSA;MXIM;NVR;RES;ROL;SYMM;VAR;WRLD,22,22,candidate_lseg_opra_tick_history,generic_authorized_market_data
option_trade,2012-01-11,AF;BA;CA;CAT;CB;DEST;HAE;HON;IBKC;IDXX;IGT;ISSI;MDP;MSCC;MUSA;MXIM;NVR;RES;ROL;SYMM;VAR;WRLD,22,22,candidate_lseg_opra_tick_history,generic_authorized_market_data
option_quote,2012-01-11,AF;BA;CA;CAT;CB;DEST;HAE;HON;IBKC;IDXX;IGT;ISSI;MDP;MSCC;MUSA;MXIM;NVR;RES;ROL;SYMM;VAR;WRLD,22,22,candidate_lseg_opra_tick_history,generic_authorized_market_data
option_trade,2012-01-12,AF;BA;CA;CAT;CB;DEST;HAE;HON;IBKC;IDXX;IGT;ISSI;MDP;MSCC;MUSA;MXIM;NVR;RES;ROL;SYMM;VAR;WRLD,22,22,candidate_lseg_opra_tick_history,generic_authorized_market_data
option_quote,2012-01-12,AF;BA;CA;CAT;CB;DEST;HAE;HON;IBKC;IDXX;IGT;ISSI;MDP;MSCC;MUSA;MXIM;NVR;RES;ROL;SYMM;VAR;WRLD,22,22,candidate_lseg_opra_tick_history,generic_authorized_market_data
option_trade,2012-01-13,AF;BA;CA;CAT;CB;DEST;HAE;HON;IBKC;IDXX;IGT;ISSI;MDP;MSCC;MUSA;MXIM;NVR;RES;ROL;SYMM;VAR;WRLD,22,22,candidate_lseg_opra_tick_history,generic_authorized_market_data
option_quote,2012-01-13,AF;BA;CA;CAT;CB;DEST;HAE;HON;IBKC;IDXX;IGT;ISSI;MDP;MSCC;MUSA;MXIM;NVR;RES;ROL;SYMM;VAR;WRLD,22,22,candidate_lseg_opra_tick_history,generic_authorized_market_data
option_trade,2012-01-17,AF;BA;CA;CAT;CB;DEST;HAE;HON;IBKC;IDXX;IGT;ISSI;MDP;MSCC;MUSA;MXIM;NVR;RES;ROL;SYMM;VAR;WRLD,22,22,candidate_lseg_opra_tick_history,generic_authorized_market_data
option_quote,2012-01-17,AF;BA;CA;CAT;CB;DEST;HAE;HON;IBKC;IDXX;IGT;ISSI;MDP;MSCC;MUSA;MXIM;NVR;RES;ROL;SYMM;VAR;WRLD,22,22,candidate_lseg_opra_tick_history,generic_authorized_market_data
option_trade,2012-01-18,AF;BA;CA;CAT;CB;DEST;HAE;HON;IBKC;IDXX;IGT;ISSI;MDP;MSCC;MUSA;MXIM;NVR;RES;ROL;SYMM;VAR;WRLD,22,22,candidate_lseg_opra_tick_history,generic_authorized_market_data
option_quote,2012-01-18,AF;BA;CA;CAT;CB;DEST;HAE;HON;IBKC;IDXX;IGT;ISSI;MDP;MSCC;MUSA;MXIM;NVR;RES;ROL;SYMM;VAR;WRLD,22,22,candidate_lseg_opra_tick_history,generic_authorized_market_data
option_trade,2012-01-19,AF;BA;CA;CAT;CB;DEST;HAE;HON;IBKC;IDXX;IGT;ISSI;MDP;MSCC;MUSA;MXIM;NVR;RES;ROL;SYMM;VAR;WRLD,22,22,candidate_lseg_opra_tick_history,generic_authorized_market_data
option_quote,2012-01-19,AF;BA;CA;CAT;CB;DEST;HAE;HON;IBKC;IDXX;IGT;ISSI;MDP;MSCC;MUSA;MXIM;NVR;RES;ROL;SYMM;VAR;WRLD,22,22,candidate_lseg_opra_tick_history,generic_authorized_market_data
option_trade,2012-01-20,AF;BA;CA;CAT;CB;DEST;HAE;HON;IBKC;IDXX;IGT;ISSI;MDP;MSCC;MUSA;MXIM;NVR;RES;ROL;SYMM;VAR;WRLD,22,22,candidate_lseg_opra_tick_history,generic_authorized_market_data
option_quote,2012-01-20,AF;BA;CA;CAT;CB;DEST;HAE;HON;IBKC;IDXX;IGT;ISSI;MDP;MSCC;MUSA;MXIM;NVR;RES;ROL;SYMM;VAR;WRLD,22,22,candidate_lseg_opra_tick_history,generic_authorized_market_data
option_trade,2012-01-23,AF;BA;CA;CAT;CB;DEST;HAE;HON;IBKC;IDXX;IGT;ISSI;MDP;MSCC;MUSA;MXIM;NVR;RES;ROL;SYMM;VAR;WRLD,22,22,candidate_lseg_opra_tick_history,generic_authorized_market_data
option_quote,2012-01-23,AF;BA;CA;CAT;CB;DEST;HAE;HON;IBKC;IDXX;IGT;ISSI;MDP;MSCC;MUSA;MXIM;NVR;RES;ROL;SYMM;VAR;WRLD,22,22,candidate_lseg_opra_tick_history,generic_authorized_market_data
option_trade,2012-01-24,AF;BA;CA;CAT;CB;DEST;HAE;HON;IBKC;IDXX;ISSI;MSCC;MUSA;MXIM;NVR;RES;ROL;SYMM;VAR;WRLD,20,20,candidate_lseg_opra_tick_history,generic_authorized_market_data
option_quote,2012-01-24,AF;BA;CA;CAT;CB;DEST;HAE;HON;IBKC;IDXX;ISSI;MSCC;MUSA;MXIM;NVR;RES;ROL;SYMM;VAR;WRLD,20,20,candidate_lseg_opra_tick_history,generic_authorized_market_data
option_trade,2012-01-25,AF;CAT;CB;DEST;HAE;HON;IDXX;ISSI;MSCC;MUSA;MXIM;NVR;SYMM;VAR,14,14,candidate_lseg_opra_tick_history,generic_authorized_market_data
option_quote,2012-01-25,AF;CAT;CB;DEST;HAE;HON;IDXX;ISSI;MSCC;MUSA;MXIM;NVR;SYMM;VAR,14,14,candidate_lseg_opra_tick_history,generic_authorized_market_data
option_trade,2012-01-26,CB;HAE;HON;IDXX;MSCC;MUSA;MXIM,7,7,candidate_lseg_opra_tick_history,generic_authorized_market_data
option_quote,2012-01-26,CB;HAE;HON;IDXX;MSCC;MUSA;MXIM,7,7,candidate_lseg_opra_tick_history,generic_authorized_market_data
option_trade,2012-01-27,HAE,1,1,candidate_lseg_opra_tick_history,generic_authorized_market_data
option_quote,2012-01-27,HAE,1,1,candidate_lseg_opra_tick_history,generic_authorized_market_data
