event_id,historical_symbol,event_date,first_documented_illicit_trade_ts,audit_status,candidate_timestamp,candidate_title,source_repository,source_ref,source_path,production_g1_status
HEJFE-5CB3223BB28A6F14,BWA,2011-07-27,2011-07-27T14:59:00Z,github_timestamp_candidate,2011-07-28 08:01:00-04:00,Borg Warner Reports Q2 EPS $1.12 vs $0.99 Est; Revenues $1.82B vs $1.74B Est  ,rzrizaldy/StockMatch,14fd3fa139dfdce7c518fb222b139b675deefd1f,data/stock_sentiment/BWA.csv,NOT_VERIFIED_FOR_G1
HEJFE-B9C8B3D0EF3DCB5E,CACI,2015-04-29,2015-04-29T18:54:00Z,github_timestamp_candidate,2015-04-29 16:06:00-04:00,CACI Int'l Reports Q3 EPS $1.18 Vs Est $1.27,rzrizaldy/StockMatch,14fd3fa139dfdce7c518fb222b139b675deefd1f,data/stock_sentiment/CACI.csv,NOT_VERIFIED_FOR_G1
HEJFE-EDF80619CED083CB,CAG,2015-03-25,2015-03-25T19:19:00Z,github_timestamp_candidate,2015-03-26 07:30:00-04:00,"Conagra Q3 EPS $0.59 vs $0.52 est, Raises Guidance",rzrizaldy/StockMatch,14fd3fa139dfdce7c518fb222b139b675deefd1f,data/stock_sentiment/CAG.csv,NOT_VERIFIED_FOR_G1
HEJFE-760E36DA94752F1E,CAKE,2015-04-22,2015-04-22T18:22:00Z,github_timestamp_candidate,2015-04-22 16:15:00-04:00,"CHeesecake Factory Reports Q1 EPS $0.56 Vs Est $0.48, Sales $518M Vs Est $519.95M",rzrizaldy/StockMatch,14fd3fa139dfdce7c518fb222b139b675deefd1f,data/stock_sentiment/CAKE.csv,NOT_VERIFIED_FOR_G1
HEJFE-ED8CFC03F1053B9A,CAMP,2013-04-25,2013-04-25T19:48:00Z,github_timestamp_candidate,2013-04-25 16:52:00-04:00,CalAmp Corp. Reports Q4 EPS of $0.16 vs $0.14 Est; Revenue of $48.40M,rzrizaldy/StockMatch,14fd3fa139dfdce7c518fb222b139b675deefd1f,data/stock_sentiment/CAMP.csv,NOT_VERIFIED_FOR_G1
HEJFE-95933AA0B84D2F60,CAT,2012-01-25,2012-01-25T19:35:00Z,github_timestamp_candidate,2012-01-26 08:47:00-05:00,"UPDATE: Caterpillar Reports 60% Surge In Q4 Earnings, Lifts Forecast",rzrizaldy/StockMatch,14fd3fa139dfdce7c518fb222b139b675deefd1f,data/stock_sentiment/CAT.csv,NOT_VERIFIED_FOR_G1
HEJFE-9DF82252ED78E41F,CBT,2015-04-29,2015-04-29T17:33:00Z,no_qualifying_post_trade_row,,,rzrizaldy/StockMatch,14fd3fa139dfdce7c518fb222b139b675deefd1f,data/stock_sentiment/CBT.csv,UNRESOLVED
HEJFE-7CA38C1FDA5EA4D0,CENX,2013-04-25,2013-04-25T19:22:00Z,no_qualifying_post_trade_row,,,rzrizaldy/StockMatch,14fd3fa139dfdce7c518fb222b139b675deefd1f,data/stock_sentiment/CENX.csv,UNRESOLVED
HEJFE-FBA59D82CEE8FD00,CGNX,2015-02-12,2015-02-12T19:04:00Z,no_qualifying_post_trade_row,,,rzrizaldy/StockMatch,14fd3fa139dfdce7c518fb222b139b675deefd1f,data/stock_sentiment/CGNX.csv,UNRESOLVED
HEJFE-8EAA8616B1750B40,CGNX,2015-05-04,2015-05-04T19:09:00Z,no_qualifying_post_trade_row,,,rzrizaldy/StockMatch,14fd3fa139dfdce7c518fb222b139b675deefd1f,data/stock_sentiment/CGNX.csv,UNRESOLVED
HEJFE-5408AADD0CBD54E8,CMP,2015-04-27,2015-04-27T19:46:00Z,github_timestamp_candidate,2015-04-27 16:16:00-04:00,"Compass Minerals Reports Q1 EPS $1.79 vs $1.76 Est., Sales $393M vs $412.3M Est.",rzrizaldy/StockMatch,14fd3fa139dfdce7c518fb222b139b675deefd1f,data/stock_sentiment/CMP.csv,NOT_VERIFIED_FOR_G1
HEJFE-7C93D3838E60926C,CMTL,2014-12-10,2014-12-10T20:41:00Z,github_timestamp_candidate,2014-12-10 16:03:00-05:00,Comtech Telecommunications Corp. Reports Q1 EPS of $0.32 vs $0.29 Est,rzrizaldy/StockMatch,14fd3fa139dfdce7c518fb222b139b675deefd1f,data/stock_sentiment/CMTL.csv,NOT_VERIFIED_FOR_G1
HEJFE-A413A5AC6E515E3C,CNMD,2011-04-27,2011-04-27T19:22:00Z,github_timestamp_candidate,2011-04-28 08:46:00-04:00,CONMED Corporation Reports EPS of $0.31 vs. $0.31 Estimate; Revenues $183.5M vs. $181.85M Estimate (CNMD),rzrizaldy/StockMatch,14fd3fa139dfdce7c518fb222b139b675deefd1f,data/stock_sentiment/CNMD.csv,NOT_VERIFIED_FOR_G1
