event_id,historical_symbol,effective_date,primary_exchange,evidence_kind,evidence_date,source_grade,source_reference,evidence_excerpt,research_use_only
HEJFE-00D863517A3A754C,URI,2015-01-21,XNYS,replication_archive_press_release,2015-01-21,B,github:vgreg/hacked_earnings_jfe@c23c7d79d067a79d70cf20e31b072d3703497eae:Data/Press releases/2015.zip::2015/QTR1/85663_20150121_0.txt,announces fourth quarter full year results provides outlookstamford conn january united rentals inc nyse uri today announced financial results fourth quarter full year fourth quarter total revenue billion rental revenue billion ,1
HEJFE-0273F1BFCD285E7F,THC,2015-02-23,XNYS,replication_archive_press_release,2015-02-23,B,github:vgreg/hacked_earnings_jfe@c23c7d79d067a79d70cf20e31b072d3703497eae:Data/Press releases/2015.zip::2015/QTR1/52337_20150223_0.txt,reports adjusted ebitda million quarter ended december dallas february tenet healthcare corporation nyse thc reported adjusted ebitda million fourth quarter ended december increase million percent compared million fourth quarter,1
HEJFE-05DE1473D5D7F7FB,MFRM,2015-03-19,XNAS,replication_archive_press_release,2015-03-19,B,github:vgreg/hacked_earnings_jfe@c23c7d79d067a79d70cf20e31b072d3703497eae:Data/Press releases/2015.zip::2015/QTR1/13110_20150319_0.txt,ter provides guidance fiscal year houston march businesswire mattress firm holding corp the company nasdaq mfrm today announced financial results fourth fiscal quarter weeks full fiscal year weeks ended february net sales fourth fi,1
HEJFE-06AE65B9C8FB0395,STMP,2013-04-24,XNAS,sec_earnings_exhibit,,A,https://www.sec.gov/Archives/edgar/data/1082923/000114036113017456/ex99_1.htm,Stamps.com (Nasdaq: STMP),1
HEJFE-0704950C71CFAFB4,TXRH,2015-02-23,XNAS,sec_earnings_exhibit,2015-02-23,A,https://www.sec.gov/Archives/edgar/data/1289460/000110465915013055/a15-5200_1ex99d1.htm,"Texas Roadhouse, Inc. (NasdaqGS: TXRH)",1
HEJFE-09EB83905864C50A,ADI,2015-05-19,XNAS,replication_archive_press_release,2015-05-19,B,github:vgreg/hacked_earnings_jfe@c23c7d79d067a79d70cf20e31b072d3703497eae:Data/Press releases/2015.zip::2015/QTR2/60871_20150519_0.txt,ion non gaap diluted earnings per share increases norwood mass business wire may analog devices inc nasdaq adi global leader high performance semiconductors signal processing applications today announced financial results second q,1
HEJFE-09EF6AD227D3AC5D,DGI,2012-07-31,XNYS,replication_archive_press_release,2012-07-31,B,github:vgreg/hacked_earnings_jfe@c23c7d79d067a79d70cf20e31b072d3703497eae:Data/Press releases/2012.zip::2012/QTR3/92924_20120731_0.txt, versus year ago loss company raises revenue growth outlook longmont colorado july digitalglobe inc nyse dgi leading global provider high resolution earth imagery solutions today reported financial results second quarter ended j,1
HEJFE-0AA84E6E44ED02D8,AMSG,2015-02-25,XNAS,sec_earnings_exhibit,,A,https://www.sec.gov/Archives/edgar/data/895930/000089593015000008/amsg8k20150225ex99.htm,AmSurg Corp. (NASDAQ: AMSG),1
HEJFE-0B87675BF7BEDBCA,EA,2015-01-27,XNAS,replication_archive_press_release,2015-01-27,B,github:vgreg/hacked_earnings_jfe@c23c7d79d067a79d70cf20e31b072d3703497eae:Data/Press releases/2015.zip::2015/QTR1/75828_20150127_0.txt,nce raisedachieved record cash flow calendar year periodredwood city ca january electronic arts inc nasdaq ea today announced preliminary financial results third fiscal quarter ended december electronic arts delivered amazing exp,1
HEJFE-0BAF70D8CC8F1631,NKE,2015-03-19,XNYS,replication_archive_press_release,2015-03-19,B,github:vgreg/hacked_earnings_jfe@c23c7d79d067a79d70cf20e31b072d3703497eae:Data/Press releases/2015.zip::2015/QTR1/57665_20150319_0.txt,percent growth excluding currency changes inventories february percent beaverton ore march nike inc nyse nke today reported financial results fiscal third quarter ended february diluted earnings per share quarter percent due hig,1
HEJFE-0BCEF81B6C0111FB,COLM,2015-04-30,XNAS,sec_earnings_exhibit+replication_archive_corroborated,,A,https://www.sec.gov/Archives/edgar/data/1050797/000156459015003100/colm-ex991_201504308.htm,Columbia Sportswear Company (NASDAQ: COLM),1
HEJFE-12CC8075D3F634CD,ECOL,2013-04-24,XNAS,sec_earnings_exhibit,,A,https://www.sec.gov/Archives/edgar/data/742126/000110262413000476/usecologyinc.htm,"US Ecology, Inc. (NASDAQ: ECOL)",1
HEJFE-13FC93F4D143B268,HAE,2012-01-27,XNYS,replication_archive_press_release,2012-01-30,B,github:vgreg/hacked_earnings_jfe@c23c7d79d067a79d70cf20e31b072d3703497eae:Data/Press releases/2012.zip::2012/QTR1/76837_20120130_0.txt,ey plasma collection customers affirms fiscal guidance braintree ma january haemonetics corporation nyse hae today reported third quarter gaap net revenue million net income million diluted earnings per share excluding restructu,1
HEJFE-1783DE88400AF6CC,WMB,2015-02-18,XNYS,replication_archive_press_release,2015-02-18,B,github:vgreg/hacked_earnings_jfe@c23c7d79d067a79d70cf20e31b072d3703497eae:Data/Press releases/2015.zip::2015/QTR1/38156_20150218_0.txt,ex ex ex news release williams nyse wmb one williams center tulsa ok williams date feb media contact investor contacts tom droege john porter brett krieg willi,1
HEJFE-1950A4340036BB95,FL,2011-08-18,XNYS,replication_archive_press_release,2011-08-18,B,github:vgreg/hacked_earnings_jfe@c23c7d79d067a79d70cf20e31b072d3703497eae:Data/Press releases/2011.zip::2011/QTR3/15456_20110818_0.txt,quarter sales profit growth versus comparable prior year periods new york ny august foot locker inc nyse fl new york based specialty athletic retailer today reported financial results second quarter ended july second quarter re,1
HEJFE-198DE6D99E934F32,EW,2011-04-20,XNYS,replication_archive_press_release,2011-04-20,B,github:vgreg/hacked_earnings_jfe@c23c7d79d067a79d70cf20e31b072d3703497eae:Data/Press releases/2011.zip::2011/QTR2/87657_20110420_0.txt, us sales growth significantly increases levels irvine calif april edwards lifesciences corporation nyse ew global leader science heart valves hemodynamic monitoring today reported net income quarter ended march million per dil,1
HEJFE-1E37362063697486,FLR,2015-02-17,XNYS,replication_archive_press_release,2015-02-18,B,github:vgreg/hacked_earnings_jfe@c23c7d79d067a79d70cf20e31b072d3703497eae:Data/Press releases/2015.zip::2015/QTR1/88853_20150218_0.txt,llion backlog percent billion returned billion shareholders irving texas february fluor corporation nyse flr today announced financial results fiscal year ended december net earnings attributable fluor continuing operations mill,1
HEJFE-1FCAAB3F7CC931CF,VRSN,2013-04-25,XNAS,replication_archive_press_release,2013-04-25,B,github:vgreg/hacked_earnings_jfe@c23c7d79d067a79d70cf20e31b072d3703497eae:Data/Press releases/2013.zip::2013/QTR2/85753_20130425_0.txt,ex ex verisign reports percent year year revenue growth first quarter reston va april verisign inc nasdaq vrsn global leader domain names today reported financial results first quarter ended march first quarter gaap financial resu,1
HEJFE-20EC97300E6205B9,INWK,2015-02-12,XNAS,replication_archive_press_release,2015-02-12,B,github:vgreg/hacked_earnings_jfe@c23c7d79d067a79d70cf20e31b072d3703497eae:Data/Press releases/2015.zip::2015/QTR1/91432_20150212_0.txt,n gaap diluted eps grow announces share repurchase authorization chicago february innerworkings inc nasdaq inwk leading global marketing execution firm today reported results fourth quarter fiscal year ended december non gaap refer,1
HEJFE-22BF36BABB9D19D7,ALNY,2015-02-12,XNAS,replication_archive_press_release,2015-02-12,B,github:vgreg/hacked_earnings_jfe@c23c7d79d067a79d70cf20e31b072d3703497eae:Data/Press releases/2015.zip::2015/QTR1/90178_20150212_0.txt, expects end greater billion cash cambridge mass business wire february alnylam pharmaceuticals inc nasdaq alny leading rnai therapeutics company today reported consolidated financial results fourth quarter full year highlighted re,1
HEJFE-238D29A9B584466D,SNX,2015-03-31,XNYS,replication_archive_press_release,2015-03-31,B,github:vgreg/hacked_earnings_jfe@c23c7d79d067a79d70cf20e31b072d3703497eae:Data/Press releases/2015.zip::2015/QTR1/89900_20150331_0.txt,ation reports record first quarter revenue net income fiscal fremont calif march synnex corporation nyse snx leading business process services company today announced financial results fiscal first quarter ended february fyq fyn,1
HEJFE-2558DC6865781793,JNPR,2013-04-23,XNYS,replication_archive_press_release,2013-04-23,B,github:vgreg/hacked_earnings_jfe@c23c7d79d067a79d70cf20e31b072d3703497eae:Data/Press releases/2013.zip::2013/QTR2/86979_20130423_0.txt, retroactive application renewal rd tax credit diluted diluted sunnyvale calif apr juniper networks nyse jnpr industry leader network innovation today reported preliminary financial results three months ended march provided outlo,1
HEJFE-263620F13A6443DD,MAT,2015-04-16,XNAS,sec_earnings_exhibit,,A,https://www.sec.gov/Archives/edgar/data/63276/000119312515133322/d909214dex991.htm,"Mattel, Inc. (NASDAQ: MAT)",1
HEJFE-2C887DA6F617936F,TIBX,2013-09-19,XNAS,replication_archive_press_release,2013-09-19,B,github:vgreg/hacked_earnings_jfe@c23c7d79d067a79d70cf20e31b072d3703497eae:Data/Press releases/2013.zip::2013/QTR3/87092_20130919_0.txt,rter results record total revenue million non gaap eps palo alto calif september tibco software inc nasdaq tibx today announced results fiscal third quarter ended september total revenue third quarter fiscal million net income mill,1
HEJFE-2D6ABDFDE39E5919,MTH,2013-07-23,XNYS,replication_archive_press_release,2013-07-24,B,github:vgreg/hacked_earnings_jfe@c23c7d79d067a79d70cf20e31b072d3703497eae:Data/Press releases/2013.zip::2013/QTR3/75342_20130724_0.txt,ome closing gross margin diluted eps scottsdale ariz july globe newswire meritage homes corporation nyse mth leading us homebuilder today announced second quarter results period ended june summary operating results unauditeddoll,1
HEJFE-2D81C70F59E076BA,CA,2012-01-24,XNAS,replication_archive_press_release,2012-01-24,B,github:vgreg/hacked_earnings_jfe@c23c7d79d067a79d70cf20e31b072d3703497eae:Data/Press releases/2012.zip::2012/QTR1/25778_20120124_0.txt,ca technologies reports third quarter fiscal year resultsislandia ny jan prnewswire ca technologies nasdaq ca today reported financial results third quarter fiscal year ended dec revenue billion percent constant currency reported,1
HEJFE-2F14F138D09BCA76,IBKC,2012-01-24,XNAS,replication_archive_press_release,2012-01-25,B,github:vgreg/hacked_earnings_jfe@c23c7d79d067a79d70cf20e31b072d3703497eae:Data/Press releases/2012.zip::2012/QTR1/81564_20120125_0.txt,nt iberiabank corporation reports fourth quarter results lafayette louisiana iberiabank corporation nasdaq ibkc holding company year old iberiabank reported operating results fourth quarter ended december quarter company reported i,1
HEJFE-2FD552B9358078C6,BIO,2013-05-07,XNYS,replication_archive_press_release,2013-05-07,B,github:vgreg/hacked_earnings_jfe@c23c7d79d067a79d70cf20e31b072d3703497eae:Data/Press releases/2013.zip::2013/QTR2/61516_20130507_0.txt,ate releasebio rad reports first quarter financial results hercules ca may bio rad laboratories inc nyse bio biob multinational manufacturer distributor life science research clinical diagnostic products announced financial resu,1
HEJFE-3046057647A0FC5C,BRKR,2015-05-06,XNAS,replication_archive_press_release,2015-05-06,B,github:vgreg/hacked_earnings_jfe@c23c7d79d067a79d70cf20e31b072d3703497eae:Data/Press releases/2015.zip::2015/QTR2/88504_20150506_0.txt,ex a ex bruker reports first quarter financial results billerica mass may bruker corporation nasdaq brkr today reported financial results first quarter ended march brukers revenues first quarter million decline percent compa,1
HEJFE-30CA515BC590DDA6,ROL,2012-01-24,XNYS,issuer_sec_filing,,A,https://www.rollins.com/investors/financial-information/sec-filings/content/0001104659-12-003762/a12-3360_28k.htm,"Rollins, Inc. (NYSE:ROL)",1
HEJFE-332D5C6DC3ACE6B1,NDSN,2015-05-19,XNAS,replication_archive_press_release,2015-05-19,B,github:vgreg/hacked_earnings_jfe@c23c7d79d067a79d70cf20e31b072d3703497eae:Data/Press releases/2015.zip::2015/QTR2/57809_20150519_0.txt,nt organic volume growth gaap diluted eps range westlake ohio business wire may nordson corporation nasdaq ndsn today reported results second quarter fiscal year quarter ending april sales million percent decrease prior years secon,1
HEJFE-334BAA0D940A418A,TER,2015-01-28,XNYS,replication_archive_press_release,2015-01-28,B,github:vgreg/hacked_earnings_jfe@c23c7d79d067a79d70cf20e31b072d3703497eae:Data/Press releases/2015.zip::2015/QTR1/51369_20150128_0.txt,ounced q fy fy orders mil revenue mil non gaap eps gaap eps north reading mass january teradyne inc nyse ter reported revenue million fourth quarter million semiconductor test million system test million wireless test non gaap b,1
HEJFE-33FC1D00348D7C59,ROG,2015-04-29,XNYS,replication_archive_press_release,2015-04-29,B,github:vgreg/hacked_earnings_jfe@c23c7d79d067a79d70cf20e31b072d3703497eae:Data/Press releases/2015.zip::2015/QTR2/35991_20150429_0.txt,ating margin completed arlon acquisition january rogers conn business wire april rogers corporation nyse rog today announced financial results first quarter first quarter results include newly acquired arlon business date acquis,1
HEJFE-350B3481A9CBBF0E,VMW,2013-10-21,XNYS,replication_archive_press_release,2013-10-21,B,github:vgreg/hacked_earnings_jfe@c23c7d79d067a79d70cf20e31b072d3703497eae:Data/Press releases/2013.zip::2013/QTR4/92257_20131021_0.txt,n gaap operating margin gaap eps non gaap eps increase year year palo alto calif october vmware inc nyse vmw global leader virtualization cloud infrastructure today announced financial results third quarter revenues third quarte,1
HEJFE-36433565499915E2,PLL,2015-02-23,XNYS,replication_archive_press_release,2015-02-24,B,github:vgreg/hacked_earnings_jfe@c23c7d79d067a79d70cf20e31b072d3703497eae:Data/Press releases/2015.zip::2015/QTR1/35051_20150224_0.txt,ibitqfy pall corporation reports second quarter resultsport washington ny february pall corporation nyse pll today reported financial results second quarter fiscal year ended january diluted eps quarter pro forma diluted eps fre,1
HEJFE-376286473ECFECB4,CA,2011-07-20,XNAS,replication_archive_press_release,2011-07-20,B,github:vgreg/hacked_earnings_jfe@c23c7d79d067a79d70cf20e31b072d3703497eae:Data/Press releases/2011.zip::2011/QTR3/25778_20110720_0.txt,a technologies reports first quarter fiscal year resultsislandia ny july prnewswire ca technologies nasdaq ca today reported financial results first quarter ended june revenue billion percent constant currency percent reportedgaa,1
HEJFE-3A94836BBC9F224A,TPX,2011-07-26,XNYS,replication_archive_press_release,2011-07-26,B,github:vgreg/hacked_earnings_jfe@c23c7d79d067a79d70cf20e31b072d3703497eae:Data/Press releases/2011.zip::2011/QTR3/89971_20110726_0.txt, repurchase program million repurchased first half lexington ky july tempur pedic international inc nyse tpx leading manufacturer marketer distributor premium mattresses pillows worldwide today announced financial results second,1
HEJFE-3ADF019D07BA84CE,HBI,2015-01-29,XNYS,replication_archive_press_release,2015-01-29,B,github:vgreg/hacked_earnings_jfe@c23c7d79d067a79d70cf20e31b072d3703497eae:Data/Press releases/2015.zip::2015/QTR1/91416_20150129_0.txt,approximately despite negative impact expected currency translationwinston salem nc jan hanesbrands nyse hbi leading global marketer everyday basic apparel world class brands today reported financial results achieving record res,1
HEJFE-3BBEC23702C1A375,VMW,2013-07-23,XNYS,replication_archive_press_release,2013-07-23,B,github:vgreg/hacked_earnings_jfe@c23c7d79d067a79d70cf20e31b072d3703497eae:Data/Press releases/2013.zip::2013/QTR3/92257_20130723_0.txt, margin non gaap operating margin record high gaap eps non gaap eps palo alto calif july vmware inc nyse vmw global leader virtualization cloud infrastructure today announced financial results second quarter revenues second quar,1
HEJFE-4080E04F012A7290,QLIK,2015-02-12,XNAS,replication_archive_press_release,2015-02-12,B,github:vgreg/hacked_earnings_jfe@c23c7d79d067a79d70cf20e31b072d3703497eae:Data/Press releases/2015.zip::2015/QTR1/12026_20150212_0.txt,ter license revenue million increases year year constant currency radnor pennsylvania february qlik nasdaq qlik leader data discovery delivering intuitive solutions self service data visualization guided analytics today announced f,1
HEJFE-4291CBF555CED6A9,PBI,2015-04-29,XNYS,replication_archive_press_release,2015-04-30,B,github:vgreg/hacked_earnings_jfe@c23c7d79d067a79d70cf20e31b072d3703497eae:Data/Press releases/2015.zip::2015/QTR2/24459_20150430_0.txt, bowes announces first quarter financial results stamford conn business wire april pitney bowes inc nyse pbi global technology company provides products solutions power commerce today reported financial results first quarter qua,1
HEJFE-45559DD90D876D39,ILMN,2015-04-21,XNAS,replication_archive_press_release,2015-04-21,B,github:vgreg/hacked_earnings_jfe@c23c7d79d067a79d70cf20e31b072d3703497eae:Data/Press releases/2015.zip::2015/QTR2/88446_20150421_0.txt,rnings release illumina reports strong start fiscal year san diego business wire april illumina inc nasdaq ilmn today announced financial results first quarter fiscal year first quarter results revenue million increase compared mil,1
HEJFE-45E6DA32B37F83D4,BA,2012-01-24,XNYS,replication_archive_press_release,2012-01-25,B,github:vgreg/hacked_earnings_jfe@c23c7d79d067a79d70cf20e31b072d3703497eae:Data/Press releases/2012.zip::2012/QTR1/19561_20120125_0.txt,ting margin pts pts net income earnings per share operating cash flow nm chicago jan boeing company nyse ba reported fourth quarter net income rose billion per share revenue billion results reflect continued strong core perform,1
HEJFE-47A3794D1C360650,NOW,2015-04-16,XNYS,replication_archive_press_release,2015-04-16,B,github:vgreg/hacked_earnings_jfe@c23c7d79d067a79d70cf20e31b072d3703497eae:Data/Press releases/2015.zip::2015/QTR2/13447_20150416_0.txt,servicenow reports financial results first quarter santa clara calif business wire april servicenow nyse now enterprise cloud company today announced financial results first quarter first quarter results revenues million increas,1
HEJFE-489E74F74AFB5AFA,MCRL,2013-04-25,XNAS,sec_earnings_exhibit,,A,https://www.sec.gov/Archives/edgar/data/932111/000093211113000020/exhibit991earningsrelease4.htm,"Micrel, Incorporated (Nasdaq NM: MCRL)",1
HEJFE-48B08BAEDCEEDEFC,SNDK,2015-01-21,XNAS,replication_archive_press_release,2015-01-21,B,github:vgreg/hacked_earnings_jfe@c23c7d79d067a79d70cf20e31b072d3703497eae:Data/Press releases/2015.zip::2015/QTR1/82618_20150121_0.txt,itas ca phone sandisk announces fourth quarter fiscal resultsmilpitas calif jan sandisk corporation nasdaq sndk global leader flash storage solutions today announced results fourth quarter fiscal year ended december fourth quarter ,1
HEJFE-4D7E68AD113380B3,TRAK,2015-02-23,XNAS,replication_archive_press_release,2015-02-23,B,github:vgreg/hacked_earnings_jfe@c23c7d79d067a79d70cf20e31b072d3703497eae:Data/Press releases/2015.zip::2015/QTR1/91032_20150223_0.txt,evenue growth fourth quarter growth full year lake success ny february dealertrack technologies inc nasdaq trak today reported strong financial results fourth quarter year ended december revenue grew year year across business lines,1
HEJFE-4DEF5FDB3210E91B,SWKS,2015-01-22,XNAS,replication_archive_press_release,2015-01-22,B,github:vgreg/hacked_earnings_jfe@c23c7d79d067a79d70cf20e31b072d3703497eae:Data/Press releases/2015.zip::2015/QTR1/45911_20150122_0.txt,n cash flow operations guides better seasonal revenue millionwoburn mass jan skyworks solutions inc nasdaq swks innovator high performance analog semiconductors connecting people places things today reported first fiscal quarter re,1
HEJFE-4E643D38FFB3016E,PNRA,2015-02-11,XNAS,replication_archive_press_release,2015-02-11,B,github:vgreg/hacked_earnings_jfe@c23c7d79d067a79d70cf20e31b072d3703497eae:Data/Press releases/2015.zip::2015/QTR1/76695_20150211_0.txt,y cafe transactions fy new bakery cafes opened system widest louis mo february panera bread company nasdaq pnra today reported net income million per diluted share thirteen weeks ended december diluted eps fiscal versus fiscal excl,1
HEJFE-4FB44934BC5C5221,DNDN,2011-08-03,XNAS,replication_archive_press_release,2011-08-03,B,github:vgreg/hacked_earnings_jfe@c23c7d79d067a79d70cf20e31b072d3703497eae:Data/Press releases/2011.zip::2011/QTR3/88335_20110803_0.txt,company expects modest quarter quarter revenue growth remainder seattle august dendreon corporation nasdaq dndn today reported results second quarter ended june net revenue quarter ended june million compared million quarter ended ,1
HEJFE-5089F8E69B6BC646,KELYA,2013-05-07,XNAS,replication_archive_press_release,2013-05-08,B,github:vgreg/hacked_earnings_jfe@c23c7d79d067a79d70cf20e31b072d3703497eae:Data/Press releases/2013.zip::2013/QTR2/47379_20130508_0.txt,ex kelyakex kelly services reports st quarter results troy mi may kelly services inc nasdaq kelya nasdaq kelyb leader providing workforce solutions today announced results first quarter carl t camden president chief e,1
HEJFE-51F3066EAC9B8138,MUSA,2012-01-26,XNYS,replication_archive_press_release,2012-01-26,B,github:vgreg/hacked_earnings_jfe@c23c7d79d067a79d70cf20e31b072d3703497eae:Data/Press releases/2012.zip::2012/QTR1/93323_20120126_0.txt,ls usa reports fiscal eps revenues billion january fort lauderdale florida metals usa holdings corp nyse musa today reported results three twelve months ended december net sales fourth quarter million increase net sales million f,1
HEJFE-5408AADD0CBD54E8,CMP,2015-04-27,XNYS,replication_archive_press_release,2015-04-27,B,github:vgreg/hacked_earnings_jfe@c23c7d79d067a79d70cf20e31b072d3703497eae:Data/Press releases/2015.zip::2015/QTR2/89952_20150427_0.txt,da increased percent margins expanded year year businesses overland park kan april compass minerals nyse cmp leading producer essential minerals reported strong year year earnings growth first quarter driven primarily improved p,1
HEJFE-54A5D1D8A5B593C8,NUAN,2015-02-05,XNAS,replication_archive_press_release,2015-02-05,B,github:vgreg/hacked_earnings_jfe@c23c7d79d067a79d70cf20e31b072d3703497eae:Data/Press releases/2015.zip::2015/QTR1/82759_20150205_0.txt,ing revenue operating cash flow deferred revenue burlington mass february nuance communications inc nasdaq nuan today announced financial results first quarter fiscal ended december in first quarter fiscal nuance reported gaap reve,1
HEJFE-56483839E5F0E88F,NVR,2012-01-25,XNYS,replication_archive_press_release,2012-01-26,B,github:vgreg/hacked_earnings_jfe@c23c7d79d067a79d70cf20e31b072d3703497eae:Data/Press releases/2012.zip::2012/QTR1/79785_20120126_0.txt,ex vex nvr inc announces fourth quarter full year resultsreston va jan prnewswire nvr inc nyse nvr one nation s largest homebuilding mortgage banking companies announced net income fourth quarter ended december per dil,1
HEJFE-5B6F87699FF5093E,SM,2015-05-05,XNYS,replication_archive_press_release,2015-05-05,B,github:vgreg/hacked_earnings_jfe@c23c7d79d067a79d70cf20e31b072d3703497eae:Data/Press releases/2015.zip::2015/QTR2/78170_20150505_0.txt,e mid continent properties due strong eagle ford program performancedenver co may sm energy company nyse sm announces financial results first quarter provides operations update addition new presentation concerning company s fir,1
HEJFE-5CB3223BB28A6F14,BWA,2011-07-27,XNYS,replication_archive_press_release,2011-07-28,B,github:vgreg/hacked_earnings_jfe@c23c7d79d067a79d70cf20e31b072d3703497eae:Data/Press releases/2011.zip::2011/QTR3/79545_20110728_0.txt,s guidance per diluted share excluding non recurring itemsauburn hills michigan july borgwarner inc nyse bwa today reported second quarter us gaap earnings per diluted share excluding non recurring items earnings per diluted sha,1
HEJFE-5D222F0F8E0C77D0,TW,2015-05-04,XNAS,replication_archive_press_release,2015-05-05,B,github:vgreg/hacked_earnings_jfe@c23c7d79d067a79d70cf20e31b072d3703497eae:Data/Press releases/2015.zip::2015/QTR2/93223_20150505_0.txt,ns expected fiscal year revenues approximately billion arlington va business wire may towers watson nasdaq tw leading global professional services company today announced financial results third quarter fiscal year ended march to,1
HEJFE-5E9AD5C9AD67944D,CSOD,2015-05-06,XNAS,replication_archive_press_release,2015-05-06,B,github:vgreg/hacked_earnings_jfe@c23c7d79d067a79d70cf20e31b072d3703497eae:Data/Press releases/2015.zip::2015/QTR2/12639_20150506_0.txt,s million users santa monica calif may talent management software provider cornerstone ondemand inc nasdaq csod today announced results quarter ended march revenue first quarter million representing increase compared period non gaa,1
HEJFE-5ED55A2EAC950921,AMP,2015-04-22,XNYS,replication_archive_press_release,2015-04-22,B,github:vgreg/hacked_earnings_jfe@c23c7d79d067a79d70cf20e31b072d3703497eae:Data/Press releases/2015.zip::2015/QTR2/90880_20150422_0.txt,pany raises regular quarterly dividend percent per share minneapolis april ameriprise financial inc nyse amp today reported first quarter net income million per diluted share operating earnings million percent year ago operating,1
HEJFE-600696AB8463FFD8,PNRA,2013-07-23,XNAS,replication_archive_press_release,2013-07-23,B,github:vgreg/hacked_earnings_jfe@c23c7d79d067a79d70cf20e31b072d3703497eae:Data/Press releases/2013.zip::2013/QTR3/76695_20130723_0.txt,d high end target range fy eps target range revised versus fy st louis mo july panera bread company nasdaq pnra today reported net income million per diluted share fiscal second quarter ended june second quarter fiscal results comp,1
HEJFE-6101FFEDBA6EE41B,MDU,2015-02-02,XNYS,replication_archive_press_release,2015-02-02,B,github:vgreg/hacked_earnings_jfe@c23c7d79d067a79d70cf20e31b072d3703497eae:Data/Press releases/2015.zip::2015/QTR1/23835_20150202_0.txt,es plans record capital expenditures billion next five yearsbismarck nd feb mdu resources group inc nyse mdu today reported consolidated gaap earnings million per share compared million per share consolidated gaap earnings fourt,1
HEJFE-66BA40A20548B7E3,LRCX,2013-04-24,XNAS,replication_archive_press_release,2013-04-24,B,github:vgreg/hacked_earnings_jfe@c23c7d79d067a79d70cf20e31b072d3703497eae:Data/Press releases/2013.zip::2013/QTR2/48486_20130424_0.txt,rch corporation reports financial results quarter ended march fremont calif april lam research corp nasdaq lrcx today announced financial results quarter ended march highlights quarter follows delivered shipments million march quar,1
HEJFE-6C4EA140AD75FFE2,THC,2015-05-04,XNYS,replication_archive_press_release,2015-05-04,B,github:vgreg/hacked_earnings_jfe@c23c7d79d067a79d70cf20e31b072d3703497eae:Data/Press releases/2015.zip::2015/QTR2/52337_20150504_0.txt,x tenet reports adjusted ebitda million quarter ended march dallas may tenet healthcare corporation nyse thc reported adjusted ebitda million first quarter increase million percent compared million first quarter this good quarte,1
HEJFE-6C73B4B05384BC1E,PFPT,2013-04-25,XNAS,replication_archive_press_release,2013-04-25,B,github:vgreg/hacked_earnings_jfe@c23c7d79d067a79d70cf20e31b072d3703497eae:Data/Press releases/2013.zip::2013/QTR2/13377_20130425_0.txt,s generated operating cash flow million free cash flow million sunnyvale calif april proofpoint inc nasdaq pfpt leading security service provider today announced financial results first quarter ended march we pleased strong first q,1
HEJFE-6F0A7632D9B4FFF6,ACHC,2015-04-28,XNAS,replication_archive_press_release,2015-04-28,B,github:vgreg/hacked_earnings_jfe@c23c7d79d067a79d70cf20e31b072d3703497eae:Data/Press releases/2015.zip::2015/QTR2/13105_20150428_0.txt, diluted share range previous range franklin tenn business wire april acadia healthcare company inc nasdaq achc today announced financial results first quarter ended march revenue increased million million first quarter income cont,1
HEJFE-704E64D64C11C119,MDP,2012-01-23,XNYS,replication_archive_press_release,2012-01-24,B,github:vgreg/hacked_earnings_jfe@c23c7d79d067a79d70cf20e31b072d3703497eae:Data/Press releases/2012.zip::2012/QTR1/42796_20120124_0.txt, digital scale supports total shareholder return strategydes moines ia january meredith corporation nyse mdp leading media marketing company serving american women today reported fiscal second quarter earnings per share compared,1
HEJFE-74011A906BCCABE9,AGP,2011-10-27,XNYS,replication_archive_press_release,2011-10-28,B,github:vgreg/hacked_earnings_jfe@c23c7d79d067a79d70cf20e31b072d3703497eae:Data/Press releases/2011.zip::2011/QTR4/89204_20111028_0.txt,t income million per diluted sharevirginia beach va oct prnewswire firstcall amerigroup corporation nyse agp today announced net income third quarter million per diluted share versus net income million per diluted share third qu,1
HEJFE-7482DE1CD44C1A00,GMCR,2015-02-04,XNAS,sec_earnings_exhibit,,A,https://www.sec.gov/Archives/edgar/data/909954/000115752315000366/a51033184-ex991.htm,"Keurig Green Mountain, Inc. (NASDAQ: GMCR)",1
HEJFE-749FFC4028DF7B1C,VMW,2011-04-19,XNYS,replication_archive_press_release,2011-04-19,B,github:vgreg/hacked_earnings_jfe@c23c7d79d067a79d70cf20e31b072d3703497eae:Data/Press releases/2011.zip::2011/QTR2/92257_20110419_0.txt,operating cash flows growth billion free cash flows growth billion palo alto calif april vmware inc nyse vmw global leader virtualization cloud infrastructure today announced financial results first quarter revenues first quarte,1
HEJFE-753716A61B8622B0,GME,2015-03-26,XNYS,replication_archive_press_release,2015-03-26,B,github:vgreg/hacked_earnings_jfe@c23c7d79d067a79d70cf20e31b072d3703497eae:Data/Press releases/2015.zip::2015/QTR1/89301_20150326_0.txt,reased reach million full yearfull year earnings per share grew grapevine texas march gamestop corp nyse gme global family specialty retail brands makes popular technologies affordable simple today reported sales earnings fourth,1
HEJFE-760E36DA94752F1E,CAKE,2015-04-22,XNAS,replication_archive_press_release,2015-04-22,B,github:vgreg/hacked_earnings_jfe@c23c7d79d067a79d70cf20e31b072d3703497eae:Data/Press releases/2015.zip::2015/QTR2/77902_20150422_0.txt,ctory reports results first quarter fiscal calabasas hills ca april cheesecake factory incorporated nasdaq cake today reported financial results first quarter fiscal ended march total revenues million first quarter fiscal compared ,1
HEJFE-76B03970FA6BDB42,AVA,2013-02-19,XNYS,replication_archive_press_release,2013-02-20,B,github:vgreg/hacked_earnings_jfe@c23c7d79d067a79d70cf20e31b072d3703497eae:Data/Press releases/2013.zip::2013/QTR1/24969_20130220_0.txt,ial results fourth quarter fiscal year confirms earnings guidancespokane wash feb am pt avista corp nyse ava today reported results net income attributable avista corp shareholders million per diluted share year ended dec compar,1
HEJFE-76DCF0FCA248E814,CB,2012-01-26,XNYS,replication_archive_press_release,2012-01-26,B,github:vgreg/hacked_earnings_jfe@c23c7d79d067a79d70cf20e31b072d3703497eae:Data/Press releases/2012.zip::2012/QTR1/59192_20120126_0.txt, ratio company expects operating income per share range warren new jersey january chubb corporation nyse cb today reported net income fourth quarter million per share compared million per share fourth quarter operating income c,1
HEJFE-791693865584F9CB,COL,2015-04-22,XNYS,replication_archive_press_release,2015-04-23,B,github:vgreg/hacked_earnings_jfe@c23c7d79d067a79d70cf20e31b072d3703497eae:Data/Press releases/2015.zip::2015/QTR2/89014_20150423_0.txt, operating activities first six months fiscal improves cedar rapids iowa april rockwell collins inc nyse col today reported second quarter fiscal year earnings per share continuing operations increased compared prior year total ,1
HEJFE-7B8A1A0CD3E2966F,APC,2013-05-06,XNYS,replication_archive_press_release,2013-05-06,B,github:vgreg/hacked_earnings_jfe@c23c7d79d067a79d70cf20e31b072d3703497eae:Data/Press releases/2013.zip::2013/QTR2/70332_20130506_0.txt,arter results increases full year sales volumes guidance houston may anadarko petroleum corporation nyse apc today announced first quarter net income attributable common stockholders million per share diluted results include cer,1
HEJFE-7C93D3838E60926C,CMTL,2014-12-10,XNAS,replication_archive_press_release,2014-12-10,B,github:vgreg/hacked_earnings_jfe@c23c7d79d067a79d70cf20e31b072d3703497eae:Data/Press releases/2014.zip::2014/QTR4/26201_20141210_0.txt,iscal andprovides updated fiscal guidancemelville new york december comtech telecommunications corp nasdaq cmtl today reported operating results three months ended october net sales three months ended october million compared milli,1
HEJFE-7CA38C1FDA5EA4D0,CENX,2013-04-25,XNAS,replication_archive_press_release,2013-04-25,B,github:vgreg/hacked_earnings_jfe@c23c7d79d067a79d70cf20e31b072d3703497eae:Data/Press releases/2013.zip::2013/QTR2/83244_20130425_0.txt,ex aexhibitform form k century reports first quarter resultsmonterey ca century aluminum company nasdaq cenx reported net income million per basic diluted common share first quarter financial results positively impacted litigati,1
HEJFE-7CEFB3FE3D986464,ROG,2015-02-17,XNYS,replication_archive_press_release,2015-02-17,B,github:vgreg/hacked_earnings_jfe@c23c7d79d067a79d70cf20e31b072d3703497eae:Data/Press releases/2015.zip::2015/QTR1/35991_20150217_0.txt,l year non gaap operating margin basis points rogers conn business wire february rogers corporation nyse rog global leader engineered materials solutions today announced financial results fourth quarter full year company reporte,1
HEJFE-7E8FA3E5E417B5E7,IGT,2012-01-23,XNYS,replication_archive_press_release,2012-01-24,B,github:vgreg/hacked_earnings_jfe@c23c7d79d067a79d70cf20e31b072d3703497eae:Data/Press releases/2012.zip::2012/QTR1/45277_20120124_0.txt, million gaming operations install base increased units las vegas jan international game technology nyse igt today reported operating results fiscal first quarter ended december gaap income continuing operations quarter million ,1
HEJFE-7ED8DBD4804E4330,JWN,2015-02-19,XNYS,replication_archive_press_release,2015-02-19,B,github:vgreg/hacked_earnings_jfe@c23c7d79d067a79d70cf20e31b072d3703497eae:Data/Press releases/2015.zip::2015/QTR1/57817_20150219_0.txt,eved sales growth percent comparable sales increase percent yearseattle wash february nordstrom inc nyse jwn today reported fiscal earnings per diluted share line company s full year outlook during year company opened three full,1
HEJFE-7F8218B15679F14D,NATI,2015-04-28,XNAS,replication_archive_press_release,2015-04-28,B,github:vgreg/hacked_earnings_jfe@c23c7d79d067a79d70cf20e31b072d3703497eae:Data/Press releases/2015.zip::2015/QTR2/81501_20150428_0.txt,n gaap eps ebitda million per share cash short term investments million march austin texas april ni nasdaq nati today announced revenue million percent year year yoy us dollar terms percent yoy constant currency terms ni received m,1
HEJFE-809E53BB4081FBAE,ROVI,2015-04-30,XNAS,sec_earnings_exhibit,,A,https://www.sec.gov/Archives/edgar/data/1424454/000142445415000015/ex99-1x03312015earningsrel.htm,Rovi Corporation (NASDAQ:ROVI),1
HEJFE-8167467EBF64AABE,PNRA,2013-10-22,XNAS,replication_archive_press_release,2013-10-22,B,github:vgreg/hacked_earnings_jfe@c23c7d79d067a79d70cf20e31b072d3703497eae:Data/Press releases/2013.zip::2013/QTR4/76695_20131022_0.txt,ange lowered versus fy eps target range narrowed versus fy st louis mo october panera bread company nasdaq pnra today reported net income million per diluted share fiscal third quarter ended september third quarter fiscal results c,1
HEJFE-81F188C0D790FE70,CREE,2015-01-20,XNAS,replication_archive_press_release,2015-01-20,B,github:vgreg/hacked_earnings_jfe@c23c7d79d067a79d70cf20e31b072d3703497eae:Data/Press releases/2015.zip::2015/QTR1/78875_20150120_0.txt,uarter fiscal year quarterly revenue millionquarterly net income million durham nc january cree inc nasdaq cree market leader led lighting today announced revenue million second quarter fiscal ended december similar revenue million,1
HEJFE-824BABBAD988A068,SYMM,2012-01-25,XNAS,replication_archive_press_release,2012-01-25,B,github:vgreg/hacked_earnings_jfe@c23c7d79d067a79d70cf20e31b072d3703497eae:Data/Press releases/2012.zip::2012/QTR1/70616_20120125_0.txt,are gaap net income million per share free cash flow million san jose calif january symmetricom inc nasdaq symm worldwide leader precision time frequency technologies today reported financial results second quarter fiscal year ende,1
HEJFE-826F68D9DA88B37C,ATRC,2015-02-23,XNAS,replication_archive_press_release,2015-02-23,B,github:vgreg/hacked_earnings_jfe@c23c7d79d067a79d70cf20e31b072d3703497eae:Data/Press releases/2015.zip::2015/QTR1/90856_20150223_0.txt,es million constant currency fourth quarter revenue million west chester ohio february atricure inc nasdaq atrc leading innovator surgical treatments atrial fibrillation afib left atrial appendage laa management today announced fou,1
HEJFE-830337A8564B826E,ALGN,2013-10-17,XNAS,replication_archive_press_release,2013-10-17,B,github:vgreg/hacked_earnings_jfe@c23c7d79d067a79d70cf20e31b072d3703497eae:Data/Press releases/2013.zip::2013/QTR4/88860_20131017_0.txt,ign technology announces third quarter results san jose ca marketwired october align technology inc nasdaq algn net revenues million year year invisalign clear aligner net revenues million year year invisalign clear aligner shipmen,1
HEJFE-830D52F9F7F1CEEB,MSCC,2012-01-26,XNAS,replication_archive_press_release,2012-01-26,B,github:vgreg/hacked_earnings_jfe@c23c7d79d067a79d70cf20e31b072d3703497eae:Data/Press releases/2012.zip::2012/QTR1/53640_20120126_0.txt,x vex microsemi reports first quarter resultsaliso viejo calif jan prnewswire microsemi corporation nasdaq mscc leading provider semiconductor solutions differentiated power security reliability performance today reported unaudited,1
HEJFE-8415E931D4314106,KOPN,2015-03-10,XNAS,sec_earnings_exhibit,,A,https://www.sec.gov/Archives/edgar/data/771266/000115752315000889/a51056072ex99_1.htm,Kopin Corporation (NASDAQ: KOPN),1
HEJFE-847F0EFE669B2440,P,2015-02-05,XNYS,sec_registration_prior,,A,https://www.sec.gov/Archives/edgar/data/1230276/000104746913002959/a2212806z10-k.htm,Common stock registered on The New York Stock Exchange.,1
HEJFE-8536AD777ECEEACB,GDI,2013-04-25,XNYS,sec_registration_prior,,A,https://www.sec.gov/Archives/edgar/data/916459/000119312513077501/d457427d10k.htm,Common Stock registered on New York Stock Exchange.,1
HEJFE-8596DDD6A535BD90,DEST,2012-01-25,XNAS,replication_archive_press_release,2012-01-26,B,github:vgreg/hacked_earnings_jfe@c23c7d79d067a79d70cf20e31b072d3703497eae:Data/Press releases/2012.zip::2012/QTR1/78990_20120126_0.txt,ed increase fiscal free cash flow million philadelphia pa january destination maternity corporation nasdaq dest worlds leading maternity apparel retailer today announced operating results first quarter fiscal ended december company,1
HEJFE-873A37657E58A8CD,PAY,2015-03-10,XNYS,replication_archive_press_release,2015-03-10,B,github:vgreg/hacked_earnings_jfe@c23c7d79d067a79d70cf20e31b072d3703497eae:Data/Press releases/2015.zip::2015/QTR1/90657_20150310_0.txt,fiscal revenues earnings per share exceed guidancesan jose calif business wire verifone systems inc nyse pay first quarter financial highlights gaap net revenues million non gaap net revenues million gaap net income per diluted ,1
HEJFE-87DDC59E7BB99A84,ALSN,2015-04-27,XNYS,replication_archive_press_release,2015-04-27,B,github:vgreg/hacked_earnings_jfe@c23c7d79d067a79d70cf20e31b072d3703497eae:Data/Press releases/2015.zip::2015/QTR2/13284_20150427_0.txt,usted free cash flow million per diluted share indianapolis april allison transmission holdings inc nyse alsn largest global provider commercial duty fully automatic transmissions today reported net sales first quarter million pe,1
HEJFE-89844B5980EB5339,AF,2012-01-25,XNYS,replication_archive_press_release,2012-01-25,B,github:vgreg/hacked_earnings_jfe@c23c7d79d067a79d70cf20e31b072d3703497eae:Data/Press releases/2012.zip::2012/QTR1/79796_20120125_0.txt,red annual shareholder meeting date setlake success ny jan prnewswire astoria financial corporation nyse af astoria company holding company astoria federal savings loan association astoria federal today reported net income mill,1
HEJFE-8A0517D50278EAE4,POWI,2015-04-29,XNAS,replication_archive_press_release,2015-04-29,B,github:vgreg/hacked_earnings_jfe@c23c7d79d067a79d70cf20e31b072d3703497eae:Data/Press releases/2015.zip::2015/QTR2/85710_20150429_0.txt,diluted share gaap earnings per diluted share san jose calif business wire april power integrations nasdaq powi today announced financial results quarter ended march net revenues first quarter million five percent prior quarter one,1
HEJFE-8A11E54A9679E09D,ILMN,2015-01-27,XNAS,replication_archive_press_release,2015-01-27,B,github:vgreg/hacked_earnings_jfe@c23c7d79d067a79d70cf20e31b072d3703497eae:Data/Press releases/2015.zip::2015/QTR1/88446_20150127_0.txt,ts record financial results fourth quarter fiscal year san diego business wire january illumina inc nasdaq ilmn today announced financial results fourth quarter fiscal year fourth quarter results revenue million increase compared m,1
HEJFE-8D40B9782E1E6F33,HON,2012-01-26,XNYS,replication_archive_press_release,2012-01-27,B,github:vgreg/hacked_earnings_jfe@c23c7d79d067a79d70cf20e31b072d3703497eae:Data/Press releases/2012.zip::2012/QTR1/10145_20120127_0.txt,illion proforma earnings per share reported earnings per share morris township nj january honeywell nyse hon today announced fourth quarter full year results follows sales billion versus billion organic growth reflects continued,1
HEJFE-8EAA8616B1750B40,CGNX,2015-05-04,XNAS,replication_archive_press_release,2015-05-04,B,github:vgreg/hacked_earnings_jfe@c23c7d79d067a79d70cf20e31b072d3703497eae:Data/Press releases/2015.zip::2015/QTR2/75654_20150504_0.txt,eports record first quarter revenue net income eps natick mass business wire may cognex corporation nasdaq cgnx today announced results first quarter table below selected financial data quarter ended april compared first fourth qua,1
HEJFE-8F17F6BEDF631C8B,MCRI,2013-04-25,XNAS,replication_archive_press_release,2013-04-25,B,github:vgreg/hacked_earnings_jfe@c23c7d79d067a79d70cf20e31b072d3703497eae:Data/Press releases/2013.zip::2013/QTR2/79507_20130425_0.txt,ase monarch casino reports first quarter results reno nv marketwire april monarch casino resort inc nasdaq mcri monarch company owner atlantis casino resort spa the atlantis reno nevada riviera black hawk casino black hawk black ha,1
HEJFE-93A7D27EF425EDF0,MIC,2015-02-18,XNYS,replication_archive_press_release,2015-02-18,B,github:vgreg/hacked_earnings_jfe@c23c7d79d067a79d70cf20e31b072d3703497eae:Data/Press releases/2015.zip::2015/QTR1/90507_20150218_0.txt,ersion corporation anticipated new york business wire february macquarie infrastructure company llc nyse mic reported financial results including increase underlying proportionately combined free cash flow per share fourth quart,1
HEJFE-947F50EBAFBA54DC,CRL,2015-02-10,XNYS,replication_archive_press_release,2015-02-10,B,github:vgreg/hacked_earnings_jfe@c23c7d79d067a79d70cf20e31b072d3703497eae:Data/Press releases/2015.zip::2015/QTR1/88281_20150210_0.txt,nings per share wilmington mass business wire february charles river laboratories international inc nyse crl today reported results fourth quarter full year provided guidance quarter revenue continuing operations million increas,1
HEJFE-9527526FED86FA7D,EHTH,2013-04-25,XNAS,replication_archive_press_release,2013-04-25,B,github:vgreg/hacked_earnings_jfe@c23c7d79d067a79d70cf20e31b072d3703497eae:Data/Press releases/2013.zip::2013/QTR2/91498_20130425_0.txt,ed non gaap net income million per diluted share first quarter mountain view califapril ehealth inc nasdaq ehth americas first largest private health insurance exchange announced today financial results first quarter ended march ga,1
HEJFE-95933AA0B84D2F60,CAT,2012-01-25,XNYS,replication_archive_press_release,2012-01-26,B,github:vgreg/hacked_earnings_jfe@c23c7d79d067a79d70cf20e31b072d3703497eae:Data/Press releases/2012.zip::2012/QTR1/18542_20120126_0.txt,tlook raised billion peoria ill driven outstanding execution stronger global demand caterpillar inc nyse cat delivered record breaking sales revenues billion increase percent billion profit billion increase percent billion profi,1
HEJFE-977FEBE8CA3CFCB6,MDU,2015-05-04,XNYS,sec_earnings_exhibit,,A,https://www.sec.gov/Archives/edgar/data/67716/000006771615000052/mdu03-31x2015earningreleas.htm,"MDU Resources Group, Inc. (NYSE:MDU)",1
HEJFE-9861757889227DD4,IDTI,2015-02-02,XNAS,replication_archive_press_release,2015-02-02,B,github:vgreg/hacked_earnings_jfe@c23c7d79d067a79d70cf20e31b072d3703497eae:Data/Press releases/2015.zip::2015/QTR1/44506_20150202_0.txt,ing operations fy non gaap diluted eps san jose calif february integrated device technology inc idt nasdaq idti today announced results fiscal third quarter ended december we achieved excellent financial results third fiscal quarte,1
HEJFE-99CCB9D9BECE4E72,IDXX,2012-01-26,XNAS,replication_archive_press_release,2012-01-27,B,github:vgreg/hacked_earnings_jfe@c23c7d79d067a79d70cf20e31b072d3703497eae:Data/Press releases/2012.zip::2012/QTR1/76709_20120127_0.txt,ies announces fourth quarter full year resultswestbrook maine jan prnewswire idexx laboratories inc nasdaq idxx today reported revenues fourth quarter increased million million fourth quarter organic revenue growth defined below ea,1
HEJFE-99F31DB35F001A44,DXCM,2015-02-25,XNAS,replication_archive_press_release,2015-02-25,B,github:vgreg/hacked_earnings_jfe@c23c7d79d067a79d70cf20e31b072d3703497eae:Data/Press releases/2015.zip::2015/QTR1/90664_20150225_0.txt,nc reports fourth quarter full year financial resultssan diego ca business wire february dexcom inc nasdaq dxcm today reported audited financial results quarter fiscal year ended december for full year ended december product revenu,1
HEJFE-99F3FC8CE022DEA1,VAR,2012-01-25,XNYS,replication_archive_press_release,2012-01-25,B,github:vgreg/hacked_earnings_jfe@c23c7d79d067a79d70cf20e31b072d3703497eae:Data/Press releases/2012.zip::2012/QTR1/27043_20120125_0.txt, quarter net earnings per diluted share revenues million palo alto calif jan varian medical systems nyse var today reporting results first quarter fiscal year net earnings per diluted share percent year ago quarter revenues quar,1
HEJFE-9B43F5B767ECD0FA,MTH,2013-04-23,XNYS,replication_archive_press_release,2013-04-24,B,github:vgreg/hacked_earnings_jfe@c23c7d79d067a79d70cf20e31b072d3703497eae:Data/Press releases/2013.zip::2013/QTR2/75342_20130424_0.txt,orders increase revenue diluted eps scottsdale ariz april globe newswire meritage homes corporation nyse mth leading us homebuilder today announced first quarter results period ended march summary operating results unauditeddoll,1
HEJFE-9B84208BA575EAC4,RH,2015-03-26,XNYS,issuer_earnings_release,2015-03-26,A,https://ir.rh.com/news-events/detail/180/rh-reports-record-fourth-quarter-and-fiscal-year-2014-financial-results,"RH (Restoration Hardware Holdings, Inc. - NYSE:RH)",1
HEJFE-9DF82252ED78E41F,CBT,2015-04-29,XNYS,replication_archive_press_release,2015-04-29,B,github:vgreg/hacked_earnings_jfe@c23c7d79d067a79d70cf20e31b072d3703497eae:Data/Press releases/2015.zip::2015/QTR2/46690_20150429_0.txt,t corp reports second quarter adjusted eps diluted eps boston business wire april cabot corporation nyse cbt today announced results second quarter fiscal year key highlights margin pressure reinforcement materials lower project,1
HEJFE-A25F33B630365184,R,2015-02-02,XNYS,replication_archive_press_release,2015-02-03,B,github:vgreg/hacked_earnings_jfe@c23c7d79d067a79d70cf20e31b072d3703497eae:Data/Press releases/2015.zip::2015/QTR1/27633_20150203_0.txt,enue billion total revenue grows billion comparable eps forecast vs miami february ryder system inc nyse r leader commercial fleet management supply chain solutions today reported record fourth quarter comparable earnings refl,1
HEJFE-A3C5C43F6AC75C44,PRU,2015-05-06,XNYS,sec_earnings_exhibit+replication_archive_corroborated,,A,https://www.sec.gov/Archives/edgar/data/1137774/000119312515174562/d917306dex991.htm,"Prudential Financial, Inc. (NYSE:PRU)",1
HEJFE-A413A5AC6E515E3C,CNMD,2011-04-27,XNAS,replication_archive_press_release,2011-04-28,B,github:vgreg/hacked_earnings_jfe@c23c7d79d067a79d70cf20e31b072d3703497eae:Data/Press releases/2011.zip::2011/QTR2/11547_20110428_0.txt,eps increases respectively conference call held am et today utica new york april conmed corporation nasdaq cnmd today announced financial results first quarter sales first quarter ended march million compared million quarter increa,1
HEJFE-A5AE76F13A48C40F,DGI,2013-05-07,XNYS,replication_archive_press_release,2013-05-07,B,github:vgreg/hacked_earnings_jfe@c23c7d79d067a79d70cf20e31b072d3703497eae:Data/Press releases/2013.zip::2013/QTR2/92924_20130507_0.txt, integration ahead plan operating expense synergies attained longmont colorado may digitalglobe inc nyse dgi leading global provider high resolution earth imagery solutions today reported financial results quarter ended march fi,1
HEJFE-A76C746507C0D9AF,DGI,2015-02-26,XNYS,replication_archive_press_release,2015-02-26,B,github:vgreg/hacked_earnings_jfe@c23c7d79d067a79d70cf20e31b072d3703497eae:Data/Press releases/2015.zip::2015/QTR1/92924_20150226_0.txt,sults revenue eps record ebitda million delivers margin longmont colorado february digitalglobe inc nyse dgi leading global provider commercial high resolution earth observation advanced geospatial solutions today reported finan,1
HEJFE-A9D220DE2F7E7FC3,DE,2015-02-19,XNYS,issuer_newswire_release,,A,https://www.newswire.ca/news-releases/deere-announces-first-quarter-earnings-of-387-million-516920001.html,Deere & Company (NYSE: DE),1
HEJFE-A9DB7C5F6FD1D978,SBUX,2015-01-22,XNAS,replication_archive_press_release,2015-01-22,B,github:vgreg/hacked_earnings_jfe@c23c7d79d067a79d70cf20e31b072d3703497eae:Data/Press releases/2015.zip::2015/QTR1/77702_20150122_0.txt,ge year year record billioncompany reaffirms fy growth targetsseattle january starbucks corporation nasdaq sbux today reported financial results week fiscal first quarter ended december fy gaap results include impact litigation cre,1
HEJFE-AA2597B95CFD2A2D,LSTR,2011-10-21,XNAS,replication_archive_press_release,2011-10-24,B,github:vgreg/hacked_earnings_jfe@c23c7d79d067a79d70cf20e31b072d3703497eae:Data/Press releases/2011.zip::2011/QTR4/78981_20111024_0.txt,ercent increase diluted earnings per share third quarter record jacksonville fl landstar system inc nasdaq lstr reported record third quarter diluted earnings per share per diluted share net income million compared net income milli,1
HEJFE-AC78A2434E4AE8FB,ACO,2013-04-25,XNYS,replication_archive_press_release,2013-04-26,B,github:vgreg/hacked_earnings_jfe@c23c7d79d067a79d70cf20e31b072d3703497eae:Data/Press releases/2013.zip::2013/QTR2/11599_20130426_0.txt,ex amcol international corporation nyse aco reports first quarter results hoffman estates il marketwired april first quarter amcol international corporation nyse a,1
HEJFE-AF5106891E058D23,TNGO,2015-02-12,XNAS,replication_archive_press_release,2015-02-12,B,github:vgreg/hacked_earnings_jfe@c23c7d79d067a79d70cf20e31b072d3703497eae:Data/Press releases/2015.zip::2015/QTR1/12924_20150212_0.txt,aap eps non gaap eps adjusted ebitda million adjusted ebitda margin orange conn february tangoe inc nasdaq tngo leading global provider connection lifecycle management clm software related services today announced financial results,1
HEJFE-AF58BD8CAE4E8D1C,FLT,2015-04-30,XNYS,replication_archive_press_release,2015-04-30,B,github:vgreg/hacked_earnings_jfe@c23c7d79d067a79d70cf20e31b072d3703497eae:Data/Press releases/2015.zip::2015/QTR2/12449_20150430_0.txt,ed net income per share grows year year raises guidance norcross ga april fleetcor technologies inc nyse flt leading global provider fuel cards workforce payment products businesses today reported financial results first quarter,1
HEJFE-B04F1AF8B6E30A43,CLD,2015-02-17,XNYS,replication_archive_press_release,2015-02-17,B,github:vgreg/hacked_earnings_jfe@c23c7d79d067a79d70cf20e31b072d3703497eae:Data/Press releases/2015.zip::2015/QTR1/93095_20150217_0.txt,k energy inc announces results fourth quarter full year gillette wyo february cloud peak energy inc nyse cld one largest us coal producers pure play powder river basin prb coal company today announced results fourth quarter full,1
HEJFE-B46D4F8F72DD0212,AMD,2013-10-17,XNYS,replication_archive_press_release,2013-10-17,B,github:vgreg/hacked_earnings_jfe@c23c7d79d067a79d70cf20e31b072d3703497eae:Data/Press releases/2013.zip::2013/QTR4/61241_20131017_0.txt,e million earnings per share non gaap net income million earnings per share sunnyvale calif oct amd nyse amd today announced revenue third quarter billion operating income million net income million per share company reported no,1
HEJFE-B5A8A297D14CD19D,TXT,2015-04-27,XNYS,replication_archive_press_release,2015-04-28,B,github:vgreg/hacked_earnings_jfe@c23c7d79d067a79d70cf20e31b072d3703497eae:Data/Press releases/2015.zip::2015/QTR2/23579_20150428_0.txt,t quarter income continuing operations per share revenues providence rhode island april textron inc nyse txt today reported first quarter income continuing operations per share percent per share first quarter revenues quarter bi,1
HEJFE-B704E62641681A73,GT,2011-07-27,XNYS,issuer_earnings_release,,A,https://news.goodyear.com/goodyear-reports-higher-second-quarter-earnings-on-24-sales-growth-1426100379894,The Goodyear Tire & Rubber Company (NYSE: GT),1
HEJFE-B7EFA7CF95262283,LSCC,2013-04-18,XNAS,replication_archive_press_release,2013-04-18,B,github:vgreg/hacked_earnings_jfe@c23c7d79d067a79d70cf20e31b072d3703497eae:Data/Press releases/2013.zip::2013/QTR2/75854_20130418_0.txt,lated costs million restructuring related charges hillsboro april lattice semiconductor corporation nasdaq lscc today announced financial results fiscal first quarter ended march first quarter revenue million increase million repor,1
HEJFE-B9C8B3D0EF3DCB5E,CACI,2015-04-29,XASE,replication_archive_press_release,2015-04-29,B,github:vgreg/hacked_earnings_jfe@c23c7d79d067a79d70cf20e31b072d3703497eae:Data/Press releases/2015.zip::2015/QTR2/20512_20150429_0.txt,funded backlog billion percent higher year year arlington va business wire april caci international nyse mkt caci leading information solutions services provider federal government announced results today third fiscal quarter ended m,1
HEJFE-BB62E8864F35DCD0,WLL,2015-02-25,XNYS,replication_archive_press_release,2015-02-25,B,github:vgreg/hacked_earnings_jfe@c23c7d79d067a79d70cf20e31b072d3703497eae:Data/Press releases/2015.zip::2015/QTR1/89901_20150225_0.txt,x budget decrease whitingkodiak capex producing expected production growth denver february whitings nyse wll production fourth quarter totaled million barrels oil equivalent mmboe crude oilnatural gas liquids ngls fourth quarter,1
HEJFE-BD3F577ADD90D512,GNTX,2013-10-21,XNAS,sec_earnings_exhibit+replication_archive_corroborated,,A,https://www.sec.gov/Archives/edgar/data/355811/000035581113000046/exhibit_991x093013.htm,Gentex Corporation (The Nasdaq Global Select Market: GNTX),1
HEJFE-BFE8A42E0C19BA39,VDSI,2011-10-26,XNAS,sec_earnings_exhibit,,A,https://www.sec.gov/Archives/edgar/data/1044777/000119312511292277/d249955dex991.htm,"VASCO Data Security International, Inc. (Nasdaq: VDSI)",1
HEJFE-C368B17FADFC15C7,ECHO,2013-04-25,XNAS,replication_archive_press_release,2013-04-25,B,github:vgreg/hacked_earnings_jfe@c23c7d79d067a79d70cf20e31b072d3703497eae:Data/Press releases/2013.zip::2013/QTR2/93079_20130425_0.txt, a ex echo global logistics announces first quarter results chicago april echo global logistics inc nasdaq echo leading provider technology enabled transportation supply chain management services reported today financial results qu,1
HEJFE-C4D39B22234902F2,GILD,2015-02-03,XNAS,replication_archive_press_release,2015-02-03,B,github:vgreg/hacked_earnings_jfe@c23c7d79d067a79d70cf20e31b072d3703497eae:Data/Press releases/2015.zip::2015/QTR1/77274_20150203_0.txt,cent year year full year non gaap eps percent year year foster city ca february gilead sciences inc nasdaq gild announced today results operations fourth quarter full year total revenues fourth quarter billion compared billion four,1
HEJFE-C85CE64DFF947CFD,RES,2012-01-24,XNYS,sec_earnings_exhibit,,A,https://www.sec.gov/Archives/edgar/data/742278/000118811212000165/ex99.htm,"RPC, Inc. (NYSE: RES)",1
HEJFE-C926C41F03E66E82,PAY,2014-12-15,XNYS,replication_archive_press_release,2014-12-15,B,github:vgreg/hacked_earnings_jfe@c23c7d79d067a79d70cf20e31b072d3703497eae:Data/Press releases/2014.zip::2014/QTR4/90657_20141215_0.txt,fiscal revenues earnings per share exceed guidancesan jose calif business wire verifone systems inc nyse pay fourth quarter financial highlights gaap non gaap net revenues million gaap net income per share non gaap net income pe,1
HEJFE-CCC7747CFBDE893E,PNRA,2013-04-23,XNAS,replication_archive_press_release,2013-04-23,B,github:vgreg/hacked_earnings_jfe@c23c7d79d067a79d70cf20e31b072d3703497eae:Data/Press releases/2013.zip::2013/QTR2/76695_20130423_1.txt,t company co ceo ron shaich become sole ceo effective august st louis mo april panera bread company nasdaq pnra announced today president co ceo bill moreton transition executive vice chairman due recognition need spend increased a,1
HEJFE-CFA461ED8BCCB889,OSK,2015-04-27,XNYS,replication_archive_press_release,2015-04-28,B,github:vgreg/hacked_earnings_jfe@c23c7d79d067a79d70cf20e31b072d3703497eae:Data/Press releases/2015.zip::2015/QTR2/90756_20150428_0.txt,on defense segments declares quarterly cash dividend per share oshkosh wi april oshkosh corporation nyse osk today reported fiscal second quarter net income million per diluted share compared million per diluted share second qua,1
HEJFE-D1D8268651584B6A,MKC,2013-04-01,XNYS,replication_archive_press_release,2013-04-02,B,github:vgreg/hacked_earnings_jfe@c23c7d79d067a79d70cf20e31b072d3703497eae:Data/Press releases/2013.zip::2013/QTR2/52090_20130402_0.txt,ts first quarter financial results reaffirms outlook sparks md april mccormick company incorporated nyse mkc global leader flavor today reported first quarter financial results fiscal year reaffirmed outlook net sales rose milli,1
HEJFE-D346C6CFDFB6E581,WTS,2015-02-17,XNYS,replication_archive_press_release,2015-02-17,B,github:vgreg/hacked_earnings_jfe@c23c7d79d067a79d70cf20e31b072d3703497eae:Data/Press releases/2015.zip::2015/QTR1/10606_20150217_0.txt, driving long term operating margin accretion north andover mafebruary watts water technologies inc nyse wts today announced results fourth quarter year ended december sales fourth quarter flat organically compared fourth quarte,1
HEJFE-D35C7804C2F5326C,CREE,2015-04-21,XNAS,replication_archive_press_release,2015-04-21,B,github:vgreg/hacked_earnings_jfe@c23c7d79d067a79d70cf20e31b072d3703497eae:Data/Press releases/2015.zip::2015/QTR2/78875_20150421_0.txt,elationsphone fax cree reports financial results third quarter fiscal year durham nc april cree inc nasdaq cree market leader led lighting today announced revenue million third quarter fiscal ended march represents increase compare,1
HEJFE-D4E8CD312A2AA576,ISSI,2012-01-25,XNAS,replication_archive_press_release,2012-01-25,B,github:vgreg/hacked_earnings_jfe@c23c7d79d067a79d70cf20e31b072d3703497eae:Data/Press releases/2012.zip::2012/QTR1/81256_20120125_0.txt,announces first fiscal quarter resultssan jose calif jan prnewswire integrated silicon solution inc nasdaq issi today reported financial results first fiscal quarter ended december fiscal first quarter results recent highlights rep,1
HEJFE-D51AC412EDF93AA8,INT,2015-04-30,XNYS,replication_archive_press_release,2015-04-30,B,github:vgreg/hacked_earnings_jfe@c23c7d79d067a79d70cf20e31b072d3703497eae:Data/Press releases/2015.zip::2015/QTR2/75070_20150430_0.txt,million operating cash flow first quarter miami business wire april world fuel services corporation nyse int today reported first quarter net income million diluted earnings per share compared million diluted earnings per share ,1
HEJFE-D6AE4ACB99958A73,SGEN,2015-04-30,XNAS,replication_archive_press_release,2015-04-30,B,github:vgreg/hacked_earnings_jfe@c23c7d79d067a79d70cf20e31b072d3703497eae:Data/Press releases/2015.zip::2015/QTR2/88949_20150430_0.txt,echelon phase confirmatory trials conference call today pm et bothell wa april seattle genetics inc nasdaq sgen today reported financial results first quarter ended march company also highlighted adcetris brentuximab vedotin commer,1
HEJFE-D6BA56FA6D57427E,SCVL,2015-05-20,XNAS,replication_archive_press_release,2015-05-20,B,github:vgreg/hacked_earnings_jfe@c23c7d79d067a79d70cf20e31b072d3703497eae:Data/Press releases/2015.zip::2015/QTR2/79007_20150520_0.txt,lts first quarter net sales increased milion eps increased evansville indiana may shoe carnival inc nasdaq scvl leading retailer value priced footwear accessories today reported results first quarter ended may first quarter highlig,1
HEJFE-D7BD84C255F2273D,GORO,2013-05-08,XASE,replication_archive_press_release,2013-05-08,B,github:vgreg/hacked_earnings_jfe@c23c7d79d067a79d70cf20e31b072d3703497eae:Data/Press releases/2013.zip::2013/QTR2/12049_20130508_0.txt,ex ex ex immediate release news may nyse mkt goro gold resource corporation reports first quarter results maintains production outlook colorado springs may gold resource,1
HEJFE-D7FD00AF94DD8F41,JNPR,2011-04-19,XNYS,replication_archive_press_release,2011-04-19,B,github:vgreg/hacked_earnings_jfe@c23c7d79d067a79d70cf20e31b072d3703497eae:Data/Press releases/2011.zip::2011/QTR2/86979_20110419_0.txt,non gaap net income per share diluted year year sequentially sunnyvale calif april juniper networks nyse jnpr today reported preliminary financial results three months ended march net revenues first quarter increased year year ba,1
HEJFE-D9C52E6CC595C380,ADI,2015-02-17,XNAS,replication_archive_press_release,2015-02-17,B,github:vgreg/hacked_earnings_jfe@c23c7d79d067a79d70cf20e31b072d3703497eae:Data/Press releases/2015.zip::2015/QTR1/60871_20150217_0.txt,ts increases quarterly cash dividend percent norwood mass business wire february analog devices inc nasdaq adi global leader high performance semiconductors signal processing applications today announced financial results first qu,1
HEJFE-DA7595FDF91D8CBC,WRLD,2012-01-24,XNAS,replication_archive_press_release,2012-01-25,B,github:vgreg/hacked_earnings_jfe@c23c7d79d067a79d70cf20e31b072d3703497eae:Data/Press releases/2012.zip::2012/QTR1/77114_20120125_0.txt,eptance corporation reports record third quarter greenville sc january world acceptance corporation nasdaq wrld today reported record financial results third fiscal quarter nine months ended december net income third quarter rose m,1
HEJFE-DB1E964E02F5921F,CLD,2015-04-30,XNYS,replication_archive_press_release,2015-04-30,B,github:vgreg/hacked_earnings_jfe@c23c7d79d067a79d70cf20e31b072d3703497eae:Data/Press releases/2015.zip::2015/QTR2/93095_20150430_0.txt,ions cloud peak energy inc announces results first quarter gillette wyo april cloud peak energy inc nyse cld one largest us coal producers pure play powder river basin prb coal company today announced results first quarter first,1
HEJFE-DC002D2C6C767277,MUSA,2011-10-20,XNYS,replication_archive_press_release,2011-10-20,B,github:vgreg/hacked_earnings_jfe@c23c7d79d067a79d70cf20e31b072d3703497eae:Data/Press releases/2011.zip::2011/QTR4/93323_20111020_0.txt,reports third quarter eps revenues million october fort lauderdale florida metals usa holdings corp nyse musa today reported results three nine months ended september net sales third quarter million net sales million third quarte,1
HEJFE-DC66D5F2BDEC7C74,NOW,2015-01-28,XNYS,replication_archive_press_release,2015-01-28,B,github:vgreg/hacked_earnings_jfe@c23c7d79d067a79d70cf20e31b072d3703497eae:Data/Press releases/2015.zip::2015/QTR1/13447_20150128_0.txt,er revenues million fiscal year revenues million santa clara calif business wire january servicenow nyse now enterprise cloud company today announced financial results fourth quarter fiscal year fourth quarter results revenues m,1
HEJFE-DF726FADF321F8E3,PVH,2015-03-25,XNYS,replication_archive_press_release,2015-03-25,B,github:vgreg/hacked_earnings_jfe@c23c7d79d067a79d70cf20e31b072d3703497eae:Data/Press releases/2015.zip::2015/QTR1/13936_20150325_0.txt,approximately per share primarily related foreign currency exchange ratesnew york new york pvh corp nyse pvh reported fourth quarter full year results announced guidancenon gaap amounts non gaap amounts discussed release exclude,1
HEJFE-E1B57B6A71B06A7F,CR,2015-04-27,XNYS,replication_archive_press_release,2015-04-27,B,github:vgreg/hacked_earnings_jfe@c23c7d79d067a79d70cf20e31b072d3703497eae:Data/Press releases/2015.zip::2015/QTR2/20204_20150427_0.txt, eps guidance completed million share repurchases first quarter stamford connecticut april crane co nyse cr diversified manufacturer highly engineered industrial products reported first quarter earnings per diluted share compar,1
HEJFE-E25BAF3CFF23A3BE,BCR,2015-01-29,XNYS,replication_archive_press_release,2015-01-29,B,github:vgreg/hacked_earnings_jfe@c23c7d79d067a79d70cf20e31b072d3703497eae:Data/Press releases/2015.zip::2015/QTR1/46877_20150129_0.txt, vice president treasurer bard announces fourth quarter results murray hill nj january c r bard inc nyse bcr today reported fourth quarter financial results fourth quarter net sales million increase percent prior year period rep,1
HEJFE-E28050410A1480C6,DYN,2015-05-06,XNYS,sec_registration_prior+replication_archive_corroborated,,A,https://www.sec.gov/Archives/edgar/data/1379895/000110465915013496/a15-5224_1ex99d1.htm,Dynegy Inc. (NYSE: DYN),1
HEJFE-E342F6A93B35E012,GNRC,2015-02-10,XNYS,replication_archive_press_release,2015-02-11,B,github:vgreg/hacked_earnings_jfe@c23c7d79d067a79d70cf20e31b072d3703497eae:Data/Press releases/2015.zip::2015/QTR1/93246_20150211_0.txt,ts increased sales ci products diversifies businesswaukesha wisconsin february generac holdings inc nyse gnrc the company leading designer manufacturer power generation equipment engine powered products today reported financial r,1
HEJFE-E4D3EE1A6CB984DB,EHTH,2011-04-26,XNAS,replication_archive_press_release,2011-04-26,B,github:vgreg/hacked_earnings_jfe@c23c7d79d067a79d70cf20e31b072d3703497eae:Data/Press releases/2011.zip::2011/QTR2/91498_20110426_0.txt,share first quarter cash flow operations million first quarter mountain view califapril ehealth inc nasdaq ehth leading online source health insurance individuals families small businesses today announced financial results first qu,1
HEJFE-E575622C8FDAB71F,ISIL,2013-04-24,XNAS,sec_earnings_exhibit,,A,https://www.sec.gov/Archives/edgar/data/1096325/000109632513000032/isil-20130424ex99104fe7d.htm,Intersil Corporation (NASDAQ Global Select: ISIL),1
HEJFE-E61095F8DC4132DE,JNPR,2013-07-23,XNYS,sec_earnings_exhibit,,A,https://www.sec.gov/Archives/edgar/data/1043604/000119312513298913/d572332dex991.htm,Juniper Networks (NYSE: JNPR),1
HEJFE-E8C5063581BE7EB7,F,2015-01-28,XNYS,sec_earnings_exhibit+replication_archive_corroborated,,A,https://www.sec.gov/Archives/edgar/data/37996/000003799615000007/exhibit99toearnings8-kdate.htm,Ford Motor Company [NYSE: F],1
HEJFE-EBC49B9A024181AD,VEEV,2015-03-03,XNYS,replication_archive_press_release,2015-03-03,B,github:vgreg/hacked_earnings_jfe@c23c7d79d067a79d70cf20e31b072d3703497eae:Data/Press releases/2015.zip::2015/QTR1/14231_20150303_0.txt,r subscription services revenues m year year pleasanton calif business wire march veeva systems inc nyse veev leading provider industry cloud solutions life sciences today announced results fiscal fourth quarter fiscal year ended,1
HEJFE-EC5EB2BE0D97833F,STT,2015-01-22,XNYS,sec_earnings_exhibit+replication_archive_corroborated,,A,https://www.sec.gov/Archives/edgar/data/93751/000009375115000002/q42014-earningspressrelease.htm,State Street Corporation (NYSE: STT),1
HEJFE-ED329F780A1085DA,EW,2013-04-23,XNYS,replication_archive_press_release,2013-04-23,B,github:vgreg/hacked_earnings_jfe@c23c7d79d067a79d70cf20e31b072d3703497eae:Data/Press releases/2013.zip::2013/QTR2/87657_20130423_0.txt, million thv patent litigation guidance lowered irvine calif april edwards lifesciences corporation nyse ew global leader science heart valves hemodynamic monitoring today reported net income quarter ended march million compare,1
HEJFE-ED8CFC03F1053B9A,CAMP,2013-04-25,XNAS,sec_earnings_exhibit,,A,https://www.sec.gov/Archives/edgar/data/730255/000120677413001590/exhibit99-1.htm,CalAmp Corp. (NASDAQ: CAMP),1
HEJFE-EDF80619CED083CB,CAG,2015-03-25,XNYS,sec_earnings_exhibit+replication_archive_corroborated,,A,https://www.sec.gov/Archives/edgar/data/23217/000119312515105916/d897973dex991.htm,"ConAgra Foods, Inc. (NYSE: CAG)",1
HEJFE-EDFDC1213C9AF586,MXIM,2012-01-26,XNAS,sec_registration_prior,,A,https://www.sec.gov/Archives/edgar/data/743316/000144530511002404/maxim10-k062511.htm,Our common stock is traded on the NASDAQ Global Select Market under the symbol MXIM.,1
HEJFE-EFFA194386ABDD28,IDTI,2015-05-04,XNAS,replication_archive_press_release,2015-05-04,B,github:vgreg/hacked_earnings_jfe@c23c7d79d067a79d70cf20e31b072d3703497eae:Data/Press releases/2015.zip::2015/QTR2/44506_20150504_0.txt,ntinuing operations fy non gaap diluted eps san jose calif may integrated device technology inc idt nasdaq idti today announced results fiscal fourth quarter fiscal year ended march we concluded fiscal year exceptional results acro,1
HEJFE-F170013A9B3F85E2,SKX,2015-04-22,XNYS,replication_archive_press_release,2015-04-22,B,github:vgreg/hacked_earnings_jfe@c23c7d79d067a79d70cf20e31b072d3703497eae:Data/Press releases/2015.zip::2015/QTR2/86949_20150422_0.txt,nt earnings operations million diluted earnings per share manhattan beach ca april skechers usa inc nyse skx global leader footwear today announced financial results first quarter ended march first quarter net sales million comp,1
HEJFE-F20ECC0C09BBC89E,JNPR,2013-10-22,XNYS,replication_archive_press_release,2013-10-22,B,github:vgreg/hacked_earnings_jfe@c23c7d79d067a79d70cf20e31b072d3703497eae:Data/Press releases/2013.zip::2013/QTR4/86979_20131022_0.txt, diluted non gaap net income per share diluted diluted diluted sunnyvale calif oct juniper networks nyse jnpr industry leader network innovation today reported preliminary financial results three months ended september provided o,1
HEJFE-F9E72EEF6E5BD373,NATI,2015-01-29,XNAS,replication_archive_press_release,2015-01-29,B,github:vgreg/hacked_earnings_jfe@c23c7d79d067a79d70cf20e31b072d3703497eae:Data/Press releases/2015.zip::2015/QTR1/81501_20150129_0.txt,non gaap eps ebitda million per share cash cash equivalents million million dec austin texas jan ni nasdaq nati today announced revenue million percent year year companys total orders percent quarter orders percent year year orders,1
HEJFE-FBA59D82CEE8FD00,CGNX,2015-02-12,XNAS,replication_archive_press_release,2015-02-12,B,github:vgreg/hacked_earnings_jfe@c23c7d79d067a79d70cf20e31b072d3703497eae:Data/Press releases/2015.zip::2015/QTR1/75654_20150212_0.txt,ex cognex reports record results natick mass business wire february cognex corporation nasdaq cgnx today announced company set new annual records revenue net income earnings per share selected financial data quarter ye,1
HEJFE-FBFFFD99898188CF,COLM,2015-02-12,XNAS,sec_earnings_exhibit+replication_archive_corroborated,,A,https://www.sec.gov/Archives/edgar/data/1050797/000156459015000652/colm-ex991_2015021210.htm,Columbia Sportswear Company (NASDAQ: COLM),1
