historical_symbol,cik,fact_date,shares_outstanding,filed_date,form,accession,source_tag,source_reference,source_grade,notes
VMW,0001124610,2013-07-26,429517210,2013-08-06,10-Q,0001124610-13-000027,sec_cover_page,https://www.sec.gov/Archives/edgar/data/1124610/000112461013000027/vmw-6302013x10q.htm,A,Class A plus Class B
PNRA,0000724606,2014-10-28,26969472,2014-10-30,10-Q,0000724606-14-000036,sec_cover_page,https://www.sec.gov/Archives/edgar/data/724606/000072460614000036/a2014093010q.htm,A,Class A plus Class B
F,0000037996,2014-10-24,3848687417,2014-10-31,10-Q,0000037996-14-000057,sec_cover_page,https://www.sec.gov/Archives/edgar/data/37996/000003799614000057/f0930201410-q.htm,A,Common plus Class B
NATI,0000935494,2014-10-28,127586103,2014-10-31,10-Q,0000935494-14-000026,sec_cover_page,https://www.sec.gov/Archives/edgar/data/935494/000093549414000026/c494-20140930x10q.htm,A,
INWK,0001190710,2014-10-31,53884294,2014-11-10,10-Q,0001144204-14-065945,sec_cover_page,https://www.sec.gov/Archives/edgar/data/1350381/000114420414065945/v392129_10q.htm,A,
ROG,0000084748,2014-10-17,18288124,2014-10-28,10-Q,0000084748-14-000012,sec_cover_page,https://www.sec.gov/Archives/edgar/data/84748/000008474814000012/rog-2014930x10q.htm,A,
WTS,0000795403,2014-10-31,35129832,2014-11-06,10-Q,0001104659-14-076471,sec_cover_page,https://www.sec.gov/Archives/edgar/data/795403/000110465914076471/a14-19707_110q.htm,A,Class A plus Class B
VEEV,0001393052,2014-11-28,130594979,2014-12-11,10-Q,0001564590-14-006187,sec_cover_page,https://www.sec.gov/Archives/edgar/data/1393052/000156459014006187/veev-10q_20141031.htm,A,Class A plus Class B
CGNX,0000851205,2015-02-01,86544015,2015-02-12,10-K,0000851205-15-000003,sec_cover_page,https://www.sec.gov/Archives/edgar/data/851205/000085120515000003/cgnx-20141231x10xk.htm,A,
SKX,0001065837,2014-11-03,51902179,2014-11-07,10-Q,0001193125-14-402892,sec_cover_page,https://www.sec.gov/Archives/edgar/data/1065837/000119312514402892/d799850d10q.htm,A,Class A plus Class B
SKX,0001065837,2015-02-17,52021294,2015-03-02,10-K,0001193125-15-068511,sec_cover_page,https://www.sec.gov/Archives/edgar/data/1065837/000119312515068511/d846076d10k.htm,A,Class A plus Class B
