historical_symbol,cik,fact_date,shares_outstanding,filed_date,form,accession,source_tag,source_reference,source_grade,max_staleness_days,staleness_exception_reason,notes
TIBX,0001085280,2013-07-01,162510870,2013-07-11,10-Q,0001085280-13-000138,dei:EntityCommonStockSharesOutstanding,https://data.sec.gov/api/xbrl/companyconcept/CIK0001085280/dei/EntityCommonStockSharesOutstanding.json#accn=0001085280-13-000138;end=2013-07-01,A,,,
ALGN,0001097149,2013-07-26,79837318,2013-08-02,10-Q,0001097149-13-000033,dei:EntityCommonStockSharesOutstanding,https://data.sec.gov/api/xbrl/companyconcept/CIK0001097149/dei/EntityCommonStockSharesOutstanding.json#accn=0001097149-13-000033;end=2013-07-26,A,,,
AMD,0000002488,2013-07-29,720015466,2013-08-01,10-Q,0001193125-13-315281,dei:EntityCommonStockSharesOutstanding,https://data.sec.gov/api/xbrl/companyconcept/CIK0000002488/dei/EntityCommonStockSharesOutstanding.json#accn=0001193125-13-315281;end=2013-07-29,A,,,
GNTX,0000355811,2013-07-25,144259553,2013-08-02,10-Q,0000355811-13-000036,dei:EntityCommonStockSharesOutstanding,https://data.sec.gov/api/xbrl/companyconcept/CIK0000355811/dei/EntityCommonStockSharesOutstanding.json#accn=0000355811-13-000036;end=2013-07-25,A,,,
VMW,0001124610,2013-07-26,429517210,2013-08-02,10-Q,0001124610-13-000027,sec_cover_page,https://www.sec.gov/Archives/edgar/data/1124610/000112461013000027/vmw-6302013x10q.htm,A,,,Combined Class A and Class B common shares.
JNPR,0001043604,2013-08-02,506838542,2013-08-08,10-Q,0001043604-13-000072,dei:EntityCommonStockSharesOutstanding,https://data.sec.gov/api/xbrl/companyconcept/CIK0001043604/dei/EntityCommonStockSharesOutstanding.json#accn=0001043604-13-000072;end=2013-08-02,A,,,
PNRA,0000724606,2013-07-23,29498839,2013-07-24,10-Q,0000724606-13-000028,sec_cover_page,https://www.sec.gov/Archives/edgar/data/724606/000072460613000028/a2013062510q.htm,A,,,Combined Class A and Class B common shares.
PNRA,0000724606,2014-10-28,26969472,2014-10-29,10-Q,0000724606-14-000036,sec_cover_page,https://www.sec.gov/Archives/edgar/data/724606/000072460614000036/a2014093010q.htm,A,,,Combined Class A and Class B common shares.
CMTL,0000023197,2014-10-06,16203548,2014-10-09,10-K,0000023197-14-000024,dei:EntityCommonStockSharesOutstanding,https://data.sec.gov/api/xbrl/companyconcept/CIK0000023197/dei/EntityCommonStockSharesOutstanding.json#accn=0000023197-14-000024;end=2014-10-06,A,,,
PAY,0001312073,2014-11-30,113344841,2014-12-17,10-K,0001312073-14-000045,dei:EntityCommonStockSharesOutstanding,https://data.sec.gov/api/xbrl/companyconcept/CIK0001312073/dei/EntityCommonStockSharesOutstanding.json#accn=0001312073-14-000045;end=2014-11-30,A,,,
CREE,0000895419,2014-10-15,119445374,2014-10-22,10-Q,0000895419-14-000077,dei:EntityCommonStockSharesOutstanding,https://data.sec.gov/api/xbrl/companyconcept/CIK0000895419/dei/EntityCommonStockSharesOutstanding.json#accn=0000895419-14-000077;end=2014-10-15,A,,,
SNDK,0001000180,2014-09-28,220648812,2014-11-03,10-Q,0001000180-14-000068,dei:EntityCommonStockSharesOutstanding,https://data.sec.gov/api/xbrl/companyconcept/CIK0001000180/dei/EntityCommonStockSharesOutstanding.json#accn=0001000180-14-000068;end=2014-09-28,A,,,
URI,0001067701,2014-10-13,99808171,2014-10-15,10-Q,0001067701-14-000033,dei:EntityCommonStockSharesOutstanding,https://data.sec.gov/api/xbrl/companyconcept/CIK0001067701/dei/EntityCommonStockSharesOutstanding.json#accn=0001067701-14-000033;end=2014-10-13,A,,,
SBUX,0000829224,2014-11-07,748300000,2014-11-14,10-K,0000829224-14-000041,dei:EntityCommonStockSharesOutstanding,https://data.sec.gov/api/xbrl/companyconcept/CIK0000829224/dei/EntityCommonStockSharesOutstanding.json#accn=0000829224-14-000041;end=2014-11-07,A,,,
STT,0000093751,2014-10-31,417495288,2014-11-10,10-Q,0000093751-14-000165,dei:EntityCommonStockSharesOutstanding,https://data.sec.gov/api/xbrl/companyconcept/CIK0000093751/dei/EntityCommonStockSharesOutstanding.json#accn=0000093751-14-000165;end=2014-10-31,A,,,
SWKS,0000004127,2014-11-14,190653624,2014-11-25,10-K,0000004127-14-000046,dei:EntityCommonStockSharesOutstanding,https://data.sec.gov/api/xbrl/companyconcept/CIK0000004127/dei/EntityCommonStockSharesOutstanding.json#accn=0000004127-14-000046;end=2014-11-14,A,,,
EA,0000712515,2014-10-31,310936350,2014-11-04,10-Q,0000712515-14-000063,dei:EntityCommonStockSharesOutstanding,https://data.sec.gov/api/xbrl/companyconcept/CIK0000712515/dei/EntityCommonStockSharesOutstanding.json#accn=0000712515-14-000063;end=2014-10-31,A,,,
ILMN,0001110803,2014-10-08,142000000,2014-10-29,10-Q,0001110803-14-000363,dei:EntityCommonStockSharesOutstanding,https://data.sec.gov/api/xbrl/companyconcept/CIK0001110803/dei/EntityCommonStockSharesOutstanding.json#accn=0001110803-14-000363;end=2014-10-08,A,,,
F,0000037996,2014-10-24,3848687417,2014-10-31,10-Q,0000037996-14-000057,sec_cover_page,https://www.sec.gov/Archives/edgar/data/37996/000003799614000057/f0930201410-q.htm,A,,,Combined Common Stock and Class B Stock outstanding.
NOW,0001373715,2014-10-31,148300000,2014-11-05,10-Q,0001373715-14-000207,dei:EntityCommonStockSharesOutstanding,https://data.sec.gov/api/xbrl/companyconcept/CIK0001373715/dei/EntityCommonStockSharesOutstanding.json#accn=0001373715-14-000207;end=2014-10-31,A,,,
TER,0000097210,2014-10-31,216494252,2014-11-07,10-Q,0001193125-14-402724,dei:EntityCommonStockSharesOutstanding,https://data.sec.gov/api/xbrl/companyconcept/CIK0000097210/dei/EntityCommonStockSharesOutstanding.json#accn=0001193125-14-402724;end=2014-10-31,A,,,
BCR,0000009892,2014-09-30,74898741,2014-10-23,10-Q,0001193125-14-380362,dei:EntityCommonStockSharesOutstanding,https://data.sec.gov/api/xbrl/companyconcept/CIK0000009892/dei/EntityCommonStockSharesOutstanding.json#accn=0001193125-14-380362;end=2014-09-30,A,,,
HBI,0001359841,2014-10-24,99892128,2014-10-30,10-Q,0001359841-14-000129,dei:EntityCommonStockSharesOutstanding,https://data.sec.gov/api/xbrl/companyconcept/CIK0001359841/dei/EntityCommonStockSharesOutstanding.json#accn=0001359841-14-000129;end=2014-10-24,A,,,
NATI,0000935494,2014-10-28,127586103,2014-10-31,10-Q,0000935494-14-000026,dei:EntityCommonStockSharesOutstanding,https://data.sec.gov/api/xbrl/companyconcept/CIK0000935494/dei/EntityCommonStockSharesOutstanding.json#accn=0000935494-14-000026;end=2014-10-28,A,,,
IDTI,0000703361,2014-10-31,148650153,2014-11-05,10-Q,0000703361-14-000038,dei:EntityCommonStockSharesOutstanding,https://data.sec.gov/api/xbrl/companyconcept/CIK0000703361/dei/EntityCommonStockSharesOutstanding.json#accn=0000703361-14-000038;end=2014-10-31,A,,,
MDU,0000067716,2014-10-31,194106937,2014-11-07,10-Q,0000067716-14-000123,dei:EntityCommonStockSharesOutstanding,https://data.sec.gov/api/xbrl/companyconcept/CIK0000067716/dei/EntityCommonStockSharesOutstanding.json#accn=0000067716-14-000123;end=2014-10-31,A,,,
R,0000085961,2014-09-30,53039595,2014-10-22,10-Q,0000085961-14-000050,dei:EntityCommonStockSharesOutstanding,https://data.sec.gov/api/xbrl/companyconcept/CIK0000085961/dei/EntityCommonStockSharesOutstanding.json#accn=0000085961-14-000050;end=2014-09-30,A,,,
GILD,0000882095,2014-10-31,1508664333,2014-11-05,10-Q,0000882095-14-000051,dei:EntityCommonStockSharesOutstanding,https://data.sec.gov/api/xbrl/companyconcept/CIK0000882095/dei/EntityCommonStockSharesOutstanding.json#accn=0000882095-14-000051;end=2014-10-31,A,,,
GMCR,0000909954,2014-11-14,162009539,2014-11-19,10-K,0001047469-14-009384,dei:EntityCommonStockSharesOutstanding,https://data.sec.gov/api/xbrl/companyconcept/CIK0000909954/dei/EntityCommonStockSharesOutstanding.json#accn=0001047469-14-009384;end=2014-11-14,A,,,
NUAN,0001002517,2014-10-31,321219621,2014-11-28,10-K,0001002517-14-000049,dei:EntityCommonStockSharesOutstanding,https://data.sec.gov/api/xbrl/companyconcept/CIK0001002517/dei/EntityCommonStockSharesOutstanding.json#accn=0001002517-14-000049;end=2014-10-31,A,,,
P,0001230276,2014-10-23,208086733,2014-10-28,10-Q,0001230276-14-000123,dei:EntityCommonStockSharesOutstanding,https://data.sec.gov/api/xbrl/companyconcept/CIK0001230276/dei/EntityCommonStockSharesOutstanding.json#accn=0001230276-14-000123;end=2014-10-23,A,,,
CRL,0001100682,2014-10-16,46921688,2014-10-30,10-Q,0001445305-14-004599,dei:EntityCommonStockSharesOutstanding,https://data.sec.gov/api/xbrl/companyconcept/CIK0001100682/dei/EntityCommonStockSharesOutstanding.json#accn=0001445305-14-004599;end=2014-10-16,A,,,
GNRC,0001474735,2014-11-01,68868851,2014-11-07,10-Q,0001437749-14-020036,dei:EntityCommonStockSharesOutstanding,https://data.sec.gov/api/xbrl/companyconcept/CIK0001474735/dei/EntityCommonStockSharesOutstanding.json#accn=0001437749-14-020036;end=2014-11-01,A,,,
ALNY,0001178670,2014-10-31,76931090,2014-11-06,10-Q,0001193125-14-399866,dei:EntityCommonStockSharesOutstanding,https://data.sec.gov/api/xbrl/companyconcept/CIK0001178670/dei/EntityCommonStockSharesOutstanding.json#accn=0001193125-14-399866;end=2014-10-31,A,,,
CGNX,0000851205,2014-09-28,87045169,2014-10-27,10-Q,0000851205-14-000017,sec_cover_page,https://www.sec.gov/Archives/edgar/data/851205/000085120514000017/cgnx-9282014x10q.htm,A,,,
COLM,0001050797,2014-10-24,69686802,2014-11-07,10-Q,0001050797-14-000009,dei:EntityCommonStockSharesOutstanding,https://data.sec.gov/api/xbrl/companyconcept/CIK0001050797/dei/EntityCommonStockSharesOutstanding.json#accn=0001050797-14-000009;end=2014-10-24,A,,,
INWK,0001350381,2014-10-31,53884294,2014-11-07,10-Q,0001144204-14-065945,dei:EntityCommonStockSharesOutstanding,https://data.sec.gov/api/xbrl/companyconcept/CIK0001350381/dei/EntityCommonStockSharesOutstanding.json#accn=0001144204-14-065945;end=2014-10-31,A,,,
QLIK,0001305294,2014-10-27,90312552,2014-10-31,10-Q,0001193125-14-392023,dei:EntityCommonStockSharesOutstanding,https://data.sec.gov/api/xbrl/companyconcept/CIK0001305294/dei/EntityCommonStockSharesOutstanding.json#accn=0001193125-14-392023;end=2014-10-27,A,,,
TNGO,0001182325,2014-10-31,38844523,2014-11-10,10-Q,0001104659-14-078972,dei:EntityCommonStockSharesOutstanding,https://data.sec.gov/api/xbrl/companyconcept/CIK0001182325/dei/EntityCommonStockSharesOutstanding.json#accn=0001104659-14-078972;end=2014-10-31,A,,,
ADI,0000006281,2014-11-01,311204926,2014-12-10,10-K,0000006281-14-000039,dei:EntityCommonStockSharesOutstanding,https://data.sec.gov/api/xbrl/companyconcept/CIK0000006281/dei/EntityCommonStockSharesOutstanding.json#accn=0000006281-14-000039;end=2014-11-01,A,,,
CLD,0001441849,2014-10-23,61004549,2014-10-30,10-Q,0001104659-14-074918,dei:EntityCommonStockSharesOutstanding,https://data.sec.gov/api/xbrl/companyconcept/CIK0001441849/dei/EntityCommonStockSharesOutstanding.json#accn=0001104659-14-074918;end=2014-10-23,A,,,
FLR,0001124198,2014-10-24,156220578,2014-10-30,10-Q,0001104659-14-075263,dei:EntityCommonStockSharesOutstanding,https://data.sec.gov/api/xbrl/companyconcept/CIK0001124198/dei/EntityCommonStockSharesOutstanding.json#accn=0001104659-14-075263;end=2014-10-24,A,,,
