event_id,historical_symbol,event_date,first_documented_illicit_trade_ts,public_announcement_ts,resolution_status,timestamp_kind,source_id,source_family,source_grade,source_reference,timestamp_confidence,information_asymmetry_seconds,research_use_only
HEJFE-8D40B9782E1E6F33,HON,2012-01-26,2012-01-26T20:53:00Z,2012-01-27T12:30:00Z,resolved_exact_public_timestamp,official_newswire_release,public-prnewswire-hon-verified-mirror-20120127,official_newswire_archive,B,https://uk.marketscreener.com/quote/stock/HONEYWELL-INTERNATIONAL-I-4827/news/Honeywell-International-Inc-Honeywell-Reports-Full-Year-Sales-Up-13-to-36-5-Billion-Proforma-E-13990003/,B-EXACT,56220,1
HEJFE-D346C6CFDFB6E581,WTS,2015-02-17,2015-02-17T19:19:00Z,2015-02-17T21:30:00Z,resolved_exact_public_timestamp,first_public_release,public-worker2-courtlistener-batch-0077,federal_court_public_distribution_record,A,https://storage.courtlistener.com/recap/gov.uscourts.nyed.373762/gov.uscourts.nyed.373762.367.2.pdf,A-EXACT,7860,1
HEJFE-A413A5AC6E515E3C,CNMD,2011-04-27,2011-04-27T19:22:00Z,2011-04-28T11:00:00Z,resolved_exact_public_timestamp,first_public_release,public-sec-cnmd-release-20110428,official_newswire_archive,A,https://www.sec.gov/Archives/edgar/data/816956/000091431711000622/ex99-1.htm,A-EXACT,56280,1
HEJFE-AC78A2434E4AE8FB,ACO,2013-04-25,2013-04-25T18:40:00Z,,excluded_fail_closed,,reviewed-g1-exclusion,,,data/processed/authorized_input_real/g1_final_timing_exclusions.json,EXCLUDED-FAIL-CLOSED,,1
HEJFE-EDFDC1213C9AF586,MXIM,2012-01-26,2012-01-26T16:44:00Z,2012-01-26T21:00:00Z,resolved_exact_public_timestamp,first_public_release,public-worker2-mxim-batch-0092,official_newswire_archive,A,"https://www.prnewswire.com/news/maxim-integrated-products,-inc./?page=14&pagesize=25",A-EXACT,15360,1
HEJFE-4080E04F012A7290,QLIK,2015-02-12,2015-02-12T20:39:00Z,,excluded_fail_closed,,reviewed-g1-exclusion,,,data/processed/authorized_input_real/g1_final_timing_exclusions.json,EXCLUDED-FAIL-CLOSED,,1
HEJFE-D7BD84C255F2273D,GORO,2013-05-08,2013-05-08T19:58:00Z,,excluded_fail_closed,,reviewed-g1-exclusion,,,data/processed/authorized_input_real/g1_final_timing_exclusions.json,EXCLUDED-FAIL-CLOSED,,1
HEJFE-AF58BD8CAE4E8D1C,FLT,2015-04-30,2015-04-30T19:28:00Z,2015-04-30T20:01:00Z,resolved_exact_public_timestamp,first_public_release,public-businesswire-preserved-flt-sbux-batch-0034,official_newswire_archive,B,https://www.marketscreener.com/quote/stock/CORPAY-INC-6996903/news/FleetCor-Technologies-Reports-First-Quarter-2015-Financial-Results-20292810/,B-EXACT,1980,1
HEJFE-5E9AD5C9AD67944D,CSOD,2015-05-06,2015-05-06T19:29:00Z,2015-05-06T20:01:00Z,resolved_exact_public_timestamp,first_public_release,public-streetinsider-businesswire-csod-ndsn-batch-0053,official_newswire_archive,B,https://www.streetinsider.com/Press+Releases/Cornerstone+OnDemand+Announces+First+Quarter+2015+Financial+Results/10529960.html,B-EXACT,1920,1
HEJFE-12CC8075D3F634CD,ECOL,2013-04-24,2013-04-24T19:07:00Z,,excluded_fail_closed,,reviewed-g1-exclusion,,,data/processed/authorized_input_real/g1_final_timing_exclusions.json,EXCLUDED-FAIL-CLOSED,,1
HEJFE-847F0EFE669B2440,P,2015-02-05,2015-02-05T20:59:00Z,,excluded_fail_closed,,reviewed-g1-exclusion,,,data/processed/authorized_input_real/g1_final_timing_exclusions.json,EXCLUDED-FAIL-CLOSED,,1
HEJFE-AF5106891E058D23,TNGO,2015-02-12,2015-02-12T20:10:00Z,,excluded_fail_closed,,reviewed-g1-exclusion,,,data/processed/authorized_input_real/g1_final_timing_exclusions.json,EXCLUDED-FAIL-CLOSED,,1
HEJFE-6F0A7632D9B4FFF6,ACHC,2015-04-28,2015-04-28T18:35:00Z,2015-04-28T20:00:00Z,resolved_exact_public_timestamp,official_newswire_release,public-streetinsider-businesswire-achc-verified-20150428,official_newswire_archive,B,https://www.streetinsider.com/Press%2BReleases/Acadia%2BHealthcare%2BFirst%2BQuarter%2BAdjusted%2BEPS%2BIncreases%2B53.6%25%2Bto%2B%240.43/10497602.html?classic=1,B-EXACT,5100,1
HEJFE-05DE1473D5D7F7FB,MFRM,2015-03-19,2015-03-19T19:55:00Z,2015-03-19T20:01:00Z,resolved_exact_public_timestamp,official_newswire_release,public-businesswire-mfrm-verified-mirror-20150319,official_newswire_archive,B,https://www.marketscreener.com/quote/stock/MATTRESS-FIRM-HOLDING-COR-9445891/news/Mattress-Firm-Announces-Fourth-Fiscal-Quarter-and-Full-Fiscal-Year-Financial-Results-20057085/,B-EXACT,360,1
HEJFE-87DDC59E7BB99A84,ALSN,2015-04-27,2015-04-27T19:17:00Z,2015-04-27T20:10:00Z,resolved_exact_public_timestamp,official_newswire_release,public-prnewswire-alsn-release-20150427,official_newswire_archive,A,https://www.prnewswire.com/news/allison-transmission-holdings-inc./?page=6&pagesize=25,A-EXACT,3180,1
HEJFE-6C73B4B05384BC1E,PFPT,2013-04-25,2013-04-25T19:00:00Z,2013-04-25T20:05:00Z,resolved_exact_public_timestamp,first_public_release,public-mth-marketwired-pfpt-vrsn-batch-0035,official_newswire_archive,B,https://finance.yahoo.com/news/proofpoint-announces-first-quarter-2013-200500289.html,B-EXACT,3900,1
HEJFE-DC66D5F2BDEC7C74,NOW,2015-01-28,2015-01-28T18:31:00Z,2015-01-28T21:05:00Z,resolved_exact_public_timestamp,official_newswire_release,public-businesswire-servicenow-verified-mirror-20150128,official_newswire_archive,B,https://au.marketscreener.com/quote/stock/SERVICENOW-INC-10912979/news/ServiceNow-Reports-Financial-Results-for-Fourth-Quarter-and-Fiscal-Year-2014-19777027/,B-EXACT,9240,1
HEJFE-47A3794D1C360650,NOW,2015-04-16,2015-04-16T18:33:00Z,,excluded_fail_closed,,reviewed-g1-exclusion,,,data/processed/authorized_input_real/g1_final_timing_exclusions.json,EXCLUDED-FAIL-CLOSED,,1
HEJFE-9B84208BA575EAC4,RH,2015-03-26,2015-03-26T19:41:00Z,2015-03-26T20:04:00Z,resolved_exact_public_timestamp,first_public_release,public-issuer-rh-batch-0061,official_newswire_archive,A,https://ir.rh.com/news-events/detail/180/rh-reports-record-fourth-quarter-and-fiscal-year-2014-financial-results,A-EXACT,1380,1
HEJFE-DF726FADF321F8E3,PVH,2015-03-25,2015-03-25T19:18:00Z,2015-03-25T20:01:00Z,resolved_exact_public_timestamp,official_newswire_release,public-businesswire-pvh-preserved-copy-20150325,official_newswire_archive,B,https://investorshub.advfn.com/boards/read_msg.aspx?message_id=112656236,B-EXACT,2580,1
HEJFE-EBC49B9A024181AD,VEEV,2015-03-03,2015-03-03T18:31:00Z,,excluded_fail_closed,,reviewed-g1-exclusion,,,data/processed/authorized_input_real/g1_final_timing_exclusions.json,EXCLUDED-FAIL-CLOSED,,1
HEJFE-1950A4340036BB95,FL,2011-08-18,2011-08-18T19:43:00Z,2011-08-18T20:45:00Z,resolved_exact_public_timestamp,first_public_release,public-prnewswire-fl-mdp-igt-batch-0042,official_newswire_archive,A,"https://www.prnewswire.com/news/foot-locker,-inc./?page=14&pagesize=25",A-EXACT,3720,1
HEJFE-B704E62641681A73,GT,2011-07-27,2011-07-27T19:59:00Z,2011-07-28T12:00:00Z,resolved_exact_public_timestamp,first_public_release,public-worker2-gt-batch-0087,official_newswire_archive,A,https://www.prnewswire.com/news/the-goodyear-tire-%26-rubber-company/?page=33,A-EXACT,57660,1
HEJFE-95933AA0B84D2F60,CAT,2012-01-25,2012-01-25T19:35:00Z,2012-01-26T12:30:00Z,resolved_exact_public_timestamp,official_newswire_release,public-prnewswire-g1-batch-0002,official_newswire_archive,A,https://www.prnewswire.com/news/caterpillar-inc./?page=22,A-EXACT,60900,1
HEJFE-A9D220DE2F7E7FC3,DE,2015-02-19,2015-02-19T20:40:00Z,2015-02-20T12:00:00Z,resolved_exact_public_timestamp,official_newswire_release,public-prnewswire-g1-batch-0002,official_newswire_archive,A,https://www.prnewswire.com/news/deere-%26-company/?page=8&pagesize=25,A-EXACT,55200,1
HEJFE-45E6DA32B37F83D4,BA,2012-01-24,2012-01-24T20:19:00Z,,excluded_fail_closed,,reviewed-g1-exclusion,,,data/processed/authorized_input_real/g1_final_timing_exclusions.json,EXCLUDED-FAIL-CLOSED,,1
HEJFE-E1B57B6A71B06A7F,CR,2015-04-27,2015-04-27T19:39:00Z,2015-04-27T21:38:00Z,resolved_exact_public_timestamp,first_public_release,public-worker2-courtlistener-batch-0077,federal_court_public_distribution_record,A,https://storage.courtlistener.com/recap/gov.uscourts.nyed.373762/gov.uscourts.nyed.373762.367.2.pdf,A-EXACT,7140,1
HEJFE-B9C8B3D0EF3DCB5E,CACI,2015-04-29,2015-04-29T18:54:00Z,,excluded_fail_closed,,reviewed-g1-exclusion,,,data/processed/authorized_input_real/g1_final_timing_exclusions.json,EXCLUDED-FAIL-CLOSED,,1
HEJFE-ED8CFC03F1053B9A,CAMP,2013-04-25,2013-04-25T19:48:00Z,,excluded_fail_closed,,reviewed-g1-exclusion,,,data/processed/authorized_input_real/g1_final_timing_exclusions.json,EXCLUDED-FAIL-CLOSED,,1
HEJFE-B5A8A297D14CD19D,TXT,2015-04-27,2015-04-27T19:34:00Z,,excluded_fail_closed,,reviewed-g1-exclusion,,,data/processed/authorized_input_real/g1_final_timing_exclusions.json,EXCLUDED-FAIL-CLOSED,,1
HEJFE-6101FFEDBA6EE41B,MDU,2015-02-02,2015-02-02T19:47:00Z,2015-02-02T22:30:00Z,resolved_exact_public_timestamp,official_newswire_release,public-businesswire-mdu-verified-mirror-20150202,official_newswire_archive,B,https://ca.marketscreener.com/quote/stock/MDU-RESOURCES-GROUP-INC-13482/news/MDU-Resources-Reports-Higher-2014-Earnings-Initiates-Guidance-for-2015-19802399/,B-EXACT,9780,1
HEJFE-977FEBE8CA3CFCB6,MDU,2015-05-04,2015-05-04T19:57:00Z,2015-05-04T21:30:00Z,resolved_exact_public_timestamp,first_public_release,public-businesswire-mdu-cbt-osk-batch-0040,official_newswire_archive,B,https://www.marketscreener.com/quote/stock/MDU-RESOURCES-GROUP-INC-13482/news/MDU-Resources-Reports-First-Quarter-Earnings-20311156/,B-EXACT,5580,1
HEJFE-4291CBF555CED6A9,PBI,2015-04-29,2015-04-29T18:47:00Z,2015-04-30T11:00:00Z,resolved_exact_public_timestamp,first_public_release,public-worker0-pbi-batch-0090,preserved_wire_mirror,A,https://new.streetinsider.com/Press%2BReleases/Pitney%2BBowes%2BAnnounces%2BFirst%2BQuarter%2B2015%2BFinancial%2BResults/10505110.html,A-EXACT,58380,1
HEJFE-76B03970FA6BDB42,AVA,2013-02-19,2013-02-19T20:46:00Z,2013-02-20T12:05:00Z,resolved_exact_public_timestamp,first_public_release,public-sec-ava-release-20130220,official_newswire_archive,A,https://www.sec.gov/Archives/edgar/data/104918/000010491813000036/february202013earningspres.htm,A-EXACT,55140,1
HEJFE-376286473ECFECB4,CA,2011-07-20,2011-07-20T19:46:00Z,2011-07-20T20:05:00Z,resolved_exact_public_timestamp,first_public_release,public-prnewswire-dndn-ca-batch-0041,official_newswire_archive,A,https://www.prnewswire.com/news/ca-technologies/?page=10,A-EXACT,1140,1
HEJFE-2D81C70F59E076BA,CA,2012-01-24,2012-01-24T18:32:00Z,2012-01-24T21:05:00Z,resolved_exact_public_timestamp,first_public_release,public-prnewswire-dndn-ca-batch-0041,official_newswire_archive,A,https://www.prnewswire.com/news/ca-technologies/?page=5&pagesize=25,A-EXACT,9180,1
HEJFE-E8C5063581BE7EB7,F,2015-01-28,2015-01-28T20:59:00Z,2015-01-29T12:00:00Z,resolved_exact_public_timestamp,first_public_release,public-sec-ford-release-20150129,official_newswire_archive,A,https://www.sec.gov/Archives/edgar/data/37996/000003799615000007/exhibit99toearnings8-kdate.htm,A-EXACT,54060,1
HEJFE-7C93D3838E60926C,CMTL,2014-12-10,2014-12-10T20:41:00Z,,excluded_fail_closed,,reviewed-g1-exclusion,,,data/processed/authorized_input_real/g1_final_timing_exclusions.json,EXCLUDED-FAIL-CLOSED,,1
HEJFE-99F3FC8CE022DEA1,VAR,2012-01-25,2012-01-25T17:46:00Z,2012-01-25T21:01:00Z,resolved_exact_public_timestamp,first_public_release,public-prnewswire-var-af-symm-issi-dest-batch-0043,official_newswire_archive,A,https://www.prnewswire.com/news/varian-medical-systems/?page=16&pagesize=25,A-EXACT,11700,1
HEJFE-A25F33B630365184,R,2015-02-02,2015-02-02T20:43:00Z,2015-02-03T13:55:00Z,resolved_exact_public_timestamp,first_public_release,public-ryder-issuer-20150203,official_newswire_archive,A,https://newsroom.ryder.com/news/news-details/2015/Ryder-Reports-Record-Fourth-Quarter-and-Full-Year-2014-Results-and-Provides-2015-Forecast/default.aspx,A-EXACT,61920,1
HEJFE-36433565499915E2,PLL,2015-02-23,2015-02-23T20:03:00Z,2015-02-24T12:00:00Z,resolved_exact_public_timestamp,first_public_release,public-businesswire-pll-batch-0039,official_newswire_archive,B,https://www.marketscreener.com/quote/stock/PALL-CORPORATION-14053/news/Pall-Reports-Second-Quarter-Results-19920739/,B-EXACT,57420,1
HEJFE-7CEFB3FE3D986464,ROG,2015-02-17,2015-02-17T20:44:00Z,,excluded_fail_closed,,reviewed-g1-exclusion,,,data/processed/authorized_input_real/g1_final_timing_exclusions.json,EXCLUDED-FAIL-CLOSED,,1
HEJFE-33FC1D00348D7C59,ROG,2015-04-29,2015-04-29T19:29:00Z,2015-04-29T20:01:00Z,resolved_exact_public_timestamp,first_public_release,public-worker3-rog-batch-0088,preserved_wire_mirror,A,https://www.streetinsider.com/Press+Releases/Rogers+Corporation+Reports+Strong+Earnings+and+All-time+Record+Quarterly+Sales+for+the+First+Quarter+of+2015/10502614.html?classic=1,A-EXACT,1920,1
HEJFE-30CA515BC590DDA6,ROL,2012-01-24,2012-01-24T15:14:00Z,2012-01-25T12:30:00Z,resolved_exact_public_timestamp,official_newswire_release,public-prnewswire-g1-batch-0003,official_newswire_archive,A,https://www.prnewswire.com/news/rollins,A-EXACT,76560,1
HEJFE-1783DE88400AF6CC,WMB,2015-02-18,2015-02-18T19:54:00Z,,excluded_fail_closed,,reviewed-g1-exclusion,,,data/processed/authorized_input_real/g1_final_timing_exclusions.json,EXCLUDED-FAIL-CLOSED,,1
HEJFE-BD3F577ADD90D512,GNTX,2013-10-21,2013-10-21T19:21:00Z,,excluded_fail_closed,,reviewed-g1-exclusion,,,data/processed/authorized_input_real/g1_final_timing_exclusions.json,EXCLUDED-FAIL-CLOSED,,1
HEJFE-263620F13A6443DD,MAT,2015-04-16,2015-04-16T18:39:00Z,,excluded_fail_closed,,reviewed-g1-exclusion,,,data/processed/authorized_input_real/g1_final_timing_exclusions.json,EXCLUDED-FAIL-CLOSED,,1
HEJFE-704E64D64C11C119,MDP,2012-01-23,2012-01-23T19:39:00Z,2012-01-24T14:15:00Z,resolved_exact_public_timestamp,first_public_release,public-prnewswire-fl-mdp-igt-batch-0042,official_newswire_archive,A,https://www.prnewswire.com/news/Meredith%20Corporation/?page=27&pagesize=25,A-EXACT,66960,1
HEJFE-9861757889227DD4,IDTI,2015-02-02,2015-02-02T19:24:00Z,,excluded_fail_closed,,reviewed-g1-exclusion,,,data/processed/authorized_input_real/g1_final_timing_exclusions.json,EXCLUDED-FAIL-CLOSED,,1
HEJFE-EFFA194386ABDD28,IDTI,2015-05-04,2015-05-04T19:40:00Z,,excluded_fail_closed,,reviewed-g1-exclusion,,,data/processed/authorized_input_real/g1_final_timing_exclusions.json,EXCLUDED-FAIL-CLOSED,,1
HEJFE-7E8FA3E5E417B5E7,IGT,2012-01-23,2012-01-23T20:31:00Z,2012-01-24T11:30:00Z,resolved_exact_public_timestamp,first_public_release,public-prnewswire-fl-mdp-igt-batch-0042,official_newswire_archive,A,https://www.prnewswire.com/news/international-game-technology?page=3&pagesize=25,A-EXACT,53940,1
HEJFE-4DEF5FDB3210E91B,SWKS,2015-01-22,2015-01-22T20:41:00Z,,excluded_fail_closed,,reviewed-g1-exclusion,,,data/processed/authorized_input_real/g1_final_timing_exclusions.json,EXCLUDED-FAIL-CLOSED,,1
HEJFE-9DF82252ED78E41F,CBT,2015-04-29,2015-04-29T17:33:00Z,2015-04-29T20:05:00Z,resolved_exact_public_timestamp,first_public_release,public-businesswire-mdu-cbt-osk-batch-0040,official_newswire_archive,B,https://www.marketscreener.com/quote/stock/CABOT-CORPORATION-11994/news/Cabot-Reports-Second-Quarter-Adjusted-EPS-of-0-53-and-Diluted-EPS-of-0-41-20281354/,B-EXACT,9120,1
HEJFE-E25BAF3CFF23A3BE,BCR,2015-01-29,2015-01-29T20:27:00Z,2015-01-29T21:05:00Z,resolved_exact_public_timestamp,official_newswire_release,public-businesswire-bcr-verified-mirror-20150129,official_newswire_archive,B,https://www.marketscreener.com/quote/stock/C-R-BARD-11788/news/C-R-Bard-Bard-Announces-Fourth-Quarter-Results-19785868/,B-EXACT,2280,1
HEJFE-5089F8E69B6BC646,KELYA,2013-05-07,2013-05-07T19:49:00Z,,excluded_fail_closed,,reviewed-g1-exclusion,,,data/processed/authorized_input_real/g1_final_timing_exclusions.json,EXCLUDED-FAIL-CLOSED,,1
HEJFE-66BA40A20548B7E3,LRCX,2013-04-24,2013-04-24T17:43:00Z,2013-04-24T20:05:00Z,resolved_exact_public_timestamp,first_public_release,public-worker1-lrcx-batch-0071,official_newswire_archive,A,https://www.globenewswire.com/news-release/2013/04/24/941552/0/en/lam-research-corporation-reports-financial-results-for-the-quarter-ended-march-31-2013.html,A-EXACT,8520,1
HEJFE-334BAA0D940A418A,TER,2015-01-28,2015-01-28T20:49:00Z,,excluded_fail_closed,,reviewed-g1-exclusion,,,data/processed/authorized_input_real/g1_final_timing_exclusions.json,EXCLUDED-FAIL-CLOSED,,1
HEJFE-D1D8268651584B6A,MKC,2013-04-01,2013-04-01T19:38:00Z,2013-04-02T10:30:00Z,resolved_exact_public_timestamp,official_newswire_release,public-prnewswire-g1-batch-0004,official_newswire_archive,A,https://www.prnewswire.com/news/mccormick-%26-company%2C-incorporated/?page=11,A-EXACT,53520,1
HEJFE-0273F1BFCD285E7F,THC,2015-02-23,2015-02-23T20:57:00Z,2015-02-23T21:11:00Z,resolved_exact_public_timestamp,first_public_release,public-worker2-courtlistener-batch-0077,federal_court_public_distribution_record,A,https://storage.courtlistener.com/recap/gov.uscourts.nyed.373762/gov.uscourts.nyed.373762.367.2.pdf,A-EXACT,840,1
HEJFE-6C4EA140AD75FFE2,THC,2015-05-04,2015-05-04T19:48:00Z,2015-05-04T20:05:00Z,resolved_exact_public_timestamp,first_public_release,public-worker0-thc-batch-0085,preserved_wire_mirror,A,https://www.streetinsider.com/related.php?id=10518254&type=si,A-EXACT,1020,1
HEJFE-830D52F9F7F1CEEB,MSCC,2012-01-26,2012-01-26T19:51:00Z,2012-01-26T21:00:00Z,resolved_exact_public_timestamp,first_public_release,public-prnewswire-ibkc-mscc-batch-0044,official_newswire_archive,A,https://www.prnewswire.com/news/microsemi-corporation/?page=20&pagesize=25,A-EXACT,4140,1
HEJFE-EDF80619CED083CB,CAG,2015-03-25,2015-03-25T19:19:00Z,2015-03-26T11:30:00Z,resolved_exact_public_timestamp,first_public_release,public-streetinsider-businesswire-cag-batch-0052,official_newswire_archive,B,https://www.streetinsider.com/Press%2BReleases/ConAgra%2BFoods%2BComparable%2BThird-Quarter%2BEPS%2Babove%2BExpectations%3B%2BFiscal%2B2015%2BEPS%2BGuidance%2BIncreased%3B%2BFiscal%2B2015%2BDebt%2BReduction%2BGoal%2BReaffirmed%3B%2BImpairment%2BCharge%2Bfor%2BPrivate%2BBrands/10404979.html,B-EXACT,58260,1
HEJFE-0BAF70D8CC8F1631,NKE,2015-03-19,2015-03-19T19:58:00Z,,excluded_fail_closed,,reviewed-g1-exclusion,,,data/processed/authorized_input_real/g1_final_timing_exclusions.json,EXCLUDED-FAIL-CLOSED,,1
HEJFE-332D5C6DC3ACE6B1,NDSN,2015-05-19,2015-05-19T19:35:00Z,2015-05-19T20:30:00Z,resolved_exact_public_timestamp,first_public_release,public-streetinsider-businesswire-csod-ndsn-batch-0053,official_newswire_archive,B,https://www.streetinsider.com/Press+Releases/Nordson+Corporation+Reports+Fiscal+Year+2015+Second+Quarter+Results/10579158.html,B-EXACT,3300,1
HEJFE-7ED8DBD4804E4330,JWN,2015-02-19,2015-02-19T19:29:00Z,2015-02-19T21:05:00Z,resolved_exact_public_timestamp,first_public_release,public-sec-jwn-release-20150219,official_newswire_archive,A,https://www.sec.gov/Archives/edgar/data/72333/000007233315000012/jwnq42014ex991.htm,A-EXACT,5760,1
HEJFE-76DCF0FCA248E814,CB,2012-01-26,2012-01-26T17:17:00Z,2012-01-26T21:03:00Z,resolved_exact_public_timestamp,official_newswire_release,public-prnewswire-chubb-verified-mirror-20120126,official_newswire_archive,B,https://www.marketscreener.com/quote/stock/CHUBB-CORP-11975/news/The-Chubb-Corporation-Chubb-Reports-Fourth-Quarter-Net-Income-per-Share-of-1-60-Operating-Income-13988932/,B-EXACT,13560,1
HEJFE-D9C52E6CC595C380,ADI,2015-02-17,2015-02-17T19:05:00Z,2015-02-17T21:05:00Z,resolved_exact_public_timestamp,official_newswire_release,public-analog-devices-g1-batch-0006,official_newswire_archive,A,https://investor.analog.com/news-releases/news-release-details/analog-devices-reports-first-quarter-fiscal-year-2015-results/,A-EXACT,7200,1
HEJFE-09EB83905864C50A,ADI,2015-05-19,2015-05-19T19:15:00Z,2015-05-19T20:00:00Z,resolved_exact_public_timestamp,official_newswire_release,public-analog-devices-g1-batch-0006,official_newswire_archive,A,https://investor.analog.com/news-releases/news-release-details/analog-devices-reports-second-quarter-fiscal-year-2015-results,A-EXACT,2700,1
HEJFE-B46D4F8F72DD0212,AMD,2013-10-17,2013-10-17T18:40:00Z,2013-10-17T20:15:00Z,resolved_exact_public_timestamp,first_public_release,public-primary-clock-amd-hae-batch-0032,official_newswire_archive,A,https://www.globenewswire.com/news-release/2013/10/17/1011233/0/en/amd-reports-2013-third-quarter-results.html,A-EXACT,5700,1
HEJFE-2FD552B9358078C6,BIO,2013-05-07,2013-05-07T19:55:00Z,,excluded_fail_closed,,reviewed-g1-exclusion,,,data/processed/authorized_input_real/g1_final_timing_exclusions.json,EXCLUDED-FAIL-CLOSED,,1
HEJFE-C85CE64DFF947CFD,RES,2012-01-24,2012-01-24T20:20:00Z,2012-01-25T12:22:00Z,resolved_exact_public_timestamp,first_public_release,public-prnewswire-res-batch-0049,official_newswire_archive,A,https://www.prnewswire.com/news/rpc%2Cinc./?page=9&pagesize=25,A-EXACT,57720,1
HEJFE-7B8A1A0CD3E2966F,APC,2013-05-06,2013-05-06T17:27:00Z,2013-05-06T22:15:00Z,resolved_exact_public_timestamp,first_public_release,public-marketscreener-marketwired-apc-batch-0050,official_newswire_archive,B,https://www.marketscreener.com/quote/stock/ANADARKO-PETROLEUM-11665/news/Anadarko-Petroleum-Corporation-Anadarko-Announces-First-Quarter-2013-Results-16829098/,B-EXACT,17280,1
HEJFE-824BABBAD988A068,SYMM,2012-01-25,2012-01-25T19:54:00Z,2012-01-25T21:18:00Z,resolved_exact_public_timestamp,first_public_release,public-prnewswire-var-af-symm-issi-dest-batch-0043,official_newswire_archive,A,https://www.prnewswire.com/news/symmetricom%2C-inc./?page=4,A-EXACT,5040,1
HEJFE-EC5EB2BE0D97833F,STT,2015-01-22,2015-01-22T20:50:00Z,2015-01-23T10:52:00Z,resolved_exact_public_timestamp,official_newswire_release,public-businesswire-stt-verified-mirror-20150123,official_newswire_archive,B,https://uk.marketscreener.com/quote/stock/STATE-STREET-CORPORATION-14499/news/State-Street-Reports-Fourth-Quarter-2014-GAAP-Basis-EPS-of-1-24-on-Revenue-of-2-6-Billion-Full-19751146/,B-EXACT,50520,1
HEJFE-D51AC412EDF93AA8,INT,2015-04-30,2015-04-30T19:40:00Z,2015-05-01T00:09:00Z,resolved_exact_public_timestamp,first_public_release,public-worker4-int-brkr-batch-0068,official_newswire_archive,A,https://ir.world-kinect.com/node/8106/pdf,A-EXACT,16140,1
HEJFE-9B43F5B767ECD0FA,MTH,2013-04-23,2013-04-23T18:24:00Z,2013-04-24T12:00:00Z,resolved_exact_public_timestamp,first_public_release,public-mth-marketwired-pfpt-vrsn-batch-0035,official_newswire_archive,A,https://investors.meritagehomes.com/news-events-presentations/press-releases?page=30,A-EXACT,63360,1
HEJFE-2D6ABDFDE39E5919,MTH,2013-07-23,2013-07-23T19:18:00Z,2013-07-24T11:00:00Z,resolved_exact_public_timestamp,first_public_release,public-mth-marketwired-pfpt-vrsn-batch-0035,official_newswire_archive,A,https://investors.meritagehomes.com/news-events-presentations/press-releases?page=30,A-EXACT,56520,1
HEJFE-FBA59D82CEE8FD00,CGNX,2015-02-12,2015-02-12T19:04:00Z,,excluded_fail_closed,,reviewed-g1-exclusion,,,data/processed/authorized_input_real/g1_final_timing_exclusions.json,EXCLUDED-FAIL-CLOSED,,1
HEJFE-8EAA8616B1750B40,CGNX,2015-05-04,2015-05-04T19:09:00Z,,excluded_fail_closed,,reviewed-g1-exclusion,,,data/processed/authorized_input_real/g1_final_timing_exclusions.json,EXCLUDED-FAIL-CLOSED,,1
HEJFE-0B87675BF7BEDBCA,EA,2015-01-27,2015-01-27T20:48:00Z,2015-01-27T21:35:00Z,resolved_exact_public_timestamp,official_newswire_release,public-einpresswire-ea-verified-20150127,official_newswire_archive,B,https://www.einpresswire.com/article/246669799/electronic-arts-reports-q3-fy15-financial-results,B-EXACT,2820,1
HEJFE-B7EFA7CF95262283,LSCC,2013-04-18,2013-04-18T18:24:00Z,,excluded_fail_closed,,reviewed-g1-exclusion,,,data/processed/authorized_input_real/g1_final_timing_exclusions.json,EXCLUDED-FAIL-CLOSED,,1
HEJFE-CCC7747CFBDE893E,PNRA,2013-04-23,2013-04-23T18:25:00Z,,excluded_fail_closed,,reviewed-g1-exclusion,,,data/processed/authorized_input_real/g1_final_timing_exclusions.json,EXCLUDED-FAIL-CLOSED,,1
HEJFE-600696AB8463FFD8,PNRA,2013-07-23,2013-07-23T19:11:00Z,2013-07-23T20:00:00Z,resolved_exact_public_timestamp,first_public_release,public-worker2-pnra-batch-0082,sec_litigation_public_distribution_record,A,https://www.sec.gov/files/litigation/complaints/2015/comp-pr2015-163.pdf,A-EXACT,2940,1
HEJFE-8167467EBF64AABE,PNRA,2013-10-22,2013-10-22T19:20:00Z,,excluded_fail_closed,,reviewed-g1-exclusion,,,data/processed/authorized_input_real/g1_final_timing_exclusions.json,EXCLUDED-FAIL-CLOSED,,1
HEJFE-4E643D38FFB3016E,PNRA,2015-02-11,2015-02-11T19:58:00Z,,excluded_fail_closed,,reviewed-g1-exclusion,,,data/processed/authorized_input_real/g1_final_timing_exclusions.json,EXCLUDED-FAIL-CLOSED,,1
HEJFE-99CCB9D9BECE4E72,IDXX,2012-01-26,2012-01-26T18:47:00Z,2012-01-27T12:00:00Z,resolved_exact_public_timestamp,first_public_release,public-prnewswire-idxx-tpx-batch-0045,official_newswire_archive,A,"https://www.prnewswire.com/news/idexx-laboratories,-inc./?page=10",A-EXACT,61980,1
HEJFE-13FC93F4D143B268,HAE,2012-01-27,2012-01-27T20:55:00Z,2012-01-30T13:00:00Z,resolved_exact_public_timestamp,first_public_release,public-primary-clock-amd-hae-batch-0032,official_newswire_archive,A,https://www.sec.gov/Archives/edgar/data/313143/000031314312000009/hae20121308kexhibit991.htm,A-EXACT,230700,1
HEJFE-DA7595FDF91D8CBC,WRLD,2012-01-24,2012-01-24T20:53:00Z,2012-01-25T11:30:00Z,resolved_exact_public_timestamp,first_public_release,public-prnewswire-wrld-batch-0047,official_newswire_archive,A,https://www.prnewswire.com/news-releases/world-acceptance-corporation-reports-record-third-quarter-138029893.html,A-EXACT,52620,1
HEJFE-C4D39B22234902F2,GILD,2015-02-03,2015-02-03T20:50:00Z,2015-02-03T21:07:00Z,resolved_exact_public_timestamp,official_newswire_release,public-gilead-g1-batch-0010,official_newswire_archive,A,https://s24.q4cdn.com/804398512/files/doc_news/archive/970dabfc-7ef2-415b-93ef-bd4f1e0f65da.pdf,A-EXACT,1020,1
HEJFE-8415E931D4314106,KOPN,2015-03-10,2015-03-10T18:58:00Z,,excluded_fail_closed,,reviewed-g1-exclusion,,,data/processed/authorized_input_real/g1_final_timing_exclusions.json,EXCLUDED-FAIL-CLOSED,,1
HEJFE-A9DB7C5F6FD1D978,SBUX,2015-01-22,2015-01-22T18:22:00Z,2015-01-22T21:03:00Z,resolved_exact_public_timestamp,first_public_release,public-businesswire-preserved-flt-sbux-batch-0034,official_newswire_archive,B,https://www.marketscreener.com/quote/stock/STARBUCKS-CORPORATION-4905/news/Starbucks-Delivers-Record-Q1-Revenue-and-EPS-19748926/,B-EXACT,9660,1
HEJFE-760E36DA94752F1E,CAKE,2015-04-22,2015-04-22T18:22:00Z,2015-04-22T20:15:00Z,resolved_exact_public_timestamp,first_public_release,public-worker0-cake-batch-0065,preserved_wire_mirror,A,https://new.streetinsider.com/related.php?id=10481229&type=pr,A-EXACT,6780,1
HEJFE-5B6F87699FF5093E,SM,2015-05-05,2015-05-05T19:08:00Z,,excluded_fail_closed,,reviewed-g1-exclusion,,,data/processed/authorized_input_real/g1_final_timing_exclusions.json,EXCLUDED-FAIL-CLOSED,,1
HEJFE-81F188C0D790FE70,CREE,2015-01-20,2015-01-20T20:39:00Z,,excluded_fail_closed,,reviewed-g1-exclusion,,,data/processed/authorized_input_real/g1_final_timing_exclusions.json,EXCLUDED-FAIL-CLOSED,,1
HEJFE-D35C7804C2F5326C,CREE,2015-04-21,2015-04-21T19:29:00Z,2015-04-21T20:01:00Z,resolved_exact_public_timestamp,first_public_release,public-marketscreener-businesswire-nati-cree-batch-0063,official_newswire_archive,B,https://www.marketscreener.com/quote/stock/WOLFSPEED-INC-8892/news/Cree-Reports-Financial-Results-for-the-Third-Quarter-of-Fiscal-Year-2015-20231088/,B-EXACT,1920,1
HEJFE-AA2597B95CFD2A2D,LSTR,2011-10-21,2011-10-21T19:48:00Z,2011-10-24T11:50:00Z,resolved_exact_public_timestamp,first_public_release,public-prnewswire-agp-musa-lstr-batch-0046,official_newswire_archive,A,"https://www.prnewswire.com/news/landstar-system,-inc./?page=5&pagesize=25",A-EXACT,230520,1
HEJFE-8596DDD6A535BD90,DEST,2012-01-25,2012-01-25T20:34:00Z,2012-01-26T11:00:00Z,resolved_exact_public_timestamp,first_public_release,public-prnewswire-var-af-symm-issi-dest-batch-0043,official_newswire_archive,A,https://www.prnewswire.com/news/destination-maternity-corporation/?page=6&pagesize=25,A-EXACT,51960,1
HEJFE-D6BA56FA6D57427E,SCVL,2015-05-20,2015-05-20T19:17:00Z,,excluded_fail_closed,,reviewed-g1-exclusion,,,data/processed/authorized_input_real/g1_final_timing_exclusions.json,EXCLUDED-FAIL-CLOSED,,1
HEJFE-8F17F6BEDF631C8B,MCRI,2013-04-25,2013-04-25T19:08:00Z,2013-04-25T20:05:00Z,resolved_exact_public_timestamp,first_public_release,public-marketwired-mcri-stmp-batch-0037,official_newswire_archive,B,https://finance.yahoo.com/news/monarch-casino-reports-2013-first-200500949.html,B-EXACT,3420,1
HEJFE-5CB3223BB28A6F14,BWA,2011-07-27,2011-07-27T14:59:00Z,2011-07-28T12:00:00Z,resolved_exact_public_timestamp,first_public_release,public-worker3-bwa-batch-0083,official_newswire_archive,A,https://www.prnewswire.com/news/borgwarner-inc./?page=13,A-EXACT,75660,1
HEJFE-7482DE1CD44C1A00,GMCR,2015-02-04,2015-02-04T19:07:00Z,,excluded_fail_closed,,reviewed-g1-exclusion,,,data/processed/authorized_input_real/g1_final_timing_exclusions.json,EXCLUDED-FAIL-CLOSED,,1
HEJFE-56483839E5F0E88F,NVR,2012-01-25,2012-01-25T20:56:00Z,2012-01-26T13:50:00Z,resolved_exact_public_timestamp,first_public_release,public-prnewswire-nvr-20120126-batch-0033,official_newswire_archive,A,https://www.prnewswire.com/news-releases/nvr-inc-announces-fourth-quarter-and-full-year-results-138117398.html,A-EXACT,60840,1
HEJFE-89844B5980EB5339,AF,2012-01-25,2012-01-25T20:18:00Z,2012-01-25T21:30:00Z,resolved_exact_public_timestamp,first_public_release,public-prnewswire-var-af-symm-issi-dest-batch-0043,official_newswire_archive,A,https://www.prnewswire.com/news/astoria-financial-corporation/?page=4,A-EXACT,4320,1
HEJFE-8536AD777ECEEACB,GDI,2013-04-25,2013-04-25T19:17:00Z,2013-04-26T13:44:00Z,resolved_exact_public_timestamp,first_public_release,public-marketwired-cenx-ehth-gdi-batch-0038,official_newswire_archive,B,https://www.marketscreener.com/quote/stock/GARDNER-DENVER-INC-12725/news/Gardner-Denver-Inc-Gardner-Denver-Reports-First-Quarter-2013-Results-16778829/,B-EXACT,66420,1
HEJFE-489E74F74AFB5AFA,MCRL,2013-04-25,2013-04-25T18:32:00Z,2013-04-25T20:01:00Z,resolved_exact_public_timestamp,first_public_release,public-marketwired-mcrl-jnpr-batch-0036,official_newswire_archive,B,https://finance.yahoo.com/news/micrel-reports-2013-first-quarter-200100018.html,B-EXACT,5340,1
HEJFE-D4E8CD312A2AA576,ISSI,2012-01-25,2012-01-25T19:51:00Z,2012-01-25T21:10:00Z,resolved_exact_public_timestamp,first_public_release,public-prnewswire-var-af-symm-issi-dest-batch-0043,official_newswire_archive,A,https://www.prnewswire.com/news/integrated-silicon-solution%2C-inc./?page=4&pagesize=25,A-EXACT,4740,1
HEJFE-F9E72EEF6E5BD373,NATI,2015-01-29,2015-01-29T20:51:00Z,2015-01-29T21:01:00Z,resolved_exact_public_timestamp,first_public_release,public-marketscreener-businesswire-nati-cree-batch-0063,official_newswire_archive,B,https://www.marketscreener.com/quote/stock/NATIONAL-INSTRUMENTS-CORP-10156/news/National-Instruments-Reports-Record-Revenue-and-Net-Income-for-2014-19785765/,B-EXACT,600,1
HEJFE-7F8218B15679F14D,NATI,2015-04-28,2015-04-28T17:59:00Z,,excluded_fail_closed,,reviewed-g1-exclusion,,,data/processed/authorized_input_real/g1_final_timing_exclusions.json,EXCLUDED-FAIL-CLOSED,,1
HEJFE-2F14F138D09BCA76,IBKC,2012-01-24,2012-01-24T18:53:00Z,2012-01-25T21:30:00Z,resolved_exact_public_timestamp,first_public_release,public-prnewswire-ibkc-mscc-batch-0044,official_newswire_archive,A,https://www.prnewswire.com/news/iberiabank-corporation/?page=8&pagesize=25,A-EXACT,95820,1
HEJFE-48B08BAEDCEEDEFC,SNDK,2015-01-21,2015-01-21T20:00:00Z,2015-01-21T21:05:00Z,resolved_exact_public_timestamp,official_newswire_release,public-businesswire-sndk-verified-mirror-20150121,official_newswire_archive,B,https://www.marketscreener.com/quote/stock/SANDISK-CORPORATION-4843/news/SanDisk-Announces-Fourth-Quarter-and-Fiscal-2014-Results-19742836/,B-EXACT,3900,1
HEJFE-54A5D1D8A5B593C8,NUAN,2015-02-05,2015-02-05T20:33:00Z,,excluded_fail_closed,,reviewed-g1-exclusion,,,data/processed/authorized_input_real/g1_final_timing_exclusions.json,EXCLUDED-FAIL-CLOSED,,1
HEJFE-7CA38C1FDA5EA4D0,CENX,2013-04-25,2013-04-25T19:22:00Z,2013-04-25T20:00:00Z,resolved_exact_public_timestamp,first_public_release,public-marketwired-cenx-ehth-gdi-batch-0038,official_newswire_archive,B,https://finance.yahoo.com/news/century-reports-first-quarter-2013-200000479.html,B-EXACT,2280,1
HEJFE-809E53BB4081FBAE,ROVI,2015-04-30,2015-04-30T18:48:00Z,,excluded_fail_closed,,reviewed-g1-exclusion,,,data/processed/authorized_input_real/g1_final_timing_exclusions.json,EXCLUDED-FAIL-CLOSED,,1
HEJFE-00D863517A3A754C,URI,2015-01-21,2015-01-21T20:43:00Z,2015-01-21T21:10:00Z,resolved_exact_public_timestamp,official_newswire_release,public-businesswire-uri-verified-mirror-20150121,official_newswire_archive,B,https://www.marketscreener.com/quote/stock/UNITED-RENTALS-14759/news/United-Rentals-Announces-Fourth-Quarter-and-Full-Year-2014-Results-and-Provides-2015-Outlook-19742858/,B-EXACT,1620,1
HEJFE-0AA84E6E44ED02D8,AMSG,2015-02-25,2015-02-25T20:57:00Z,,excluded_fail_closed,,reviewed-g1-exclusion,,,data/processed/authorized_input_real/g1_final_timing_exclusions.json,EXCLUDED-FAIL-CLOSED,,1
HEJFE-8A0517D50278EAE4,POWI,2015-04-29,2015-04-29T19:23:00Z,,excluded_fail_closed,,reviewed-g1-exclusion,,,data/processed/authorized_input_real/g1_final_timing_exclusions.json,EXCLUDED-FAIL-CLOSED,,1
HEJFE-1FCAAB3F7CC931CF,VRSN,2013-04-25,2013-04-25T18:07:00Z,2013-04-25T20:05:00Z,resolved_exact_public_timestamp,first_public_release,public-mth-marketwired-pfpt-vrsn-batch-0035,official_newswire_archive,B,https://finance.yahoo.com/news/verisign-reports-15-percent-over-200500976.html,B-EXACT,7080,1
HEJFE-FBFFFD99898188CF,COLM,2015-02-12,2015-02-12T19:33:00Z,,excluded_fail_closed,,reviewed-g1-exclusion,,,data/processed/authorized_input_real/g1_final_timing_exclusions.json,EXCLUDED-FAIL-CLOSED,,1
HEJFE-0BCEF81B6C0111FB,COLM,2015-04-30,2015-04-30T19:13:00Z,2015-04-30T20:00:00Z,resolved_exact_public_timestamp,official_newswire_release,public-streetinsider-businesswire-colm-verified-20150430,official_newswire_archive,B,https://www.streetinsider.com/entities/Definitive%2BAgreement/COLM,B-EXACT,2820,1
HEJFE-F170013A9B3F85E2,SKX,2015-04-22,2015-04-22T19:24:00Z,2015-04-22T20:01:00Z,resolved_exact_public_timestamp,official_newswire_release,public-skechers-g1-batch-0005,official_newswire_archive,A,https://about.skechers.com/press-release/skechers-announces-first-quarter-2015-financial-results,A-EXACT,2220,1
HEJFE-D7FD00AF94DD8F41,JNPR,2011-04-19,2011-04-19T19:50:00Z,2011-04-19T20:12:00Z,resolved_exact_public_timestamp,first_public_release,public-worker4-jnpr-batch-0079,preserved_wire_mirror,A,https://investorshub.advfn.com/Juniper-Networks-Inc-JNPR-4985?nextStart=110,A-EXACT,1320,1
HEJFE-2558DC6865781793,JNPR,2013-04-23,2013-04-23T18:31:00Z,2013-04-23T20:05:00Z,resolved_exact_public_timestamp,official_newswire_release,public-marketwired-juniper-verified-20130423,official_newswire_archive,B,https://www.globenewswire.com/news-release/2013/04/23/1278115/0/en/Juniper-Networks-Reports-Preliminary-First-Quarter-2013-Financial-Results.html,B-EXACT,5640,1
HEJFE-E61095F8DC4132DE,JNPR,2013-07-23,2013-07-23T19:03:00Z,2013-07-23T20:05:00Z,resolved_exact_public_timestamp,first_public_release,public-marketwired-mcrl-jnpr-batch-0036,official_newswire_archive,B,https://finance.yahoo.com/news/juniper-networks-reports-preliminary-second-200500973.html,B-EXACT,3720,1
HEJFE-F20ECC0C09BBC89E,JNPR,2013-10-22,2013-10-22T17:58:00Z,,excluded_fail_closed,,reviewed-g1-exclusion,,,data/processed/authorized_input_real/g1_final_timing_exclusions.json,EXCLUDED-FAIL-CLOSED,,1
HEJFE-06AE65B9C8FB0395,STMP,2013-04-24,2013-04-24T19:28:00Z,2013-04-24T20:30:00Z,resolved_exact_public_timestamp,first_public_release,public-marketwired-mcri-stmp-batch-0037,official_newswire_archive,B,https://finance.yahoo.com/news/stamps-com-announces-record-non-203000566.html,B-EXACT,3720,1
HEJFE-2C887DA6F617936F,TIBX,2013-09-19,2013-09-19T19:29:00Z,2013-09-19T20:05:00Z,resolved_exact_public_timestamp,first_public_release,public-sec-litigation-ew-tibx-batch-0067,sec_litigation_public_distribution_record,A,https://www.sec.gov/files/litigation/complaints/2015/comp-pr2015-163.pdf,A-EXACT,2160,1
HEJFE-E575622C8FDAB71F,ISIL,2013-04-24,2013-04-24T18:57:00Z,,excluded_fail_closed,,reviewed-g1-exclusion,,,data/processed/authorized_input_real/g1_final_timing_exclusions.json,EXCLUDED-FAIL-CLOSED,,1
HEJFE-198DE6D99E934F32,EW,2011-04-20,2011-04-20T18:29:00Z,,excluded_fail_closed,,reviewed-g1-exclusion,,,data/processed/authorized_input_real/g1_final_timing_exclusions.json,EXCLUDED-FAIL-CLOSED,,1
HEJFE-ED329F780A1085DA,EW,2013-04-23,2013-04-23T17:28:00Z,2013-04-23T20:01:00Z,resolved_exact_public_timestamp,first_public_release,public-sec-litigation-ew-tibx-batch-0067,sec_litigation_public_distribution_record,A,https://www.sec.gov/files/litigation/complaints/2016/comp23471.pdf,A-EXACT,9180,1
HEJFE-BFE8A42E0C19BA39,VDSI,2011-10-26,2011-10-26T18:26:00Z,2011-10-27T07:00:00Z,resolved_exact_public_timestamp,first_public_release,public-worker1-vdsi-batch-0076,official_newswire_archive,A,https://www.prnewswire.com/news-releases/vasco-reports-results-for-third-quarter-and-first-nine-months-of-2011-132678308.html,A-EXACT,45240,1
HEJFE-947F50EBAFBA54DC,CRL,2015-02-10,2015-02-10T20:55:00Z,,excluded_fail_closed,,reviewed-g1-exclusion,,,data/processed/authorized_input_real/g1_final_timing_exclusions.json,EXCLUDED-FAIL-CLOSED,,1
HEJFE-4FB44934BC5C5221,DNDN,2011-08-03,2011-08-03T19:56:00Z,2011-08-03T20:01:00Z,resolved_exact_public_timestamp,first_public_release,public-prnewswire-dndn-ca-batch-0041,official_newswire_archive,A,https://www.prnewswire.com/news/dendreon-corporation/,A-EXACT,300,1
HEJFE-8A11E54A9679E09D,ILMN,2015-01-27,2015-01-27T20:11:00Z,2015-01-27T21:05:00Z,resolved_exact_public_timestamp,official_newswire_release,public-businesswire-illumina-verified-mirror-20150127,official_newswire_archive,B,https://www.marketscreener.com/quote/stock/ILLUMINA-INC-9659/news/Illumina-Reports-Record-Financial-Results-for-Fourth-Quarter-and-Fiscal-Year-2014-19770784/,B-EXACT,3240,1
HEJFE-45559DD90D876D39,ILMN,2015-04-21,2015-04-21T18:48:00Z,,excluded_fail_closed,,reviewed-g1-exclusion,,,data/processed/authorized_input_real/g1_final_timing_exclusions.json,EXCLUDED-FAIL-CLOSED,,1
HEJFE-3046057647A0FC5C,BRKR,2015-05-06,2015-05-06T19:30:00Z,2015-05-06T20:01:00Z,resolved_exact_public_timestamp,first_public_release,public-worker4-int-brkr-batch-0068,official_newswire_archive,B,https://www.streetinsider.com/Press+Releases/Bruker+Reports+First+Quarter+2015+Financial+Results/10529926.html,B-EXACT,1860,1
HEJFE-1E37362063697486,FLR,2015-02-17,2015-02-17T20:06:00Z,2015-02-18T13:30:00Z,resolved_exact_public_timestamp,first_public_release,public-fluor-issuer-20150218,official_newswire_archive,A,https://newsroom.fluor.com/news-releases/news-details/2015/Fluor-Reports-Fourth-Quarter-and-Full-Year-2014-Results/default.aspx,A-EXACT,62640,1
HEJFE-830337A8564B826E,ALGN,2013-10-17,2013-10-17T17:43:00Z,2013-10-17T20:00:00Z,resolved_exact_public_timestamp,first_public_release,public-worker3-cake-batch-0078,sec_litigation_public_distribution_record,A,https://www.sec.gov/files/litigation/complaints/2015/comp-pr2015-163.pdf,A-EXACT,8220,1
HEJFE-D6AE4ACB99958A73,SGEN,2015-04-30,2015-04-30T18:18:00Z,,excluded_fail_closed,,reviewed-g1-exclusion,,,data/processed/authorized_input_real/g1_final_timing_exclusions.json,EXCLUDED-FAIL-CLOSED,,1
HEJFE-791693865584F9CB,COL,2015-04-22,2015-04-22T18:29:00Z,,excluded_fail_closed,,reviewed-g1-exclusion,,,data/processed/authorized_input_real/g1_final_timing_exclusions.json,EXCLUDED-FAIL-CLOSED,,1
HEJFE-74011A906BCCABE9,AGP,2011-10-27,2011-10-27T17:03:00Z,2011-10-28T10:00:00Z,resolved_exact_public_timestamp,first_public_release,public-prnewswire-agp-musa-lstr-batch-0046,official_newswire_archive,A,https://www.prnewswire.com/news/amerigroup-corporation/?page=2&pagesize=25,A-EXACT,61020,1
HEJFE-A3C5C43F6AC75C44,PRU,2015-05-06,2015-05-06T19:47:00Z,,excluded_fail_closed,,reviewed-g1-exclusion,,,data/processed/authorized_input_real/g1_final_timing_exclusions.json,EXCLUDED-FAIL-CLOSED,,1
HEJFE-753716A61B8622B0,GME,2015-03-26,2015-03-26T19:42:00Z,2015-03-26T20:29:00Z,resolved_exact_public_timestamp,official_newswire_release,public-einpresswire-gme-verified-20150326,official_newswire_archive,B,https://api.einpresswire.com/calendar/2015/03/26,B-EXACT,2820,1
HEJFE-238D29A9B584466D,SNX,2015-03-31,2015-03-31T19:54:00Z,2015-03-31T20:03:00Z,resolved_exact_public_timestamp,first_public_release,public-streetinsider-businesswire-snx-batch-0048,official_newswire_archive,B,https://www.streetinsider.com/dr/news.php?id=10419182,B-EXACT,540,1
HEJFE-BB62E8864F35DCD0,WLL,2015-02-25,2015-02-25T20:54:00Z,2015-02-25T21:00:00Z,resolved_exact_public_timestamp,first_public_release,public-worker2-courtlistener-batch-0077,federal_court_public_distribution_record,A,https://storage.courtlistener.com/recap/gov.uscourts.nyed.373762/gov.uscourts.nyed.373762.367.2.pdf,A-EXACT,360,1
HEJFE-5408AADD0CBD54E8,CMP,2015-04-27,2015-04-27T19:46:00Z,,excluded_fail_closed,,reviewed-g1-exclusion,,,data/processed/authorized_input_real/g1_final_timing_exclusions.json,EXCLUDED-FAIL-CLOSED,,1
HEJFE-3A94836BBC9F224A,TPX,2011-07-26,2011-07-26T17:40:00Z,2011-07-26T20:05:00Z,resolved_exact_public_timestamp,first_public_release,public-prnewswire-idxx-tpx-batch-0045,official_newswire_archive,A,https://www.prnewswire.com/news/tempur__pedic-international-inc./?page=2,A-EXACT,8700,1
HEJFE-22BF36BABB9D19D7,ALNY,2015-02-12,2015-02-12T20:55:00Z,,excluded_fail_closed,,reviewed-g1-exclusion,,,data/processed/authorized_input_real/g1_final_timing_exclusions.json,EXCLUDED-FAIL-CLOSED,,1
HEJFE-E28050410A1480C6,DYN,2015-05-06,2015-05-06T18:24:00Z,,excluded_fail_closed,,reviewed-g1-exclusion,,,data/processed/authorized_input_real/g1_final_timing_exclusions.json,EXCLUDED-FAIL-CLOSED,,1
HEJFE-0704950C71CFAFB4,TXRH,2015-02-23,2015-02-23T20:24:00Z,,excluded_fail_closed,,reviewed-g1-exclusion,,,data/processed/authorized_input_real/g1_final_timing_exclusions.json,EXCLUDED-FAIL-CLOSED,,1
HEJFE-93A7D27EF425EDF0,MIC,2015-02-18,2015-02-18T20:58:00Z,,excluded_fail_closed,,reviewed-g1-exclusion,,,data/processed/authorized_input_real/g1_final_timing_exclusions.json,EXCLUDED-FAIL-CLOSED,,1
HEJFE-C926C41F03E66E82,PAY,2014-12-15,2014-12-15T20:36:00Z,,excluded_fail_closed,,reviewed-g1-exclusion,,,data/processed/authorized_input_real/g1_final_timing_exclusions.json,EXCLUDED-FAIL-CLOSED,,1
HEJFE-873A37657E58A8CD,PAY,2015-03-10,2015-03-10T19:11:00Z,2015-03-10T20:01:00Z,resolved_exact_public_timestamp,first_public_release,public-preserved-wire-pay-vmw-batch-0062,official_newswire_archive,B,https://www.streetinsider.com/Press+Releases/Verifone+Reports+Results+for+the+First+Quarter+of+Fiscal+2015/10358461.html,B-EXACT,3000,1
HEJFE-99F31DB35F001A44,DXCM,2015-02-25,2015-02-25T20:44:00Z,2015-02-25T21:01:00Z,resolved_exact_public_timestamp,first_public_release,public-worker2-courtlistener-batch-0077,federal_court_public_distribution_record,A,https://storage.courtlistener.com/recap/gov.uscourts.nyed.373762/gov.uscourts.nyed.373762.367.2.pdf,A-EXACT,1020,1
HEJFE-CFA461ED8BCCB889,OSK,2015-04-27,2015-04-27T19:29:00Z,2015-04-28T11:00:00Z,resolved_exact_public_timestamp,first_public_release,public-businesswire-mdu-cbt-osk-batch-0040,official_newswire_archive,B,https://www.marketscreener.com/quote/stock/OSHKOSH-CORPORATION-13922/news/Oshkosh-Reports-Fiscal-2015-Second-Quarter-Results-20268999/,B-EXACT,55860,1
HEJFE-826F68D9DA88B37C,ATRC,2015-02-23,2015-02-23T20:58:00Z,,excluded_fail_closed,,reviewed-g1-exclusion,,,data/processed/authorized_input_real/g1_final_timing_exclusions.json,EXCLUDED-FAIL-CLOSED,,1
HEJFE-5ED55A2EAC950921,AMP,2015-04-22,2015-04-22T19:22:00Z,,excluded_fail_closed,,reviewed-g1-exclusion,,,data/processed/authorized_input_real/g1_final_timing_exclusions.json,EXCLUDED-FAIL-CLOSED,,1
HEJFE-4D7E68AD113380B3,TRAK,2015-02-23,2015-02-23T20:41:00Z,,excluded_fail_closed,,reviewed-g1-exclusion,,,data/processed/authorized_input_real/g1_final_timing_exclusions.json,EXCLUDED-FAIL-CLOSED,,1
HEJFE-3ADF019D07BA84CE,HBI,2015-01-29,2015-01-29T19:38:00Z,2015-01-29T21:05:00Z,resolved_exact_public_timestamp,official_newswire_release,public-businesswire-hbi-verified-mirror-20150129,official_newswire_archive,B,https://www.marketscreener.com/quote/stock/HANESBRANDS-INC-31267/news/HanesBrands-Reports-Fourth-Quarter-2014-Financial-Results-19785853/,B-EXACT,5220,1
HEJFE-20EC97300E6205B9,INWK,2015-02-12,2015-02-12T19:01:00Z,,excluded_fail_closed,,reviewed-g1-exclusion,,,data/processed/authorized_input_real/g1_final_timing_exclusions.json,EXCLUDED-FAIL-CLOSED,,1
HEJFE-E4D3EE1A6CB984DB,EHTH,2011-04-26,2011-04-26T19:07:00Z,,excluded_fail_closed,,reviewed-g1-exclusion,,,data/processed/authorized_input_real/g1_final_timing_exclusions.json,EXCLUDED-FAIL-CLOSED,,1
HEJFE-9527526FED86FA7D,EHTH,2013-04-25,2013-04-25T19:56:00Z,2013-04-25T20:15:00Z,resolved_exact_public_timestamp,first_public_release,public-marketwired-cenx-ehth-gdi-batch-0038,official_newswire_archive,B,https://finance.yahoo.com/news/ehealth-inc-announces-first-quarter-201500765.html,B-EXACT,1140,1
HEJFE-749FFC4028DF7B1C,VMW,2011-04-19,2011-04-19T18:56:00Z,,excluded_fail_closed,,reviewed-g1-exclusion,,,data/processed/authorized_input_real/g1_final_timing_exclusions.json,EXCLUDED-FAIL-CLOSED,,1
HEJFE-3BBEC23702C1A375,VMW,2013-07-23,2013-07-23T19:35:00Z,2013-07-23T20:01:00Z,resolved_exact_public_timestamp,first_public_release,public-preserved-wire-pay-vmw-batch-0062,official_newswire_archive,B,https://finance.yahoo.com/news/vmware-reports-second-quarter-2013-200100675.html,B-EXACT,1560,1
HEJFE-350B3481A9CBBF0E,VMW,2013-10-21,2013-10-21T19:49:00Z,,excluded_fail_closed,,reviewed-g1-exclusion,,,data/processed/authorized_input_real/g1_final_timing_exclusions.json,EXCLUDED-FAIL-CLOSED,,1
HEJFE-09EF6AD227D3AC5D,DGI,2012-07-31,2012-07-31T16:21:00Z,,excluded_fail_closed,,reviewed-g1-exclusion,,,data/processed/authorized_input_real/g1_final_timing_exclusions.json,EXCLUDED-FAIL-CLOSED,,1
HEJFE-A5AE76F13A48C40F,DGI,2013-05-07,2013-05-07T18:29:00Z,,excluded_fail_closed,,reviewed-g1-exclusion,,,data/processed/authorized_input_real/g1_final_timing_exclusions.json,EXCLUDED-FAIL-CLOSED,,1
HEJFE-A76C746507C0D9AF,DGI,2015-02-26,2015-02-26T20:42:00Z,,excluded_fail_closed,,reviewed-g1-exclusion,,,data/processed/authorized_input_real/g1_final_timing_exclusions.json,EXCLUDED-FAIL-CLOSED,,1
HEJFE-C368B17FADFC15C7,ECHO,2013-04-25,2013-04-25T18:14:00Z,2013-04-25T20:00:00Z,resolved_exact_public_timestamp,first_public_release,public-worker0-echo-batch-0072,official_newswire_archive,A,https://www.globenewswire.com/news-release/2013/04/25/1060653/0/en/echo-global-logistics-announces-first-quarter-2013-results.html,A-EXACT,6360,1
HEJFE-B04F1AF8B6E30A43,CLD,2015-02-17,2015-02-17T20:35:00Z,,excluded_fail_closed,,reviewed-g1-exclusion,,,data/processed/authorized_input_real/g1_final_timing_exclusions.json,EXCLUDED-FAIL-CLOSED,,1
HEJFE-DB1E964E02F5921F,CLD,2015-04-30,2015-04-30T19:33:00Z,2015-04-30T20:10:00Z,resolved_exact_public_timestamp,first_public_release,public-worker4-cld-batch-0074,preserved_wire_mirror,A,https://new.streetinsider.com/Press%2BReleases/Cloud%2BPeak%2BEnergy%2BInc.%2BAnnounces%2BResults%2Bfor%2Bthe%2BFirst%2BQuarter%2Bof%2B2015/10508802.html?classic=1,A-EXACT,2220,1
HEJFE-5D222F0F8E0C77D0,TW,2015-05-04,2015-05-04T19:47:00Z,,excluded_fail_closed,,reviewed-g1-exclusion,,,data/processed/authorized_input_real/g1_final_timing_exclusions.json,EXCLUDED-FAIL-CLOSED,,1
HEJFE-E342F6A93B35E012,GNRC,2015-02-10,2015-02-10T20:52:00Z,2015-02-11T11:00:00Z,resolved_exact_public_timestamp,official_newswire_release,public-generac-businesswire-issuer-20150211,official_newswire_archive,A,https://investors.generac.com/static-files/55c51fbf-5349-4be4-b3ba-8b79dcbe5018,A-EXACT,50880,1
HEJFE-DC002D2C6C767277,MUSA,2011-10-20,2011-10-20T19:48:00Z,2011-10-20T21:09:00Z,resolved_exact_public_timestamp,first_public_release,public-prnewswire-agp-musa-lstr-batch-0046,official_newswire_archive,A,https://www.prnewswire.com/news/metals-usa-holdings-corp./?page=1&pagesize=25,A-EXACT,4860,1
HEJFE-51F3066EAC9B8138,MUSA,2012-01-26,2012-01-26T17:21:00Z,2012-01-26T21:05:00Z,resolved_exact_public_timestamp,first_public_release,public-prnewswire-musa-batch-0051,official_newswire_archive,A,https://www.prnewswire.com/news/metals-usa-holdings-corp./?page=1&pagesize=25,A-EXACT,13440,1
