pool,subset,model,n,positives,base_rate,roc_auc,average_precision,top_1pct_precision,top_1pct_lift,top_5pct_precision,top_5pct_lift,top_10pct_precision,top_10pct_lift,brier,log_loss
full_universe,all,constant_prior,18004,446,0.024772272828260385,0.48484803983415375,0.02391882900558759,0.03314917127071823,1.33815623219285,0.01553829078801332,0.627245263110744,0.017212659633536923,0.6948357041304906,0.02425592238152473,0.11888728388789502
full_universe,all,published_soft_contaminated,18004,446,0.024772272828260385,0.5224752862645623,0.02599049155526141,0.016574585635359115,0.669078116096425,0.025527192008879023,1.0304743608247937,0.026651860077734593,1.0758746386536628,,
full_universe,all,novelty_logit,18004,446,0.024772272828260385,0.5020462610275132,0.02428506096440358,0.027624309392265192,1.1151301934940416,0.01997780244173141,0.8064581954280994,0.01943364797334814,0.7844919240182958,0.02422732341743502,0.11815989529355475
full_universe,all,text_logit,18004,446,0.024772272828260385,0.6791526814141166,0.06548344636201825,0.13812154696132597,5.575650967470208,0.0876803551609323,3.5394554132677696,0.0694058856191005,2.801756871493913,0.023971006550087225,0.11306995109662579
full_universe,all,text_novelty_logit,18004,446,0.024772272828260385,0.6827091198574665,0.06827030046399271,0.14917127071823205,6.0217030448678255,0.09544950055493896,3.8530780448231416,0.07051637978900611,2.8465849814378164,0.02390666430914735,0.11216763910143174
full_universe,unseen_issuer_only,constant_prior,883,11,0.01245753114382786,0.4370308590492077,0.01221237995086101,0.0,0.0,0.022222222222222223,1.7838383838383838,0.011235955056179775,0.9019407558733401,0.012321952654651061,0.06768736369342117
full_universe,unseen_issuer_only,published_soft_contaminated,883,11,0.01245753114382786,0.6584653878231861,0.03567326998850199,0.0,0.0,0.044444444444444446,3.5676767676767676,0.033707865168539325,2.7058222676200203,,
full_universe,unseen_issuer_only,novelty_logit,883,11,0.01245753114382786,0.43129691409507925,0.012857053731739513,0.0,0.0,0.0,0.0,0.011235955056179775,0.9019407558733401,0.012411529277782574,0.0746120533041232
full_universe,unseen_issuer_only,text_logit,883,11,0.01245753114382786,0.5709966638865721,0.019052616573722904,0.0,0.0,0.022222222222222223,1.7838383838383838,0.02247191011235955,1.8038815117466802,0.01231180886204118,0.06690047343243384
full_universe,unseen_issuer_only,text_novelty_logit,883,11,0.01245753114382786,0.4675771476230192,0.015287212124562417,0.0,0.0,0.022222222222222223,1.7838383838383838,0.011235955056179775,0.9019407558733401,0.012402119187790713,0.07345054534083365
hacked_only_retrospective,all,constant_prior,3587,446,0.12433788681349317,0.46787033348894913,0.11718991099712653,0.027777777777777776,0.22340558046836073,0.09444444444444444,0.7595789735924264,0.09192200557103064,0.7392920044468316,0.11305469731301626,0.40600859100252923
hacked_only_retrospective,all,published_soft_contaminated,3587,446,0.12433788681349317,0.4994503478512884,0.12519281015048328,0.1111111111111111,0.8936223218734429,0.13333333333333333,1.0723467862481315,0.12813370473537605,1.0305282486228562,,
hacked_only_retrospective,all,novelty_logit,3587,446,0.12433788681349317,0.49229701774448453,0.12767005547632826,0.08333333333333333,0.6702167414050821,0.15,1.206390134529148,0.14484679665738162,1.1649449767040985,0.112525171463259,0.402392185530463
hacked_only_retrospective,all,text_logit,3587,446,0.12433788681349317,0.6373794869818101,0.23194462777844255,0.4166666666666667,3.351083707025411,0.34444444444444444,2.770229197807673,0.31754874651810583,2.5539178335436,0.10831381099682406,0.37726798233621234
hacked_only_retrospective,all,text_novelty_logit,3587,446,0.12433788681349317,0.6369668909532967,0.2377822279607597,0.4166666666666667,3.351083707025411,0.35,2.814910313901345,0.3147632311977716,2.53151504553006,0.10773410937926656,0.37485018844805557
hacked_only_retrospective,unseen_issuer_only,constant_prior,1457,152,0.10432395332875773,0.5205711837063924,0.10858046333623875,0.06666666666666667,0.6390350877192982,0.0410958904109589,0.39392573900504685,0.0958904109589041,0.9191600576784426,0.09430182259189696,0.34038653531076946
hacked_only_retrospective,unseen_issuer_only,published_soft_contaminated,1457,152,0.10432395332875773,0.5390048396854205,0.1159941594836934,0.06666666666666667,0.6390350877192982,0.1506849315068493,1.4443943763518383,0.1095890410958904,1.0504686373467915,,
hacked_only_retrospective,unseen_issuer_only,novelty_logit,1457,152,0.10432395332875773,0.5811554748941319,0.13201988110264729,0.13333333333333333,1.2780701754385964,0.136986301369863,1.3130857966834895,0.136986301369863,1.3130857966834895,0.09390048786325685,0.33936508524167125
hacked_only_retrospective,unseen_issuer_only,text_logit,1457,152,0.10432395332875773,0.7033474490824764,0.2443111048268394,0.3333333333333333,3.195175438596491,0.3150684931506849,3.0200973323720257,0.2671232876712329,2.5605173035328046,0.08994773774724324,0.3162395547387536
hacked_only_retrospective,unseen_issuer_only,text_novelty_logit,1457,152,0.10432395332875773,0.7036348054043153,0.2528001482015209,0.3333333333333333,3.195175438596491,0.3287671232876712,3.151405912040375,0.3082191780821918,2.9544430425378514,0.08952199908807364,0.3165088599810032
