event_id,historical_symbol,event_date,primary_exchange,requirement,source_family,record_kind,research_use_only
HEJFE-A413A5AC6E515E3C,CNMD,2011-04-27,XNAS,required_event_order_flow,nasdaq_itch_5_0_decoded,itch_decoded,1
HEJFE-EDFDC1213C9AF586,MXIM,2012-01-26,XNAS,required_event_order_flow,nasdaq_itch_5_0_decoded,itch_decoded,1
HEJFE-4080E04F012A7290,QLIK,2015-02-12,XNAS,required_event_order_flow,nasdaq_itch_5_0_decoded,itch_decoded,1
HEJFE-5E9AD5C9AD67944D,CSOD,2015-05-06,XNAS,required_event_order_flow,nasdaq_itch_5_0_decoded,itch_decoded,1
HEJFE-12CC8075D3F634CD,ECOL,2013-04-24,XNAS,required_event_order_flow,nasdaq_itch_5_0_decoded,itch_decoded,1
HEJFE-AF5106891E058D23,TNGO,2015-02-12,XNAS,required_event_order_flow,nasdaq_itch_5_0_decoded,itch_decoded,1
HEJFE-6F0A7632D9B4FFF6,ACHC,2015-04-28,XNAS,required_event_order_flow,nasdaq_itch_5_0_decoded,itch_decoded,1
HEJFE-05DE1473D5D7F7FB,MFRM,2015-03-19,XNAS,required_event_order_flow,nasdaq_itch_5_0_decoded,itch_decoded,1
HEJFE-6C73B4B05384BC1E,PFPT,2013-04-25,XNAS,required_event_order_flow,nasdaq_itch_5_0_decoded,itch_decoded,1
HEJFE-ED8CFC03F1053B9A,CAMP,2013-04-25,XNAS,required_event_order_flow,nasdaq_itch_5_0_decoded,itch_decoded,1
HEJFE-376286473ECFECB4,CA,2011-07-20,XNAS,required_event_order_flow,nasdaq_itch_5_0_decoded,itch_decoded,1
HEJFE-2D81C70F59E076BA,CA,2012-01-24,XNAS,required_event_order_flow,nasdaq_itch_5_0_decoded,itch_decoded,1
HEJFE-7C93D3838E60926C,CMTL,2014-12-10,XNAS,required_event_order_flow,nasdaq_itch_5_0_decoded,itch_decoded,1
HEJFE-BD3F577ADD90D512,GNTX,2013-10-21,XNAS,required_event_order_flow,nasdaq_itch_5_0_decoded,itch_decoded,1
HEJFE-263620F13A6443DD,MAT,2015-04-16,XNAS,required_event_order_flow,nasdaq_itch_5_0_decoded,itch_decoded,1
HEJFE-9861757889227DD4,IDTI,2015-02-02,XNAS,required_event_order_flow,nasdaq_itch_5_0_decoded,itch_decoded,1
HEJFE-EFFA194386ABDD28,IDTI,2015-05-04,XNAS,required_event_order_flow,nasdaq_itch_5_0_decoded,itch_decoded,1
HEJFE-4DEF5FDB3210E91B,SWKS,2015-01-22,XNAS,required_event_order_flow,nasdaq_itch_5_0_decoded,itch_decoded,1
HEJFE-5089F8E69B6BC646,KELYA,2013-05-07,XNAS,required_event_order_flow,nasdaq_itch_5_0_decoded,itch_decoded,1
HEJFE-66BA40A20548B7E3,LRCX,2013-04-24,XNAS,required_event_order_flow,nasdaq_itch_5_0_decoded,itch_decoded,1
HEJFE-830D52F9F7F1CEEB,MSCC,2012-01-26,XNAS,required_event_order_flow,nasdaq_itch_5_0_decoded,itch_decoded,1
HEJFE-332D5C6DC3ACE6B1,NDSN,2015-05-19,XNAS,required_event_order_flow,nasdaq_itch_5_0_decoded,itch_decoded,1
HEJFE-D9C52E6CC595C380,ADI,2015-02-17,XNAS,required_event_order_flow,nasdaq_itch_5_0_decoded,itch_decoded,1
HEJFE-09EB83905864C50A,ADI,2015-05-19,XNAS,required_event_order_flow,nasdaq_itch_5_0_decoded,itch_decoded,1
HEJFE-824BABBAD988A068,SYMM,2012-01-25,XNAS,required_event_order_flow,nasdaq_itch_5_0_decoded,itch_decoded,1
HEJFE-FBA59D82CEE8FD00,CGNX,2015-02-12,XNAS,required_event_order_flow,nasdaq_itch_5_0_decoded,itch_decoded,1
HEJFE-8EAA8616B1750B40,CGNX,2015-05-04,XNAS,required_event_order_flow,nasdaq_itch_5_0_decoded,itch_decoded,1
HEJFE-0B87675BF7BEDBCA,EA,2015-01-27,XNAS,required_event_order_flow,nasdaq_itch_5_0_decoded,itch_decoded,1
HEJFE-B7EFA7CF95262283,LSCC,2013-04-18,XNAS,required_event_order_flow,nasdaq_itch_5_0_decoded,itch_decoded,1
HEJFE-CCC7747CFBDE893E,PNRA,2013-04-23,XNAS,required_event_order_flow,nasdaq_itch_5_0_decoded,itch_decoded,1
HEJFE-600696AB8463FFD8,PNRA,2013-07-23,XNAS,required_event_order_flow,nasdaq_itch_5_0_decoded,itch_decoded,1
HEJFE-8167467EBF64AABE,PNRA,2013-10-22,XNAS,required_event_order_flow,nasdaq_itch_5_0_decoded,itch_decoded,1
HEJFE-4E643D38FFB3016E,PNRA,2015-02-11,XNAS,required_event_order_flow,nasdaq_itch_5_0_decoded,itch_decoded,1
HEJFE-99CCB9D9BECE4E72,IDXX,2012-01-26,XNAS,required_event_order_flow,nasdaq_itch_5_0_decoded,itch_decoded,1
HEJFE-DA7595FDF91D8CBC,WRLD,2012-01-24,XNAS,required_event_order_flow,nasdaq_itch_5_0_decoded,itch_decoded,1
HEJFE-C4D39B22234902F2,GILD,2015-02-03,XNAS,required_event_order_flow,nasdaq_itch_5_0_decoded,itch_decoded,1
HEJFE-8415E931D4314106,KOPN,2015-03-10,XNAS,required_event_order_flow,nasdaq_itch_5_0_decoded,itch_decoded,1
HEJFE-A9DB7C5F6FD1D978,SBUX,2015-01-22,XNAS,required_event_order_flow,nasdaq_itch_5_0_decoded,itch_decoded,1
HEJFE-760E36DA94752F1E,CAKE,2015-04-22,XNAS,required_event_order_flow,nasdaq_itch_5_0_decoded,itch_decoded,1
HEJFE-81F188C0D790FE70,CREE,2015-01-20,XNAS,required_event_order_flow,nasdaq_itch_5_0_decoded,itch_decoded,1
HEJFE-D35C7804C2F5326C,CREE,2015-04-21,XNAS,required_event_order_flow,nasdaq_itch_5_0_decoded,itch_decoded,1
HEJFE-AA2597B95CFD2A2D,LSTR,2011-10-21,XNAS,required_event_order_flow,nasdaq_itch_5_0_decoded,itch_decoded,1
HEJFE-8596DDD6A535BD90,DEST,2012-01-25,XNAS,required_event_order_flow,nasdaq_itch_5_0_decoded,itch_decoded,1
HEJFE-D6BA56FA6D57427E,SCVL,2015-05-20,XNAS,required_event_order_flow,nasdaq_itch_5_0_decoded,itch_decoded,1
HEJFE-8F17F6BEDF631C8B,MCRI,2013-04-25,XNAS,required_event_order_flow,nasdaq_itch_5_0_decoded,itch_decoded,1
HEJFE-7482DE1CD44C1A00,GMCR,2015-02-04,XNAS,required_event_order_flow,nasdaq_itch_5_0_decoded,itch_decoded,1
HEJFE-489E74F74AFB5AFA,MCRL,2013-04-25,XNAS,required_event_order_flow,nasdaq_itch_5_0_decoded,itch_decoded,1
HEJFE-D4E8CD312A2AA576,ISSI,2012-01-25,XNAS,required_event_order_flow,nasdaq_itch_5_0_decoded,itch_decoded,1
HEJFE-F9E72EEF6E5BD373,NATI,2015-01-29,XNAS,required_event_order_flow,nasdaq_itch_5_0_decoded,itch_decoded,1
HEJFE-7F8218B15679F14D,NATI,2015-04-28,XNAS,required_event_order_flow,nasdaq_itch_5_0_decoded,itch_decoded,1
HEJFE-2F14F138D09BCA76,IBKC,2012-01-24,XNAS,required_event_order_flow,nasdaq_itch_5_0_decoded,itch_decoded,1
HEJFE-48B08BAEDCEEDEFC,SNDK,2015-01-21,XNAS,required_event_order_flow,nasdaq_itch_5_0_decoded,itch_decoded,1
HEJFE-54A5D1D8A5B593C8,NUAN,2015-02-05,XNAS,required_event_order_flow,nasdaq_itch_5_0_decoded,itch_decoded,1
HEJFE-7CA38C1FDA5EA4D0,CENX,2013-04-25,XNAS,required_event_order_flow,nasdaq_itch_5_0_decoded,itch_decoded,1
HEJFE-809E53BB4081FBAE,ROVI,2015-04-30,XNAS,required_event_order_flow,nasdaq_itch_5_0_decoded,itch_decoded,1
HEJFE-0AA84E6E44ED02D8,AMSG,2015-02-25,XNAS,required_event_order_flow,nasdaq_itch_5_0_decoded,itch_decoded,1
HEJFE-8A0517D50278EAE4,POWI,2015-04-29,XNAS,required_event_order_flow,nasdaq_itch_5_0_decoded,itch_decoded,1
HEJFE-1FCAAB3F7CC931CF,VRSN,2013-04-25,XNAS,required_event_order_flow,nasdaq_itch_5_0_decoded,itch_decoded,1
HEJFE-FBFFFD99898188CF,COLM,2015-02-12,XNAS,required_event_order_flow,nasdaq_itch_5_0_decoded,itch_decoded,1
HEJFE-0BCEF81B6C0111FB,COLM,2015-04-30,XNAS,required_event_order_flow,nasdaq_itch_5_0_decoded,itch_decoded,1
HEJFE-06AE65B9C8FB0395,STMP,2013-04-24,XNAS,required_event_order_flow,nasdaq_itch_5_0_decoded,itch_decoded,1
HEJFE-2C887DA6F617936F,TIBX,2013-09-19,XNAS,required_event_order_flow,nasdaq_itch_5_0_decoded,itch_decoded,1
HEJFE-E575622C8FDAB71F,ISIL,2013-04-24,XNAS,required_event_order_flow,nasdaq_itch_5_0_decoded,itch_decoded,1
HEJFE-BFE8A42E0C19BA39,VDSI,2011-10-26,XNAS,required_event_order_flow,nasdaq_itch_5_0_decoded,itch_decoded,1
HEJFE-4FB44934BC5C5221,DNDN,2011-08-03,XNAS,required_event_order_flow,nasdaq_itch_5_0_decoded,itch_decoded,1
HEJFE-8A11E54A9679E09D,ILMN,2015-01-27,XNAS,required_event_order_flow,nasdaq_itch_5_0_decoded,itch_decoded,1
HEJFE-45559DD90D876D39,ILMN,2015-04-21,XNAS,required_event_order_flow,nasdaq_itch_5_0_decoded,itch_decoded,1
HEJFE-3046057647A0FC5C,BRKR,2015-05-06,XNAS,required_event_order_flow,nasdaq_itch_5_0_decoded,itch_decoded,1
HEJFE-830337A8564B826E,ALGN,2013-10-17,XNAS,required_event_order_flow,nasdaq_itch_5_0_decoded,itch_decoded,1
HEJFE-D6AE4ACB99958A73,SGEN,2015-04-30,XNAS,required_event_order_flow,nasdaq_itch_5_0_decoded,itch_decoded,1
HEJFE-22BF36BABB9D19D7,ALNY,2015-02-12,XNAS,required_event_order_flow,nasdaq_itch_5_0_decoded,itch_decoded,1
HEJFE-0704950C71CFAFB4,TXRH,2015-02-23,XNAS,required_event_order_flow,nasdaq_itch_5_0_decoded,itch_decoded,1
HEJFE-99F31DB35F001A44,DXCM,2015-02-25,XNAS,required_event_order_flow,nasdaq_itch_5_0_decoded,itch_decoded,1
HEJFE-826F68D9DA88B37C,ATRC,2015-02-23,XNAS,required_event_order_flow,nasdaq_itch_5_0_decoded,itch_decoded,1
HEJFE-4D7E68AD113380B3,TRAK,2015-02-23,XNAS,required_event_order_flow,nasdaq_itch_5_0_decoded,itch_decoded,1
HEJFE-20EC97300E6205B9,INWK,2015-02-12,XNAS,required_event_order_flow,nasdaq_itch_5_0_decoded,itch_decoded,1
HEJFE-E4D3EE1A6CB984DB,EHTH,2011-04-26,XNAS,required_event_order_flow,nasdaq_itch_5_0_decoded,itch_decoded,1
HEJFE-9527526FED86FA7D,EHTH,2013-04-25,XNAS,required_event_order_flow,nasdaq_itch_5_0_decoded,itch_decoded,1
HEJFE-C368B17FADFC15C7,ECHO,2013-04-25,XNAS,required_event_order_flow,nasdaq_itch_5_0_decoded,itch_decoded,1
HEJFE-5D222F0F8E0C77D0,TW,2015-05-04,XNAS,required_event_order_flow,nasdaq_itch_5_0_decoded,itch_decoded,1
