source_trade_row,event_id,PERMNO,SYMBOL,trade_date,text_date,announcement_local_date,exact_text_date_match,Soft,prior_text_jaccard_distance,outcome_date,stock_open,stock_close,raw_open_close_return,spy_open_close_return,market_adjusted_open_close_return,outcome_status
1,HEJFE-8D40B9782E1E6F33,10145,HON,2012-01-26,2012-01-27,2012-01-27,True,0.0048447323598263,0.6262626262626263,2012-01-30,54.610809326171875,54.82755661010742,0.003968944731087776,0.0065895383231091564,-0.0026205935920213808,ok_market_adjusted
2,HEJFE-D346C6CFDFB6E581,10606,WTS,2015-02-17,2015-02-17,2015-02-17,True,-0.0124418597492135,0.456221198156682,2015-02-18,59.869998931884766,55.40999984741211,-0.0744947246374078,0.00224173048027132,-0.07673645511767913,ok_market_adjusted
3,HEJFE-A413A5AC6E515E3C,11547,CNMD,2011-04-27,2011-04-28,2011-04-28,True,0.0146434925289079,0.5325670498084292,2011-04-29,28.809999465942383,28.079999923706055,-0.025338408738927343,0.001982880481862237,-0.02732128922078958,ok_market_adjusted
4,HEJFE-AC78A2434E4AE8FB,11599,ACO,2013-04-25,2013-04-26,2013-04-26,True,-0.0126927778143628,0.4857142857142857,,,,,,,missing_stock_history
5,HEJFE-EDFDC1213C9AF586,11896,MXIM,2012-01-26,2012-01-26,2012-01-26,True,,,,,,,,,missing_stock_history
6,HEJFE-4080E04F012A7290,12026,QLIK,2015-02-12,2015-02-12,2015-02-12,True,0.0100208485492706,0.6055045871559632,,,,,,,missing_stock_history
7,HEJFE-D7BD84C255F2273D,12049,GORO,2013-05-08,2013-05-08,2013-05-08,True,-0.0049561099025755,0.4915254237288136,2013-05-09,5.599999904632568,5.599999904632568,0.0,-0.0023886775246089176,0.0023886775246089176,ok_market_adjusted
8,HEJFE-AF58BD8CAE4E8D1C,12449,FLT,2015-04-30,2015-04-30,2015-04-30,True,0.0288806395833967,0.5148514851485149,,,,,,,missing_stock_history
9,HEJFE-5E9AD5C9AD67944D,12639,CSOD,2015-05-06,2015-05-06,2015-05-06,True,0.0031865456975661,0.6761363636363636,,,,,,,missing_stock_history
10,HEJFE-12CC8075D3F634CD,12758,ECOL,2013-04-24,2013-04-25,2013-04-25,True,,,,,,,,,missing_stock_history
11,HEJFE-847F0EFE669B2440,12873,P,2015-02-05,2015-02-05,2015-02-05,True,,,,,,,,,next_session_gap_too_large
12,HEJFE-AF5106891E058D23,12924,TNGO,2015-02-12,2015-02-12,2015-02-12,True,0.0079997169259394,0.3648648648648649,,,,,,,missing_stock_history
13,HEJFE-6F0A7632D9B4FFF6,13105,ACHC,2015-04-28,2015-04-28,2015-04-28,True,0.0083909740966177,0.6254980079681275,2015-04-29,73.5,68.88999938964844,-0.06272109673947701,0.0009507639476808993,-0.06367186068715791,ok_market_adjusted
14,HEJFE-05DE1473D5D7F7FB,13110,MFRM,2015-03-19,2015-03-19,2015-03-19,True,0.0061575044613708,0.5900383141762452,,,,,,,missing_stock_history
15,HEJFE-87DDC59E7BB99A84,13284,ALSN,2015-04-27,2015-04-27,2015-04-27,True,-0.0009531031670238,0.3591160220994475,2015-04-28,30.81999969482422,30.889999389648438,0.002271242554099606,0.003321613979292204,-0.0010503714251925977,ok_market_adjusted
16,HEJFE-6C73B4B05384BC1E,13377,PFPT,2013-04-25,2013-04-25,2013-04-25,True,0.0099134884224246,,,,,,,,missing_stock_history
17,HEJFE-DC66D5F2BDEC7C74,13447,NOW,2015-01-28,2015-01-28,2015-01-28,True,0.0007428207583794,0.4535519125683059,2015-01-29,14.609999656677246,14.776000022888184,0.011362106099370717,0.008034736855571767,0.00332736924379895,ok_market_adjusted
18,HEJFE-47A3794D1C360650,13447,NOW,2015-04-16,2015-04-16,2015-04-16,True,-0.0008453175469688,0.5821596244131455,2015-04-17,14.949999809265137,14.657999992370605,-0.019531760576583235,-0.004738228590007276,-0.014793531986575958,ok_market_adjusted
19,HEJFE-9B84208BA575EAC4,13687,RH,2015-03-26,2015-03-26,2015-03-26,True,0.0024080105441054,0.647887323943662,2015-03-27,90.72000122070312,96.91999816894531,0.06834211711658678,0.0029737268845679843,0.06536839023201879,ok_market_adjusted
20,HEJFE-DF726FADF321F8E3,13936,PVH,2015-03-25,2015-03-25,2015-03-25,True,-0.0011803544588183,0.4708171206225681,2015-03-26,104.66999816894531,104.55999755859375,-0.0010509277947441387,0.001512478280831342,-0.0025634060755754806,ok_market_adjusted
21,HEJFE-EBC49B9A024181AD,14231,VEEV,2015-03-03,2015-03-03,2015-03-03,True,0.0039747458044057,0.6231884057971014,2015-03-04,27.700000762939453,25.719999313354492,-0.0714801947671444,-0.0008079761115817874,-0.07067221865556261,ok_market_adjusted
22,HEJFE-1950A4340036BB95,15456,FL,2011-08-18,2011-08-18,2011-08-18,True,0.0052072283789479,0.4382978723404255,,,,,,,missing_stock_history
23,HEJFE-B704E62641681A73,16432,GT,2011-07-27,2011-07-28,2011-07-28,True,0.0106035016635645,0.3807106598984772,2011-07-29,15.720000267028809,16.170000076293945,0.028625941578955816,0.003258072740779605,0.02536786883817621,ok_market_adjusted
24,HEJFE-95933AA0B84D2F60,18542,CAT,2012-01-25,2012-01-26,2012-01-26,True,0.0347990399642427,0.6829268292682926,2012-01-27,110.52999877929688,111.27999877929688,0.0067854881777169584,0.0044193981010225425,0.002366090076694416,ok_market_adjusted
25,HEJFE-A9D220DE2F7E7FC3,19350,DE,2015-02-19,2015-02-20,2015-02-20,True,-0.003906530301621,0.4878048780487805,2015-02-23,92.02999877929688,90.9800033569336,-0.011409273457466229,0.0012800050693841936,-0.012689278526850423,ok_market_adjusted
26,HEJFE-45E6DA32B37F83D4,19561,BA,2012-01-24,2012-01-25,2012-01-25,True,0.0120218173786037,0.5159817351598174,2012-01-26,75.83999633789062,75.30999755859375,-0.0069883808661536095,-0.009538032834302768,0.002549651968149158,ok_market_adjusted
27,HEJFE-E1B57B6A71B06A7F,20204,CR,2015-04-27,2015-04-27,2015-04-27,True,-0.0029352464750661,0.549738219895288,,,,,,,missing_stock_history
28,HEJFE-B9C8B3D0EF3DCB5E,20512,CACI,2015-04-29,2015-04-29,2015-04-29,True,-0.0181657124003888,0.5669014084507042,2015-04-30,88.98999786376953,88.23999786376953,-0.00842791345099414,-0.006765762035016998,-0.0016621514159771422,ok_market_adjusted
29,HEJFE-ED8CFC03F1053B9A,20670,CAMP,2013-04-25,2013-04-25,2013-04-25,True,,,,,,,,,missing_stock_history
30,HEJFE-B5A8A297D14CD19D,23579,TXT,2015-04-27,2015-04-28,2015-04-28,True,0.0027902477944077,0.4438502673796791,2015-04-29,44.209999084472656,44.15999984741211,-0.0011309486110825384,0.0009507639476808993,-0.0020817125587634377,ok_market_adjusted
31,HEJFE-6101FFEDBA6EE41B,23835,MDU,2015-02-02,2015-02-02,2015-02-02,True,-0.0164959108566546,0.6690140845070423,2015-02-03,8.673382759094238,8.886320114135742,0.02455066967017383,0.009064021368919262,0.015486648301254569,ok_market_adjusted
32,HEJFE-977FEBE8CA3CFCB6,23835,MDU,2015-05-04,2015-05-04,2015-05-04,True,0.0007719208491028,0.9107806691449816,2015-05-05,8.361581802368164,7.958522796630859,-0.048203679072200245,-0.010093374852549464,-0.03811030421965078,ok_market_adjusted
33,HEJFE-4291CBF555CED6A9,24459,PBI,2015-04-29,2015-04-30,2015-04-30,True,-0.0159568590318241,0.6008583690987124,2015-05-01,22.559999465942383,22.829999923706055,0.011968105680643992,0.006303760089273469,0.005664345591370523,ok_market_adjusted
34,HEJFE-76B03970FA6BDB42,24969,AVA,2013-02-19,2013-02-20,2013-02-20,True,-0.0254541684517691,0.55,2013-02-21,25.969999313354492,25.969999313354492,0.0,-0.003577162963071534,0.003577162963071534,ok_market_adjusted
35,HEJFE-376286473ECFECB4,25778,CA,2011-07-20,2011-07-20,2011-07-20,True,0.0014558833698993,0.5854545454545454,,,,,,,missing_stock_history
36,HEJFE-2D81C70F59E076BA,25778,CA,2012-01-24,2012-01-24,2012-01-24,True,0.0041117807159959,0.5607843137254902,,,,,,,missing_stock_history
37,HEJFE-E8C5063581BE7EB7,25785,F,2015-01-28,2015-01-29,2015-01-29,True,-0.0035546599997829,0.4814814814814815,2015-01-30,14.75,14.710000038146973,-0.0027118618205442813,-0.005584136885262603,0.0028722750647183215,ok_market_adjusted
38,HEJFE-7C93D3838E60926C,26201,CMTL,2014-12-10,2014-12-10,2014-12-10,True,-0.0110748486973971,0.4449152542372881,2014-12-11,34.75,32.720001220703125,-0.05841723105890284,0.0015204902450927094,-0.05993772130399555,ok_market_adjusted
39,HEJFE-99F3FC8CE022DEA1,27043,VAR,2012-01-25,2012-01-25,2012-01-25,True,-0.0194008235134277,0.6452991452991452,,,,,,,missing_stock_history
40,HEJFE-A25F33B630365184,27633,R,2015-02-02,2015-02-03,2015-02-03,True,0.0174614635777316,0.4223300970873787,2015-02-04,87.61000061035156,88.45999908447266,0.009702071318336003,0.0006865407557157255,0.009015530562620278,ok_market_adjusted
41,HEJFE-36433565499915E2,35051,PLL,2015-02-23,2015-02-24,2015-02-24,True,-0.0087721862037153,0.5521235521235521,,,,,,,missing_stock_history
42,HEJFE-7CEFB3FE3D986464,35991,ROG,2015-02-17,2015-02-17,2015-02-17,True,0.0185739979252299,0.5423728813559322,2015-02-18,80.58999633789062,80.3499984741211,-0.0029780106052280653,0.00224173048027132,-0.005219741085499385,ok_market_adjusted
43,HEJFE-33FC1D00348D7C59,35991,ROG,2015-04-29,2015-04-29,2015-04-29,True,0.006616422660846,0.5590909090909091,2015-04-30,82.13999938964844,72.70999908447266,-0.11480399775074968,-0.006765762035016998,-0.10803823571573268,ok_market_adjusted
44,HEJFE-30CA515BC590DDA6,36003,ROL,2012-01-24,2012-01-25,2012-01-25,True,,,2012-01-26,6.779259204864502,6.441481113433838,-0.04982522149150004,-0.009538032834302768,-0.04028718865719727,ok_market_adjusted
45,HEJFE-1783DE88400AF6CC,38156,WMB,2015-02-18,2015-02-18,2015-02-18,True,0.0100236233099959,0.4898989898989899,2015-02-19,49.209999084472656,49.40999984741211,0.004064230169891658,0.0027218951122764956,0.0013423350576151627,ok_market_adjusted
46,HEJFE-BD3F577ADD90D512,38659,GNTX,2013-10-21,2013-10-22,2013-10-22,True,0.0084642938021195,0.7324840764331211,2013-10-23,14.949999809265137,15.234999656677246,0.019063535187169967,-0.0013728633243333954,0.020436398511503362,ok_market_adjusted
47,HEJFE-263620F13A6443DD,39538,MAT,2015-04-16,2015-04-16,2015-04-16,True,,,2015-04-17,27.010000228881836,26.75,-0.009626072812980446,-0.004738228590007276,-0.00488784422297317,ok_market_adjusted
48,HEJFE-704E64D64C11C119,42796,MDP,2012-01-23,2012-01-24,2012-01-24,True,0.0019193816050392,0.6491228070175439,,,,,,,missing_stock_history
49,HEJFE-9861757889227DD4,44506,IDTI,2015-02-02,2015-02-02,2015-02-02,True,0.0200413956170478,0.6135135135135135,,,,,,,missing_stock_history
50,HEJFE-EFFA194386ABDD28,44506,IDTI,2015-05-04,2015-05-04,2015-05-04,True,0.0102667939191554,0.4875,,,,,,,missing_stock_history
51,HEJFE-7E8FA3E5E417B5E7,45277,IGT,2012-01-23,2012-01-24,2012-01-24,True,0.0058101458781844,0.6117021276595744,,,,,,,missing_stock_history
52,HEJFE-4DEF5FDB3210E91B,45911,SWKS,2015-01-22,2015-01-22,2015-01-22,True,0.0179034125148226,0.6092307692307692,2015-01-23,78.41000366210938,80.86000061035156,0.031245974159112455,-0.003984606113911271,0.035230580273023726,ok_market_adjusted
53,HEJFE-9DF82252ED78E41F,46690,CBT,2015-04-29,2015-04-29,2015-04-29,True,-0.0293049462592792,0.4220183486238532,2015-04-30,47.11000061035156,42.7400016784668,-0.09276159786176141,-0.006765762035016998,-0.08599583582674442,ok_market_adjusted
54,HEJFE-E25BAF3CFF23A3BE,46877,BCR,2015-01-29,2015-01-29,2015-01-29,True,-0.0050590966785477,0.2413793103448276,,,,,,,missing_stock_history
55,HEJFE-5089F8E69B6BC646,47379,KELYA,2013-05-07,2013-05-08,2013-05-08,True,-0.0008127468720195,0.5767918088737201,2013-05-09,17.09000015258789,16.809999465942383,-0.016383890236718823,-0.0023886775246089176,-0.013995212712109906,ok_market_adjusted
56,HEJFE-66BA40A20548B7E3,48486,LRCX,2013-04-24,2013-04-24,2013-04-24,True,0.0013315250235966,0.57847533632287,2013-04-25,4.400000095367432,4.561999797821045,0.03681811339599195,0.0011368443775012782,0.03568126901849067,ok_market_adjusted
57,HEJFE-334BAA0D940A418A,51369,TER,2015-01-28,2015-01-28,2015-01-28,True,0.0079567162898885,0.5560165975103735,2015-01-29,19.239999771118164,18.6200008392334,-0.03222447709253451,0.008034736855571767,-0.040259213948106276,ok_market_adjusted
58,HEJFE-D1D8268651584B6A,52090,MKC,2013-04-01,2013-04-02,2013-04-02,True,-0.0017182670522048,0.5924528301886792,2013-04-03,36.23500061035156,35.79999923706055,-0.01200500527014603,-0.010706824901923095,-0.0012981803682229343,ok_market_adjusted
59,HEJFE-0273F1BFCD285E7F,52337,THC,2015-02-23,2015-02-23,2015-02-23,True,0.0047740241916157,0.5045454545454545,2015-02-24,45.540000915527344,45.290000915527344,-0.0054896792923594395,0.0032682950803557542,-0.008757974372715194,ok_market_adjusted
60,HEJFE-6C4EA140AD75FFE2,52337,THC,2015-05-04,2015-05-04,2015-05-04,True,0.0059525410744724,0.5833333333333333,2015-05-05,50.959999084472656,47.88999938964844,-0.06024332319424308,-0.010093374852549464,-0.05014994834169362,ok_market_adjusted
61,HEJFE-830D52F9F7F1CEEB,53640,MSCC,2012-01-26,2012-01-26,2012-01-26,True,0.0087431162641974,0.6839826839826839,,,,,,,missing_stock_history
62,HEJFE-EDF80619CED083CB,56274,CAG,2015-03-25,2015-03-26,2015-03-26,True,0.0085115466637538,0.5303030303030303,2015-03-27,27.120622634887695,28.607004165649414,0.05480632029626231,0.0029737268845679843,0.05183259341169433,ok_market_adjusted
63,HEJFE-0BAF70D8CC8F1631,57665,NKE,2015-03-19,2015-03-19,2015-03-19,True,0.0035139993522756,0.4067796610169492,2015-03-20,51.314998626708984,50.9900016784668,-0.006333371469156135,0.0033379282143521927,-0.009671299683508328,ok_market_adjusted
64,HEJFE-332D5C6DC3ACE6B1,57809,NDSN,2015-05-19,2015-05-19,2015-05-19,True,0.0054768596492004,0.4663677130044843,2015-05-20,82.19000244140625,82.79000091552734,0.007300139387985016,-0.0012666620755475977,0.008566801463532614,ok_market_adjusted
65,HEJFE-7ED8DBD4804E4330,57817,JWN,2015-02-19,2015-02-19,2015-02-19,True,0.0042824043511962,0.446236559139785,,,,,,,missing_stock_history
66,HEJFE-76DCF0FCA248E814,59192,CB,2012-01-26,2012-01-26,2012-01-26,True,0.0077813386749311,0.4216867469879518,2012-01-27,70.72000122070312,69.45999908447266,-0.017816771980790125,0.0044193981010225425,-0.022236170081812667,ok_market_adjusted
67,HEJFE-D9C52E6CC595C380,60871,ADI,2015-02-17,2015-02-17,2015-02-17,True,0.0067073943148952,0.4085106382978724,2015-02-18,58.400001525878906,58.380001068115234,-0.00034247358289551943,0.00224173048027132,-0.0025842040631668395,ok_market_adjusted
68,HEJFE-09EB83905864C50A,60871,ADI,2015-05-19,2015-05-19,2015-05-19,True,0.0106164194445901,0.1962616822429906,2015-05-20,64.19999694824219,66.18000030517578,0.03084117525005281,-0.0012666620755475977,0.03210783732560041,ok_market_adjusted
69,HEJFE-B46D4F8F72DD0212,61241,AMD,2013-10-17,2013-10-17,2013-10-17,True,-0.0009936565407081,0.4838709677419355,2013-10-18,3.559999942779541,3.5299999713897705,-0.008426958391001382,0.0030484227391940344,-0.011475381130195417,ok_market_adjusted
70,HEJFE-2FD552B9358078C6,61516,BIO,2013-05-07,2013-05-07,2013-05-07,True,-0.0100206521338263,0.6451612903225806,2013-05-08,113.7300033569336,118.37000274658203,0.04079837556221744,0.005664315843596723,0.035134059718620714,ok_market_adjusted
71,HEJFE-C85CE64DFF947CFD,66683,RES,2012-01-24,2012-01-25,2012-01-25,True,,,2012-01-26,10.733332633972168,10.133333206176758,-0.05590057144938809,-0.009538032834302768,-0.046362538615085325,ok_market_adjusted
72,HEJFE-7B8A1A0CD3E2966F,70332,APC,2013-05-06,2013-05-06,2013-05-06,True,0.0054683718510682,0.5836734693877551,,,,,,,missing_stock_history
73,HEJFE-824BABBAD988A068,70616,SYMM,2012-01-25,2012-01-25,2012-01-25,True,0.0114198526279262,0.5495867768595042,,,,,,,missing_stock_history
74,HEJFE-EC5EB2BE0D97833F,72726,STT,2015-01-22,2015-01-23,2015-01-23,True,0.0099878364795916,0.5193133047210301,2015-01-26,71.48999786376953,73.27999877929688,0.025038480473007496,0.003614821992601991,0.021423658480405505,ok_market_adjusted
75,HEJFE-D51AC412EDF93AA8,75070,INT,2015-04-30,2015-04-30,2015-04-30,True,0.002761826422421,0.7484472049689441,,,,,,,missing_stock_history
76,HEJFE-9B43F5B767ECD0FA,75342,MTH,2013-04-23,2013-04-24,2013-04-24,True,0.0248863632230333,,2013-04-25,24.520000457763672,24.594999313354492,0.0030586808397499166,0.0011368443775012782,0.0019218364622486384,ok_market_adjusted
77,HEJFE-2D6ABDFDE39E5919,75342,MTH,2013-07-23,2013-07-24,2013-07-24,True,0.0224692361318335,0.5175438596491229,2013-07-25,22.940000534057617,21.850000381469727,-0.04751526273809947,0.0042206125902153335,-0.051735875328314807,ok_market_adjusted
78,HEJFE-FBA59D82CEE8FD00,75654,CGNX,2015-02-12,2015-02-12,2015-02-12,True,0.009612790153157,0.3809523809523809,2015-02-13,20.489999771118164,20.90999984741211,0.0204978077591762,0.003395950783017465,0.017101856976158736,ok_market_adjusted
79,HEJFE-8EAA8616B1750B40,75654,CGNX,2015-05-04,2015-05-04,2015-05-04,True,-0.008956381071183,0.5335689045936396,2015-05-05,23.93000030517578,22.770000457763672,-0.048474710932670306,-0.010093374852549464,-0.03838133608012084,ok_market_adjusted
80,HEJFE-0B87675BF7BEDBCA,75828,EA,2015-01-27,2015-01-27,2015-01-27,True,0.0175811154163572,0.4939271255060729,,,,,,,missing_stock_history
81,HEJFE-B7EFA7CF95262283,75854,LSCC,2013-04-18,2013-04-18,2013-04-18,True,0.0020462782979334,0.507537688442211,2013-04-19,5.150000095367432,4.800000190734863,-0.06796114527209485,0.006343014417728554,-0.0743041596898234,ok_market_adjusted
82,HEJFE-CCC7747CFBDE893E,76695,PNRA,2013-04-23,2013-04-23,2013-04-23,True,-0.021676296703863,0.8797653958944281,,,,,,,missing_stock_history
83,HEJFE-600696AB8463FFD8,76695,PNRA,2013-07-23,2013-07-23,2013-07-23,True,-0.0102909537905056,0.8746355685131195,,,,,,,missing_stock_history
84,HEJFE-8167467EBF64AABE,76695,PNRA,2013-10-22,2013-10-22,2013-10-22,True,-0.0017297940850422,0.3087248322147651,,,,,,,missing_stock_history
85,HEJFE-4E643D38FFB3016E,76695,PNRA,2015-02-11,2015-02-11,2015-02-11,True,0.0008328896100407,0.4294117647058824,,,,,,,missing_stock_history
86,HEJFE-99CCB9D9BECE4E72,76709,IDXX,2012-01-26,2012-01-27,2012-01-27,True,0.0053008102432851,0.4352941176470588,2012-01-30,41.625,42.345001220703125,0.017297326623498588,0.0065895383231091564,0.010707788300389431,ok_market_adjusted
87,HEJFE-13FC93F4D143B268,76837,HAE,2012-01-27,2012-01-30,2012-01-30,True,-0.011005356879353,0.6124031007751938,2012-01-31,32.52000045776367,32.47999954223633,-0.001230040435555857,-0.005302203647846726,0.004072163212290869,ok_market_adjusted
88,HEJFE-DA7595FDF91D8CBC,77114,WRLD,2012-01-24,2012-01-25,2012-01-25,True,0.007813932645961,0.2513661202185792,2012-01-26,66.19000244140625,64.5,-0.025532593731240616,-0.009538032834302768,-0.01599456089693785,ok_market_adjusted
89,HEJFE-C4D39B22234902F2,77274,GILD,2015-02-03,2015-02-03,2015-02-03,True,-0.0011255835955122,0.5024390243902439,2015-02-04,98.93000030517578,98.43000030517578,-0.0050540786258730375,0.0006865407557157255,-0.005740619381588763,ok_market_adjusted
90,HEJFE-8415E931D4314106,77515,KOPN,2015-03-10,2015-03-10,2015-03-10,True,,,2015-03-11,4.340000152587891,3.75,-0.1359447308397168,-0.0038481821421841866,-0.13209654869753262,ok_market_adjusted
91,HEJFE-A9DB7C5F6FD1D978,77702,SBUX,2015-01-22,2015-01-22,2015-01-22,True,0.0122487195228518,0.5776892430278884,2015-01-23,43.25,44.11000061035156,0.019884407175758678,-0.003984606113911271,0.02386901328966995,ok_market_adjusted
92,HEJFE-760E36DA94752F1E,77902,CAKE,2015-04-22,2015-04-22,2015-04-22,True,0.0206650192915709,0.56,2015-04-23,53.91999816894531,52.41999816894531,-0.027818992042620505,0.004806137496832452,-0.03262512953945296,ok_market_adjusted
93,HEJFE-5B6F87699FF5093E,78170,SM,2015-05-05,2015-05-05,2015-05-05,True,0.0058507116000306,0.6802721088435374,2015-05-06,59.11000061035156,56.61000061035156,-0.04229402764651957,-0.007253313085365587,-0.035040714561153985,ok_market_adjusted
94,HEJFE-81F188C0D790FE70,78875,CREE,2015-01-20,2015-01-20,2015-01-20,True,0.0088108506490495,0.6136363636363636,,,,,,,missing_stock_history
95,HEJFE-D35C7804C2F5326C,78875,CREE,2015-04-21,2015-04-21,2015-04-21,True,-0.0024364119170817,0.5745454545454545,,,,,,,missing_stock_history
96,HEJFE-AA2597B95CFD2A2D,78981,LSTR,2011-10-21,2011-10-24,2011-10-24,True,-0.0005533302124319,0.3457446808510638,2011-10-25,44.40999984741211,44.45000076293945,0.0009007186594187644,-0.01473293575853063,0.015633654417949394,ok_market_adjusted
97,HEJFE-8596DDD6A535BD90,78990,DEST,2012-01-25,2012-01-26,2012-01-26,True,0.0050996229805945,0.4832214765100671,,,,,,,missing_stock_history
98,HEJFE-D6BA56FA6D57427E,79007,SCVL,2015-05-20,2015-05-20,2015-05-20,True,0.000311895260442,0.5514018691588785,,,,,,,missing_stock_history
99,HEJFE-8F17F6BEDF631C8B,79507,MCRI,2013-04-25,2013-04-25,2013-04-25,True,0.0009486848322658,0.4260355029585798,2013-04-26,10.65999984741211,10.899999618530273,0.022514050145735043,-0.0005684098834701778,0.02308246002920522,ok_market_adjusted
100,HEJFE-5CB3223BB28A6F14,79545,BWA,2011-07-27,2011-07-28,2011-07-28,True,0.0296722681053993,0.570754716981132,2011-07-29,34.63028335571289,35.04401397705078,0.011947075832102305,0.003258072740779605,0.0086890030913227,ok_market_adjusted
101,HEJFE-7482DE1CD44C1A00,79588,GMCR,2015-02-04,2015-02-04,2015-02-04,True,0.0086310797398892,0.5542168674698795,,,,,,,missing_stock_history
102,HEJFE-56483839E5F0E88F,79785,NVR,2012-01-25,2012-01-26,2012-01-26,True,-0.0042865022040602,0.3018867924528302,2012-01-27,700.280029296875,698.260009765625,-0.0028845882314796345,0.0044193981010225425,-0.007303986332502177,ok_market_adjusted
103,HEJFE-89844B5980EB5339,79796,AF,2012-01-25,2012-01-25,2012-01-25,True,0.008791542079952,0.4821428571428571,,,,,,,missing_stock_history
104,HEJFE-8536AD777ECEEACB,80446,GDI,2013-04-25,2013-04-26,2013-04-26,True,,,,,,,,,missing_stock_history
105,HEJFE-489E74F74AFB5AFA,81162,MCRL,2013-04-25,2013-04-25,2013-04-25,True,0.0055946859294225,0.5776892430278884,,,,,,,missing_stock_history
106,HEJFE-D4E8CD312A2AA576,81256,ISSI,2012-01-25,2012-01-25,2012-01-25,True,-0.0035442893779357,0.6,,,,,,,missing_stock_history
107,HEJFE-F9E72EEF6E5BD373,81501,NATI,2015-01-29,2015-01-29,2015-01-29,True,-0.0094500036489734,0.4716981132075472,,,,,,,missing_stock_history
108,HEJFE-7F8218B15679F14D,81501,NATI,2015-04-28,2015-04-28,2015-04-28,True,-0.0247048545642784,0.4906542056074766,,,,,,,missing_stock_history
109,HEJFE-2F14F138D09BCA76,81564,IBKC,2012-01-24,2012-01-25,2012-01-25,True,0.0026643483357277,0.4941176470588235,,,,,,,missing_stock_history
110,HEJFE-48B08BAEDCEEDEFC,82618,SNDK,2015-01-21,2015-01-21,2015-01-21,True,-0.022139324707349,0.5635179153094463,,,,,,,missing_stock_history
111,HEJFE-54A5D1D8A5B593C8,82759,NUAN,2015-02-05,2015-02-05,2015-02-05,True,0.0059251997965804,0.640625,,,,,,,missing_stock_history
112,HEJFE-7CA38C1FDA5EA4D0,83244,CENX,2013-04-25,2013-04-25,2013-04-25,True,-0.018832628279579,0.7295081967213115,2013-04-26,6.840000152587891,6.739999771118164,-0.014619938485219475,-0.0005684098834701778,-0.014051528601749297,ok_market_adjusted
113,HEJFE-809E53BB4081FBAE,84624,ROVI,2015-04-30,2015-04-30,2015-04-30,True,,,,,,,,,missing_stock_history
114,HEJFE-00D863517A3A754C,85663,URI,2015-01-21,2015-01-21,2015-01-21,True,0.0195609835606991,0.2444444444444444,2015-01-22,91.62999725341797,86.02999877929688,-0.06111534041230371,0.010343647009815271,-0.07145898742211898,ok_market_adjusted
115,HEJFE-0AA84E6E44ED02D8,85675,AMSG,2015-02-25,2015-02-25,2015-02-25,True,,,,,,,,,missing_stock_history
116,HEJFE-8A0517D50278EAE4,85710,POWI,2015-04-29,2015-04-29,2015-04-29,True,-0.005826764319235,0.5598290598290598,2015-04-30,24.895000457763672,24.7450008392334,-0.0060252908524649484,-0.006765762035016998,0.0007404711825520494,ok_market_adjusted
117,HEJFE-1FCAAB3F7CC931CF,85753,VRSN,2013-04-25,2013-04-25,2013-04-25,True,0.0087663812877857,0.7053571428571428,2013-04-26,46.25,44.77000045776367,-0.03199999010240706,-0.0005684098834701778,-0.03143158021893688,ok_market_adjusted
118,HEJFE-FBFFFD99898188CF,85863,COLM,2015-02-12,2015-02-12,2015-02-12,True,0.0057439204330963,0.7756653992395437,2015-02-13,49.29999923706055,51.5,0.04462476261633763,0.003395950783017465,0.04122881183332017,ok_market_adjusted
119,HEJFE-0BCEF81B6C0111FB,85863,COLM,2015-04-30,2015-04-30,2015-04-30,True,0.0255419553675103,0.6160714285714286,2015-05-01,61.09000015258789,58.15999984741211,-0.0479620281201073,0.006303760089273469,-0.05426578820938077,ok_market_adjusted
120,HEJFE-F170013A9B3F85E2,86949,SKX,2015-04-22,2015-04-22,2015-04-22,True,0.0017704781052392,0.6807692307692308,,,,,,,missing_stock_history
121,HEJFE-D7FD00AF94DD8F41,86979,JNPR,2011-04-19,2011-04-19,2011-04-19,True,0.0014392659950066,0.5728155339805825,,,,,,,missing_stock_history
122,HEJFE-2558DC6865781793,86979,JNPR,2013-04-23,2013-04-23,2013-04-23,True,0.0164474326002156,0.589041095890411,,,,,,,missing_stock_history
123,HEJFE-E61095F8DC4132DE,86979,JNPR,2013-07-23,2013-07-23,2013-07-23,True,,,,,,,,,missing_stock_history
124,HEJFE-F20ECC0C09BBC89E,86979,JNPR,2013-10-22,2013-10-22,2013-10-22,True,0.0145193338777142,0.5238095238095238,,,,,,,missing_stock_history
125,HEJFE-06AE65B9C8FB0395,87000,STMP,2013-04-24,2013-04-24,2013-04-24,True,,,,,,,,,missing_stock_history
126,HEJFE-2C887DA6F617936F,87092,TIBX,2013-09-19,2013-09-19,2013-09-19,True,-0.0022282438975666,0.1999999999999999,,,,,,,missing_stock_history
127,HEJFE-E575622C8FDAB71F,87612,ISIL,2013-04-24,2013-04-24,2013-04-24,True,0.0138122054276298,0.4576923076923077,,,,,,,missing_stock_history
128,HEJFE-198DE6D99E934F32,87657,EW,2011-04-20,2011-04-20,2011-04-20,True,0.0146937747655657,0.5321888412017167,2011-04-21,14.583333015441895,13.893333435058594,-0.04731425797193822,-7.470294743616712e-05,-0.047239555024502056,ok_market_adjusted
129,HEJFE-ED329F780A1085DA,87657,EW,2013-04-23,2013-04-23,2013-04-23,True,-0.0067513723528088,0.45662100456621,2013-04-24,11.091667175292969,10.766667366027832,-0.02930125869527389,0.0003168158853050773,-0.029618074580578968,ok_market_adjusted
130,HEJFE-BFE8A42E0C19BA39,88203,VDSI,2011-10-26,2011-10-27,2011-10-27,True,,,,,,,,,missing_stock_history
131,HEJFE-947F50EBAFBA54DC,88281,CRL,2015-02-10,2015-02-10,2015-02-10,True,0.0021373831035361,0.5593220338983051,2015-02-11,72.25,73.13999938964844,0.012318330652573595,0.001548773362781919,0.010769557289791676,ok_market_adjusted
132,HEJFE-4FB44934BC5C5221,88335,DNDN,2011-08-03,2011-08-03,2011-08-03,True,-0.0325529319298565,0.7672131147540984,,,,,,,missing_stock_history
133,HEJFE-8A11E54A9679E09D,88446,ILMN,2015-01-27,2015-01-27,2015-01-27,True,0.0001708444393288,0.5862068965517242,2015-01-28,203.05447387695312,192.47080993652344,-0.05212228885359682,-0.019738447447906426,-0.032383841405690394,ok_market_adjusted
134,HEJFE-45559DD90D876D39,88446,ILMN,2015-04-21,2015-04-21,2015-04-21,True,0.0025618249941555,0.6116504854368932,2015-04-22,193.36575317382812,184.8638153076172,-0.04396816771668988,0.002952289853787704,-0.04692045757047758,ok_market_adjusted
135,HEJFE-3046057647A0FC5C,88504,BRKR,2015-05-06,2015-05-06,2015-05-06,True,-0.0091505595063438,0.5929824561403509,2015-05-07,20.229999542236328,21.229999542236328,0.04943153843934556,0.0045690503876893995,0.04486248805165616,ok_market_adjusted
136,HEJFE-1E37362063697486,88853,FLR,2015-02-17,2015-02-18,2015-02-18,True,-0.0230356207935726,0.5299145299145299,2015-02-19,58.25,59.439998626708984,0.020429160973544747,0.0027218951122764956,0.01770726586126825,ok_market_adjusted
137,HEJFE-830337A8564B826E,88860,ALGN,2013-10-17,2013-10-17,2013-10-17,True,0.0034940655365114,0.6413502109704641,2013-10-18,53.20000076293945,57.97999954223633,0.08984959982607266,0.0030484227391940344,0.08680117708687862,ok_market_adjusted
138,HEJFE-D6AE4ACB99958A73,88949,SGEN,2015-04-30,2015-04-30,2015-04-30,True,0.0030612482445684,0.6442307692307692,,,,,,,missing_stock_history
139,HEJFE-791693865584F9CB,89014,COL,2015-04-22,2015-04-23,2015-04-23,True,0.0048890871891455,0.3991416309012875,,,,,,,missing_stock_history
140,HEJFE-74011A906BCCABE9,89204,AGP,2011-10-27,2011-10-28,2011-10-28,True,0.0042181204099896,0.6366782006920415,,,,,,,missing_stock_history
141,HEJFE-A3C5C43F6AC75C44,89258,PRU,2015-05-06,2015-05-06,2015-05-06,True,-0.0081590291240078,0.48,2015-05-07,85.0,85.16999816894531,0.0019999784581801183,0.0045690503876893995,-0.002569071929509281,ok_market_adjusted
142,HEJFE-753716A61B8622B0,89301,GME,2015-03-26,2015-03-26,2015-03-26,True,-0.008036491722771,0.585820895522388,2015-03-27,9.417499542236328,9.59000015258789,0.018317028801320134,0.0029737268845679843,0.01534330191675215,ok_market_adjusted
143,HEJFE-238D29A9B584466D,89900,SNX,2015-03-31,2015-03-31,2015-03-31,True,-0.004761973781046,0.4137931034482759,2015-04-01,37.029998779296875,36.30500030517578,-0.019578679395648058,-0.003343197070821091,-0.016235482324826966,ok_market_adjusted
144,HEJFE-BB62E8864F35DCD0,89901,WLL,2015-02-25,2015-02-25,2015-02-25,True,-0.0013141069354205,0.5886524822695036,,,,,,,missing_stock_history
145,HEJFE-5408AADD0CBD54E8,89952,CMP,2015-04-27,2015-04-27,2015-04-27,True,0.0003699009276187,0.6026785714285714,2015-04-28,88.66999816894531,91.6500015258789,0.03360779765953881,0.003321613979292204,0.030286183680246603,ok_market_adjusted
146,HEJFE-3A94836BBC9F224A,89971,TPX,2011-07-26,2011-07-26,2011-07-26,True,0.018912496223814,0.5423728813559322,,,,,,,missing_stock_history
147,HEJFE-22BF36BABB9D19D7,90178,ALNY,2015-02-12,2015-02-12,2015-02-12,True,-0.0210732643189164,0.6476868327402135,2015-02-13,96.0,95.54000091552734,-0.004791657129923466,0.003395950783017465,-0.00818760791294093,ok_market_adjusted
148,HEJFE-E28050410A1480C6,90352,DYN,2015-05-06,2015-05-06,2015-05-06,True,-0.0045078520516914,0.6332046332046333,,,,,,,missing_stock_history
149,HEJFE-0704950C71CFAFB4,90427,TXRH,2015-02-23,2015-02-23,2015-02-23,True,-0.0009840204172861,0.5092592592592593,2015-02-24,38.38999938964844,37.65999984741211,-0.0190153569638547,0.0032682950803557542,-0.022283652044210456,ok_market_adjusted
150,HEJFE-93A7D27EF425EDF0,90507,MIC,2015-02-18,2015-02-18,2015-02-18,True,0.0072718548853131,0.7067669172932332,,,,,,,missing_stock_history
151,HEJFE-C926C41F03E66E82,90657,PAY,2014-12-15,2014-12-15,2014-12-15,True,0.0100396536762838,0.5697674418604651,,,,,,,missing_stock_history
152,HEJFE-873A37657E58A8CD,90657,PAY,2015-03-10,2015-03-10,2015-03-10,True,0.0048661505884307,0.5335968379446641,,,,,,,missing_stock_history
153,HEJFE-99F31DB35F001A44,90664,DXCM,2015-02-25,2015-02-25,2015-02-25,True,0.0043267338498761,,2015-02-26,15.835000038146973,15.489999771118164,-0.02178719710752719,-0.0006618730466179112,-0.02112532406090928,ok_market_adjusted
154,HEJFE-CFA461ED8BCCB889,90756,OSK,2015-04-27,2015-04-28,2015-04-28,True,-7.421615888405543e-05,0.5186721991701244,2015-04-29,51.5,54.2599983215332,0.053592200418120406,0.0009507639476808993,0.05264143647043951,ok_market_adjusted
155,HEJFE-826F68D9DA88B37C,90856,ATRC,2015-02-23,2015-02-23,2015-02-23,True,0.0070651631354855,0.5087719298245614,2015-02-24,18.670000076293945,17.690000534057617,-0.05249060194063271,0.0032682950803557542,-0.05575889702098846,ok_market_adjusted
156,HEJFE-5ED55A2EAC950921,90880,AMP,2015-04-22,2015-04-22,2015-04-22,True,0.0027942009537145,0.3703703703703703,2015-04-23,127.26000213623047,127.16999816894531,-0.0007072447412723726,0.004806137496832452,-0.005513382238104825,ok_market_adjusted
157,HEJFE-4D7E68AD113380B3,91032,TRAK,2015-02-23,2015-02-23,2015-02-23,True,0.0090689937760365,0.521505376344086,2015-02-24,13.039999961853027,12.930000305175781,-0.008435556518331055,0.0032682950803557542,-0.01170385159868681,ok_market_adjusted
158,HEJFE-3ADF019D07BA84CE,91416,HBI,2015-01-29,2015-01-29,2015-01-29,True,0.0012468553991637,0.5042372881355932,,,,,,,missing_stock_history
159,HEJFE-20EC97300E6205B9,91432,INWK,2015-02-12,2015-02-12,2015-02-12,True,-0.0011843565466618,0.7017543859649122,,,,,,,missing_stock_history
160,HEJFE-E4D3EE1A6CB984DB,91498,EHTH,2011-04-26,2011-04-26,2011-04-26,True,0.0039978869280533,0.4575163398692811,2011-04-27,13.640000343322754,13.25,-0.02859239981717976,0.004590856002793853,-0.03318325581997361,ok_market_adjusted
161,HEJFE-9527526FED86FA7D,91498,EHTH,2013-04-25,2013-04-25,2013-04-25,True,0.0069741693182329,0.392,2013-04-26,21.0,21.0,0.0,-0.0005684098834701778,0.0005684098834701778,ok_market_adjusted
162,HEJFE-749FFC4028DF7B1C,92257,VMW,2011-04-19,2011-04-19,2011-04-19,True,0.0010124345496475,0.6160337552742616,,,,,,,missing_stock_history
163,HEJFE-3BBEC23702C1A375,92257,VMW,2013-07-23,2013-07-23,2013-07-23,True,0.0062026923344698,0.6363636363636364,,,,,,,missing_stock_history
164,HEJFE-350B3481A9CBBF0E,92257,VMW,2013-10-21,2013-10-21,2013-10-21,True,0.004973179936256,0.6130268199233717,,,,,,,missing_stock_history
165,HEJFE-09EF6AD227D3AC5D,92924,DGI,2012-07-31,2012-07-31,2012-07-31,True,0.0293848634343115,0.6288659793814433,,,,,,,missing_stock_history
166,HEJFE-A5AE76F13A48C40F,92924,DGI,2013-05-07,2013-05-07,2013-05-07,True,-0.0022166879705992,0.6228956228956228,,,,,,,missing_stock_history
167,HEJFE-A76C746507C0D9AF,92924,DGI,2015-02-26,2015-02-26,2015-02-26,True,-0.002004781329783,0.6116838487972509,,,,,,,missing_stock_history
168,HEJFE-C368B17FADFC15C7,93079,ECHO,2013-04-25,2013-04-25,2013-04-25,True,-0.0032933100997298,0.4674556213017751,2013-04-26,31.612642288208008,31.70988655090332,0.0030761194147819193,-0.0005684098834701778,0.003644529298252097,ok_market_adjusted
169,HEJFE-B04F1AF8B6E30A43,93095,CLD,2015-02-17,2015-02-17,2015-02-17,True,-0.0004464948175661,0.3581560283687943,,,,,,,missing_stock_history
170,HEJFE-DB1E964E02F5921F,93095,CLD,2015-04-30,2015-04-30,2015-04-30,True,0.0041739272380768,0.5679442508710801,,,,,,,missing_stock_history
171,HEJFE-5D222F0F8E0C77D0,93223,TW,2015-05-04,2015-05-05,2015-05-05,True,0.0120673558160735,0.4742268041237113,,,,,,,missing_stock_history
172,HEJFE-E342F6A93B35E012,93246,GNRC,2015-02-10,2015-02-11,2015-02-11,True,0.0109268565943126,0.5307017543859649,2015-02-12,49.33000183105469,49.599998474121094,0.0054732745397230165,0.004954537410750248,0.0005187371289727682,ok_market_adjusted
173,HEJFE-DC002D2C6C767277,93323,MUSA,2011-10-20,2011-10-20,2011-10-20,True,0.0020428213901544,0.5140562248995983,,,,,,,next_session_gap_too_large
174,HEJFE-51F3066EAC9B8138,93323,MUSA,2012-01-26,2012-01-26,2012-01-26,True,0.0115755313028471,0.5283018867924528,,,,,,,next_session_gap_too_large
