word,coef
disappoint,-0.027960599263064642
delay,-0.006116077945484885
howev,-0.0049829772329355055
challeng,-0.00446253367598058
slower,-0.00319967229783359
confid,-0.002904894878252143
weak,-0.002800961200183686
revis,-0.002689657286440011
transit,-0.0024451357266927457
term,-0.0024450814687070432
commerc,-0.0023510811146385466
slow,-0.0022080571666325145
soft,-0.0018325361596886274
larg,-0.0018079095069229766
believ,-0.0017371200381688687
recent,-0.0016537402344033716
pressur,-0.0016427383005950885
caus,-0.0016349519388425913
lower,-0.0016118338191339649
updat,-0.0014842997399857577
launch,-0.0014589882820999485
rent,-0.001345956585539034
near,-0.0013453380981024907
neg,-0.0013291589750690756
channel,-0.0013270938845611655
field,-0.0013112958167204789
take,-0.0013062139321454174
declin,-0.0012843789552525913
address,-0.0012436242125324166
anticip,-0.0012320546068969175
memori,-0.0011801448316657772
august,-0.0011653782315604812
integr,-0.0011358313237630078
advers,-0.0011092867105064947
implement,-0.0011058034007568043
unfavor,-0.001049092167922398
go,-0.0010293718322216601
weaker,-0.0010195109476246406
engag,-0.001017173741509844
remain,-0.0010145251084569204
na,-0.0009650548040131386
introduc,-0.0009615901049513109
headwind,-0.0009404655456193595
back,-0.000933996125070269
toward,-0.0009298626556129663
less,-0.0009135804996838375
locat,-0.0009022853927287313
video,-0.0008865697722266893
deal,-0.0008708737041568586
california,-0.0008655624543813017
late,-0.000844751971052714
sever,-0.000838760639144773
paid,-0.0008374826242664838
led,-0.0008373203741548927
softwar,-0.0008333622394025429
box,-0.0007886068639615323
trust,-0.0007863274117110152
claim,-0.0007742122188258785
resourc,-0.0007442180658792559
open,-0.000706375001315592
come,-0.0006812821623861311
pre,-0.000678543103134134
flat,-0.0006781509819221344
mobil,-0.0006228410422136895
make,-0.0006222183342130661
consum,-0.0006170224065041932
requir,-0.0006147578028928679
light,-0.000613275473640508
contract,-0.0006120229197645103
pt,-0.0006045958274237822
enterpris,-0.0005998904548555612
inform,-0.0005788747315575435
reduc,-0.0005778670428918574
season,-0.0005761995186379179
convers,-0.0005644463390926006
date,-0.0005643993044762513
pm,-0.00056420460957978
import,-0.0005531106600671275
inventori,-0.000551861857472061
associ,-0.0005388731084863554
chang,-0.0005312012741153957
holiday,-0.0005233864723645901
plan,-0.0005061832057331011
spend,-0.0004904251159480276
within,-0.0004748082887773907
weather,-0.00047192269448394295
initi,-0.000452759594354787
settlement,-0.00044932608885895595
hold,-0.00044841869967702515
financ,-0.0004445141557728615
transform,-0.00044009036394590425
capit,-0.00043947399718202067
action,-0.0004394606262522613
instrument,-0.00043619553606660024
target,-0.00043052023574219155
see,-0.00043000922762041386
impair,-0.00042887300759576746
compens,-0.00042639816080068985
detail,-0.0004134543830047242
core,-0.0004112412310642897
subscrib,-0.0004083068165541011
silicon,-0.00039823005298599766
solut,-0.00039044787720271404
digit,-0.00038295742473457055
compon,-0.000380725564786958
foreign,-0.0003786386091276074
custom,-0.0003766748179092528
acquisit,-0.0003761680043564623
advanc,-0.0003729922176212525
origin,-0.00036970059276720515
process,-0.0003637771384098028
fresh,-0.00036067501206982325
develop,-0.0003592417892232201
accessori,-0.00035876019747664264
normal,-0.0003566187264129234
increment,-0.0003552074204074608
overal,-0.00035037292534960364
ethernet,-0.0003418052456442772
reserv,-0.0003382755623126864
repurchas,-0.0003336227326552194
number,-0.00033346423075173787
medic,-0.0003327879149533853
experienc,-0.0003305790313683398
leadership,-0.00032950299426367244
annual,-0.0003194447167746017
affect,-0.00031306835027606955
project,-0.00030110420045232326
june,-0.0002950417849975498
full,-0.0002947244083887951
note,-0.00028885606134262964
account,-0.0002888406532800411
equival,-0.0002875684890381325
recur,-0.00028542564589646285
wireless,-0.0002789172249233566
page,-0.0002650115502388699
comprehens,-0.0002580925621846158
acquir,-0.0002497175122725238
week,-0.00023418119564090872
retail,-0.00023084949454902414
facil,-0.00022859347656284967
brand,-0.00022840924865119954
uniqu,-0.00022716209500689164
billion,-0.00022441445989787468
senior,-0.00022148771068911298
commerci,-0.00021464728805546289
mill,-0.0002056641551974038
energi,-0.00020353463560733083
investig,-0.000203179278297001
bp,-0.00020097522837792906
construct,-0.00020069562898554345
technolog,-0.00019657329621591965
reposit,-0.00019586409880630162
system,-0.00019301611933407586
establish,-0.00018474147495808847
data,-0.00018031968303462354
categori,-0.00017368220681896073
line,-0.00016994539323953565
princip,-0.00016917308499957493
despit,-0.00016618277596745093
twelv,-0.00016064202269027654
deriv,-0.000160211353712334
stockhold,-0.0001572685711201122
march,-0.0001568882325844568
rang,-0.00015631568818288998
manag,-0.0001552828445819825
media,-0.00015348017583626704
strengthen,-0.00015264508029965316
avail,-0.00015190720477239615
directli,-0.00014892138964015228
insur,-0.00014888023498291423
constant,-0.00014512851496576587
specialti,-0.00014422492145981918
measur,-0.00014373995912348554
support,-0.00014364978857908263
averag,-0.00014159339743757552
price,-0.00014105931358730957
care,-0.00014004228032935188
novemb,-0.00013748393256845685
consolid,-0.0001330105263386415
versu,-0.0001312504020743332
et,-0.00012577202044323295
focus,-0.00012576109041424107
solar,-0.00012475681007176123
reorgan,-0.0001243225681367026
yield,-0.00012265451977645138
although,-0.00011472030266535652
comput,-0.00010728841566239398
charg,-9.953821190499263e-05
direct,-9.716621594447084e-05
excess,-9.571646300077982e-05
incur,-9.067716968929903e-05
advertis,-8.761756402766227e-05
opportun,-7.968366136897185e-05
individu,-6.980332504474628e-05
mm,-6.747779867073468e-05
platform,-6.488601860497729e-05
trend,-6.349460483357439e-05
river,-6.136921117593831e-05
delinqu,-5.314985105333569e-05
calcul,-4.943761410509326e-05
webcast,-4.708161413312422e-05
respect,-4.563449364878453e-05
order,-4.557644447531372e-05
director,-4.520670942473511e-05
north,-4.293282990159879e-05
payment,-4.098446367342046e-05
estim,-3.685275634365713e-05
lead,-3.627407437682898e-05
nine,-3.381200545961379e-05
equiti,-3.177187031242929e-05
shift,-2.9593158837138232e-05
dividend,-2.8104223755095433e-05
shale,-2.6595031142722863e-05
st,-2.1218357483225628e-05
fiscal,-1.6650543113154085e-05
competit,-1.3653134855524201e-05
applic,-1.2135405805093472e-05
registr,-9.11038066663223e-06
schedul,-6.554447421219514e-06
summer,-6.036256464248496e-06
ago,-5.756988921075157e-06
abandon,-0.0
abl,0.0
absenc,0.0
absorb,-0.0
absorpt,-0.0
acceler,-0.0
accept,0.0
access,0.0
accid,0.0
accompani,0.0
accomplish,-0.0
accord,0.0
accordingli,-0.0
accret,0.0
accru,0.0
accrual,0.0
accumul,0.0
acr,0.0
acreag,-0.0
act,0.0
actual,0.0
acut,0.0
ad,-0.0
adam,-0.0
adapt,-0.0
add,0.0
adequ,-0.0
adjac,-0.0
administr,0.0
admiss,0.0
adopt,-0.0
adult,0.0
advis,0.0
advisor,0.0
advisori,-0.0
aerospac,-0.0
aex,0.0
affair,0.0
affili,-0.0
affirm,0.0
afford,-0.0
aforement,-0.0
africa,-0.0
aftermarket,-0.0
age,0.0
agenc,-0.0
agent,-0.0
aggreg,-0.0
aggress,-0.0
agre,0.0
agricultur,-0.0
ahead,-0.0
aim,0.0
air,0.0
al,-0.0
alabama,-0.0
alan,0.0
align,-0.0
allen,0.0
allianc,0.0
alloc,0.0
almost,0.0
alon,0.0
along,0.0
alreadi,-0.0
altern,-0.0
aluminum,-0.0
alway,0.0
amend,0.0
american,-0.0
amex,0.0
ami,0.0
among,0.0
amort,-0.0
amount,0.0
analog,0.0
analysi,0.0
analyst,0.0
analyt,-0.0
analyz,-0.0
ancillari,0.0
anderson,-0.0
andor,0.0
andrew,0.0
angel,0.0
anim,0.0
anniversari,0.0
annuiti,-0.0
anoth,0.0
answer,0.0
anti,0.0
antonio,-0.0
app,0.0
apparel,0.0
appeal,0.0
appear,0.0
appendix,0.0
appli,0.0
applianc,-0.0
appoint,-0.0
appreci,0.0
approach,0.0
appropri,-0.0
architectur,-0.0
archiv,0.0
area,-0.0
aris,0.0
ariz,-0.0
arizona,0.0
arm,0.0
around,-0.0
arpu,-0.0
arrang,-0.0
array,0.0
art,0.0
asia,0.0
asian,0.0
ask,-0.0
aspect,0.0
assembl,0.0
assess,0.0
assist,-0.0
assort,-0.0
assum,0.0
assumpt,0.0
assur,0.0
atlant,-0.0
atlanta,0.0
attain,0.0
attend,0.0
attent,-0.0
attract,0.0
attribut,-0.0
auction,-0.0
audienc,-0.0
audio,0.0
audit,-0.0
aug,-0.0
aum,-0.0
austin,0.0
australia,-0.0
australian,-0.0
author,-0.0
auto,0.0
autom,0.0
automot,0.0
avenu,-0.0
aviat,-0.0
awar,0.0
award,-0.0
away,-0.0
bad,-0.0
bakken,0.0
bancorp,0.0
bancshar,0.0
banker,0.0
bankruptci,-0.0
bar,0.0
bargain,0.0
barrel,0.0
basin,-0.0
bay,0.0
bcf,-0.0
bcfe,-0.0
beach,0.0
bear,-0.0
beauti,-0.0
becam,-0.0
becom,0.0
began,0.0
begin,-0.0
begun,0.0
behalf,-0.0
behavior,-0.0
behind,-0.0
belief,0.0
benchmark,-0.0
beverag,-0.0
beyond,0.0
bid,-0.0
big,0.0
bill,-0.0
biolog,0.0
biopharmaceut,-0.0
biotechnolog,-0.0
black,0.0
blend,-0.0
blind,0.0
block,0.0
blood,-0.0
blue,-0.0
blvd,0.0
board,-0.0
bob,0.0
bodi,0.0
boe,-0.0
bolster,-0.0
bond,-0.0
bonu,-0.0
book,-0.0
boost,0.0
boston,-0.0
bottom,0.0
boulevard,0.0
branch,-0.0
brazil,-0.0
brazilian,-0.0
breadth,-0.0
break,0.0
breakeven,0.0
breakthrough,-0.0
breast,0.0
brian,0.0
bridg,-0.0
bring,-0.0
broad,0.0
broadband,-0.0
broadcast,-0.0
broaden,-0.0
broader,-0.0
broker,0.0
brokerag,0.0
brook,-0.0
brought,0.0
brown,0.0
bruce,0.0
budget,-0.0
built,-0.0
bulk,-0.0
buy,-0.0
buyback,0.0
buyer,-0.0
ca,-0.0
cabl,-0.0
calendar,0.0
calif,-0.0
call,0.0
caller,0.0
cambridg,-0.0
came,-0.0
campaign,-0.0
canada,-0.0
canadian,0.0
cancel,0.0
cancer,-0.0
candid,0.0
cannot,-0.0
capabl,0.0
capac,-0.0
captur,-0.0
car,-0.0
carbon,0.0
card,0.0
cargo,0.0
carolina,-0.0
carri,-0.0
carrier,0.0
case,0.0
casino,0.0
cast,0.0
casual,-0.0
casualti,-0.0
catalyst,0.0
catastroph,-0.0
caution,-0.0
cautionari,-0.0
cautiou,-0.0
cautious,0.0
cell,-0.0
cellular,0.0
cent,0.0
center,-0.0
central,-0.0
centric,0.0
ceo,-0.0
certain,0.0
certif,-0.0
cfa,0.0
cfo,-0.0
chain,-0.0
chairman,0.0
character,0.0
charl,0.0
charlott,0.0
chart,-0.0
charter,0.0
check,0.0
chemic,-0.0
chicago,-0.0
children,-0.0
chines,-0.0
chip,-0.0
choic,0.0
choos,-0.0
chri,0.0
christoph,0.0
chronic,0.0
churn,-0.0
ci,-0.0
cincinnati,0.0
circuit,0.0
circumst,0.0
citi,0.0
clara,0.0
clark,0.0
class,0.0
classifi,-0.0
clean,-0.0
clear,0.0
clearanc,-0.0
clearli,-0.0
cleveland,-0.0
click,-0.0
client,-0.0
climat,0.0
climb,0.0
clinic,-0.0
close,-0.0
closur,0.0
cloud,0.0
club,0.0
cm,-0.0
co,-0.0
coal,-0.0
coast,0.0
coat,0.0
code,-0.0
cold,0.0
collabor,-0.0
collater,0.0
colleg,-0.0
colo,-0.0
colorado,-0.0
columbia,0.0
columbu,0.0
comfort,0.0
commenc,0.0
comment,0.0
commentari,0.0
commit,-0.0
committe,-0.0
commod,0.0
common,0.0
comp,0.0
comparison,0.0
compel,-0.0
compet,-0.0
competitor,-0.0
complement,-0.0
complementari,0.0
complet,-0.0
complex,0.0
complianc,-0.0
composit,0.0
compound,0.0
compress,-0.0
compris,0.0
concentr,0.0
concept,-0.0
concern,-0.0
conclus,-0.0
concurr,-0.0
condens,0.0
conduct,-0.0
confer,0.0
confirm,-0.0
conform,0.0
conjunct,0.0
conn,0.0
connect,0.0
connecticut,-0.0
consequ,-0.0
conserv,-0.0
consid,-0.0
consider,0.0
consist,0.0
constitut,0.0
constrain,-0.0
constraint,-0.0
consult,0.0
consumpt,-0.0
content,0.0
conting,-0.0
contractor,0.0
contractu,0.0
contributor,0.0
conveni,0.0
convent,0.0
converg,0.0
cooper,0.0
copi,0.0
copper,0.0
corn,-0.0
corp,0.0
correct,-0.0
correspond,0.0
could,0.0
count,-0.0
counti,0.0
countri,0.0
coupl,0.0
cours,-0.0
court,-0.0
coven,0.0
cover,0.0
coverag,-0.0
craig,-0.0
creation,0.0
creativ,0.0
creek,-0.0
crisi,0.0
critic,-0.0
crop,-0.0
cross,-0.0
crude,-0.0
ct,-0.0
cubic,-0.0
cultur,-0.0
cumul,0.0
currenc,0.0
curtail,-0.0
customari,0.0
cut,0.0
cycl,-0.0
cyclic,-0.0
daili,0.0
dakota,0.0
dalla,-0.0
damag,-0.0
dan,0.0
daniel,0.0
dave,-0.0
davi,-0.0
daylight,-0.0
dc,-0.0
de,-0.0
dealer,0.0
dec,-0.0
decad,0.0
decid,-0.0
decis,0.0
declar,-0.0
dedic,-0.0
deduct,-0.0
deem,0.0
deep,-0.0
deepen,0.0
deepwat,-0.0
defens,-0.0
defer,0.0
deferr,-0.0
defin,-0.0
definit,0.0
degre,-0.0
delawar,-0.0
deleverag,0.0
delight,0.0
deliveri,0.0
denni,-0.0
denomin,0.0
denver,0.0
depart,-0.0
depend,0.0
deplet,-0.0
deploy,0.0
deposit,0.0
depress,-0.0
depth,-0.0
describ,-0.0
descript,-0.0
design,-0.0
desir,-0.0
destin,-0.0
detect,-0.0
deterior,-0.0
determin,0.0
devic,-0.0
diabet,0.0
diagnost,0.0
dial,0.0
diego,-0.0
diesel,0.0
differ,0.0
differenti,-0.0
difficult,-0.0
difficulti,0.0
dilig,-0.0
disciplin,0.0
disclos,0.0
disclosur,-0.0
discontinu,-0.0
discount,-0.0
discov,-0.0
discoveri,-0.0
discret,-0.0
discretionari,0.0
discuss,-0.0
diseas,-0.0
disord,0.0
display,-0.0
dispos,-0.0
disposit,-0.0
disput,-0.0
disrupt,-0.0
distinct,0.0
distributor,0.0
district,-0.0
divers,-0.0
diversif,-0.0
diversifi,0.0
divest,-0.0
divestitur,0.0
divid,0.0
divis,-0.0
document,0.0
dollar,0.0
domest,0.0
done,0.0
dose,0.0
doug,0.0
dougla,-0.0
down,0.0
download,-0.0
downtim,-0.0
downturn,0.0
downward,-0.0
dr,0.0
dramat,0.0
dri,-0.0
drill,0.0
driver,0.0
drop,0.0
drove,0.0
drug,0.0
dual,0.0
durat,-0.0
duti,-0.0
dynam,-0.0
eagl,0.0
earli,-0.0
earlier,0.0
easi,0.0
east,-0.0
ebit,0.0
ebitdax,-0.0
ecommerc,-0.0
econom,0.0
economi,0.0
ed,0.0
edg,-0.0
edt,0.0
educ,-0.0
edward,-0.0
efficaci,-0.0
effici,0.0
eight,0.0
eighth,0.0
either,-0.0
el,-0.0
elect,0.0
electron,-0.0
element,-0.0
elev,-0.0
elig,0.0
elimin,0.0
email,0.0
embed,-0.0
emea,-0.0
emerg,0.0
emiss,-0.0
emphas,-0.0
emphasi,0.0
employ,-0.0
employe,0.0
enabl,-0.0
enact,0.0
endpoint,0.0
engin,-0.0
england,-0.0
enjoy,-0.0
ensur,-0.0
entertain,-0.0
enthusiast,0.0
entir,0.0
entiti,-0.0
entitl,0.0
entri,-0.0
environ,-0.0
environment,-0.0
equal,0.0
equat,0.0
er,-0.0
eric,-0.0
erp,0.0
especi,0.0
essenti,-0.0
est,-0.0
euro,-0.0
europ,-0.0
european,-0.0
evalu,-0.0
even,0.0
ever,0.0
everi,0.0
evid,0.0
evidenc,-0.0
evolut,-0.0
evolv,-0.0
evp,-0.0
exampl,-0.0
except,0.0
exchang,-0.0
excit,-0.0
exclus,-0.0
exercis,-0.0
exh,0.0
exhibit,-0.0
exit,0.0
expenditur,-0.0
experi,-0.0
expert,-0.0
expertis,-0.0
expir,0.0
explain,-0.0
explan,0.0
explor,-0.0
export,-0.0
exposur,-0.0
express,0.0
ext,0.0
extend,0.0
extens,-0.0
extent,-0.0
extern,-0.0
extinguish,-0.0
extra,0.0
extraordinari,-0.0
exvw,0.0
fabric,0.0
face,-0.0
facilit,-0.0
fact,-0.0
factor,0.0
factori,-0.0
failur,0.0
fair,-0.0
fall,0.0
famili,-0.0
far,0.0
farm,0.0
fashion,-0.0
fast,-0.0
faster,-0.0
fastest,-0.0
fax,0.0
fda,0.0
fdic,0.0
featur,-0.0
feb,-0.0
feedback,-0.0
feel,0.0
feet,-0.0
fell,-0.0
fewer,0.0
fiber,0.0
fifth,0.0
figur,0.0
file,0.0
fill,0.0
film,-0.0
final,0.0
find,0.0
fine,0.0
finish,0.0
fire,0.0
firm,0.0
firstcal,0.0
fit,-0.0
five,0.0
fix,0.0
fl,0.0
fla,-0.0
flagship,-0.0
flexibl,0.0
flood,-0.0
floor,-0.0
florida,0.0
fluctuat,0.0
fluid,0.0
focu,0.0
follow,-0.0
food,0.0
foodservic,0.0
footnot,-0.0
footprint,0.0
footwear,-0.0
forc,-0.0
ford,0.0
forecast,0.0
foreclos,0.0
forese,0.0
forest,0.0
format,0.0
former,-0.0
formerli,-0.0
formul,0.0
fort,0.0
forth,0.0
fortun,-0.0
forward,-0.0
foster,0.0
found,0.0
foundat,-0.0
founder,-0.0
four,-0.0
franc,-0.0
franchis,-0.0
franchise,0.0
francisco,0.0
frank,0.0
franklin,0.0
frequenc,0.0
friday,0.0
front,0.0
fulfil,-0.0
fulli,-0.0
function,-0.0
fund,-0.0
fundament,0.0
furthermor,-0.0
futur,0.0
fx,-0.0
fy,0.0
ga,-0.0
gallon,-0.0
game,-0.0
garden,-0.0
gari,0.0
gather,0.0
genet,0.0
geograph,0.0
geographi,0.0
georg,0.0
georgia,-0.0
germani,-0.0
get,0.0
gift,0.0
give,0.0
given,-0.0
globe,0.0
goal,-0.0
gold,-0.0
good,0.0
goodwil,-0.0
govern,-0.0
grade,0.0
gradual,-0.0
grant,-0.0
graphic,-0.0
gratifi,0.0
great,-0.0
greater,0.0
greatli,-0.0
green,-0.0
greg,0.0
gregori,-0.0
grid,0.0
groceri,-0.0
ground,0.0
grown,-0.0
gs,0.0
guarante,0.0
guest,0.0
guid,0.0
guidanc,0.0
gulf,0.0
half,-0.0
hand,-0.0
handl,-0.0
harbor,0.0
hard,-0.0
hardwar,0.0
harri,0.0
head,-0.0
headcount,-0.0
headquart,-0.0
health,-0.0
healthcar,-0.0
healthi,0.0
hear,-0.0
heart,0.0
heat,0.0
heavi,-0.0
heavili,-0.0
hedg,-0.0
heighten,-0.0
held,-0.0
help,-0.0
henri,0.0
herein,0.0
heritag,-0.0
highli,-0.0
highway,-0.0
hill,-0.0
hire,-0.0
histor,-0.0
histori,0.0
hit,0.0
holder,-0.0
homebuild,0.0
hope,0.0
horizon,-0.0
horizont,-0.0
hospit,0.0
host,0.0
hotel,0.0
hour,0.0
hous,0.0
household,-0.0
houston,-0.0
human,0.0
hurrican,-0.0
hybrid,-0.0
ic,0.0
id,0.0
ident,0.0
identif,-0.0
identifi,0.0
idl,-0.0
ii,-0.0
iii,0.0
il,0.0
ill,0.0
illinoi,0.0
illustr,0.0
im,-0.0
imag,-0.0
immedi,0.0
implant,-0.0
impli,-0.0
importantli,0.0
impress,0.0
incent,0.0
incept,-0.0
incid,0.0
inclus,0.0
incorpor,0.0
increasingli,0.0
ind,-0.0
indebted,-0.0
independ,-0.0
index,-0.0
india,-0.0
indiana,0.0
indic,0.0
indirect,0.0
ineffici,-0.0
infect,0.0
inflat,0.0
inflow,0.0
influenc,-0.0
infrastructur,0.0
ingredi,0.0
inher,-0.0
inhibitor,0.0
inject,-0.0
innov,-0.0
input,0.0
inquiri,0.0
insight,0.0
inspect,-0.0
instal,-0.0
institut,-0.0
intang,-0.0
intellectu,-0.0
intellig,0.0
intend,-0.0
intens,-0.0
intent,-0.0
interact,0.0
intercompani,-0.0
interconnect,0.0
interim,-0.0
intermod,0.0
intern,0.0
internet,-0.0
introduct,-0.0
invas,0.0
invit,0.0
involv,0.0
iowa,0.0
ip,0.0
ipo,0.0
ir,0.0
irvin,-0.0
island,-0.0
isol,-0.0
issu,-0.0
issuanc,-0.0
item,-0.0
iv,0.0
jack,-0.0
jackson,0.0
jame,-0.0
jan,-0.0
japan,0.0
japanes,-0.0
jason,-0.0
jeff,0.0
jeffrey,0.0
jennif,0.0
jersey,-0.0
jet,-0.0
jim,0.0
job,0.0
joe,-0.0
john,0.0
johnson,-0.0
join,0.0
joint,-0.0
jonathan,-0.0
jone,0.0
jose,-0.0
joseph,-0.0
journal,0.0
jr,0.0
juli,0.0
jurisdict,-0.0
kansa,-0.0
karen,0.0
keep,0.0
keith,0.0
kelli,0.0
ken,-0.0
kentucki,0.0
kevin,-0.0
key,0.0
king,0.0
kingdom,-0.0
know,-0.0
knowledg,-0.0
known,-0.0
korea,0.0
ky,-0.0
la,-0.0
lab,-0.0
label,-0.0
labor,-0.0
laboratori,-0.0
lack,-0.0
lag,-0.0
lake,-0.0
land,0.0
landscap,-0.0
lane,0.0
larger,0.0
largest,-0.0
larri,0.0
laser,0.0
later,0.0
latest,0.0
latin,0.0
latter,-0.0
law,0.0
lawsuit,0.0
leader,-0.0
lean,0.0
learn,0.0
leas,0.0
least,-0.0
leav,-0.0
lee,0.0
legaci,-0.0
legal,0.0
legisl,0.0
lend,-0.0
lender,0.0
length,0.0
lesser,-0.0
letter,0.0
liabil,-0.0
license,-0.0
lifestyl,0.0
lifo,0.0
lift,-0.0
like,-0.0
limit,0.0
link,-0.0
liquid,-0.0
lisa,-0.0
list,0.0
listen,0.0
littl,-0.0
live,-0.0
llc,-0.0
lo,-0.0
load,-0.0
loan,0.0
local,0.0
log,0.0
logist,0.0
logo,-0.0
london,0.0
long,-0.0
longer,-0.0
lost,-0.0
lot,0.0
loui,0.0
louisiana,-0.0
louisvil,0.0
low,-0.0
lowest,0.0
loyalti,-0.0
lp,0.0
lte,0.0
lung,-0.0
machin,-0.0
macro,-0.0
macroeconom,-0.0
made,0.0
madison,0.0
magazin,-0.0
mail,0.0
main,-0.0
mainli,-0.0
maintain,-0.0
mainten,0.0
major,-0.0
mani,-0.0
manner,-0.0
mar,-0.0
marc,0.0
marcellu,-0.0
mari,0.0
marin,0.0
mark,0.0
markdown,-0.0
marketplac,-0.0
marketwir,-0.0
martin,-0.0
maryland,-0.0
mass,-0.0
massachusett,-0.0
match,-0.0
materi,-0.0
matt,-0.0
matter,-0.0
matthew,0.0
matur,0.0
maxim,0.0
may,-0.0
mcf,-0.0
md,0.0
mean,0.0
meaning,0.0
mechan,-0.0
medicaid,-0.0
medicar,0.0
medicin,-0.0
medium,0.0
meet,-0.0
megawatt,-0.0
member,-0.0
membership,0.0
men,-0.0
mention,-0.0
menu,-0.0
merchandis,-0.0
merchant,-0.0
merg,-0.0
merger,0.0
met,-0.0
metal,0.0
meter,-0.0
metric,0.0
mexico,-0.0
mg,0.0
mi,-0.0
miami,-0.0
mich,0.0
michael,0.0
michigan,0.0
micro,-0.0
microsoft,0.0
mid,0.0
middl,-0.0
midpoint,-0.0
midstream,0.0
midwest,-0.0
might,0.0
migrat,0.0
mike,0.0
mild,0.0
mile,0.0
mileston,0.0
militari,0.0
miller,-0.0
milwauke,0.0
mine,0.0
miner,-0.0
minim,0.0
minimum,0.0
minn,0.0
minneapoli,-0.0
minnesota,-0.0
minor,-0.0
minu,-0.0
minut,-0.0
mission,-0.0
mississippi,-0.0
missouri,0.0
mitig,-0.0
mix,0.0
mkt,0.0
mmboe,-0.0
mn,0.0
mo,-0.0
model,-0.0
moder,0.0
modern,0.0
modest,0.0
modestli,-0.0
modif,0.0
modifi,-0.0
modul,-0.0
molecular,0.0
monday,-0.0
monet,0.0
money,0.0
monitor,-0.0
monthli,-0.0
morn,-0.0
mostli,0.0
motion,-0.0
motor,0.0
mountain,0.0
move,-0.0
movement,0.0
mr,-0.0
ms,0.0
mt,-0.0
much,0.0
multi,0.0
multipl,0.0
municip,-0.0
must,0.0
mw,0.0
myer,-0.0
name,-0.0
narrow,-0.0
nasdaqg,0.0
nashvil,0.0
nationwid,-0.0
natur,0.0
navig,0.0
nc,0.0
nd,0.0
nda,0.0
nearli,-0.0
necessari,-0.0
need,-0.0
negoti,-0.0
network,0.0
neutral,-0.0
nevada,0.0
never,0.0
newer,-0.0
newest,-0.0
newli,-0.0
news,-0.0
next,0.0
ngl,0.0
nice,0.0
nj,0.0
nonaccru,0.0
noncash,-0.0
noncontrol,-0.0
noninterest,0.0
nonperform,0.0
nonrecur,-0.0
northeast,-0.0
notabl,0.0
noteworthi,-0.0
notic,0.0
nov,0.0
novel,-0.0
nuclear,0.0
numer,0.0
nurs,0.0
oak,0.0
object,0.0
oblig,-0.0
observ,-0.0
obtain,0.0
occup,0.0
occur,-0.0
ocean,0.0
oct,0.0
octob,0.0
oem,0.0
off,-0.0
offer,-0.0
offset,0.0
offshor,0.0
often,0.0
oh,0.0
ohio,0.0
oibda,-0.0
oil,0.0
oklahoma,-0.0
old,0.0
oncolog,-0.0
one,-0.0
ongo,0.0
onlin,-0.0
onshor,0.0
opportunist,-0.0
optic,0.0
optim,-0.0
optimist,-0.0
option,-0.0
oral,0.0
ore,0.0
oregon,-0.0
oreo,0.0
organiz,-0.0
orient,-0.0
other,-0.0
otherwis,0.0
outag,-0.0
outcom,0.0
outdoor,-0.0
outflow,0.0
outlet,0.0
outlin,0.0
outlook,-0.0
outpac,0.0
outperform,0.0
output,0.0
outsid,-0.0
outsourc,-0.0
outstand,0.0
overcom,0.0
overhead,0.0
overview,0.0
own,0.0
owner,0.0
pa,0.0
pace,-0.0
pacif,0.0
packag,0.0
pain,0.0
panel,-0.0
paper,-0.0
par,-0.0
parent,0.0
parkway,-0.0
part,-0.0
parti,-0.0
particip,-0.0
particular,-0.0
particularli,0.0
partli,0.0
partner,0.0
partnership,-0.0
pass,-0.0
passcod,0.0
passeng,-0.0
past,0.0
patent,-0.0
path,0.0
patient,-0.0
patrick,0.0
pattern,-0.0
paul,-0.0
pay,0.0
payabl,-0.0
payout,0.0
payrol,0.0
pc,0.0
pdt,0.0
peak,0.0
peer,-0.0
pend,0.0
penetr,0.0
pennsylvania,-0.0
pension,0.0
peopl,0.0
percent,0.0
percentag,0.0
perman,-0.0
permian,0.0
permit,0.0
persist,-0.0
person,-0.0
personnel,-0.0
perspect,-0.0
peter,-0.0
petroleum,-0.0
pharma,-0.0
pharmaceut,-0.0
pharmaci,0.0
phase,-0.0
phd,0.0
philadelphia,-0.0
phoenix,-0.0
phone,0.0
physic,0.0
physician,0.0
pick,-0.0
pictur,-0.0
pilot,-0.0
pioneer,-0.0
pipelin,-0.0
pittsburgh,0.0
pivot,-0.0
place,0.0
placebo,0.0
placement,-0.0
plain,-0.0
plant,-0.0
plastic,-0.0
play,0.0
player,0.0
plu,0.0
po,-0.0
pois,0.0
polici,0.0
polit,0.0
pool,-0.0
poor,-0.0
popul,-0.0
popular,-0.0
port,0.0
portabl,-0.0
portfolio,0.0
portion,-0.0
portland,0.0
possibl,0.0
post,0.0
potenti,0.0
pound,-0.0
powder,-0.0
pr,-0.0
practic,-0.0
preced,0.0
precis,-0.0
preclin,-0.0
predict,-0.0
predominantli,-0.0
prefer,-0.0
preliminari,0.0
premier,0.0
premium,0.0
prepaid,0.0
prepay,-0.0
prescript,0.0
presenc,0.0
present,0.0
preserv,-0.0
pretax,0.0
prevent,0.0
previou,0.0
previous,0.0
pricemix,0.0
primari,-0.0
prime,0.0
principl,-0.0
print,0.0
prioriti,0.0
privat,0.0
prnewswir,-0.0
pro,0.0
proactiv,-0.0
problem,-0.0
proce,0.0
procedur,0.0
proceed,0.0
processor,-0.0
procur,-0.0
produc,0.0
profession,-0.0
profil,-0.0
progress,-0.0
prolong,-0.0
promis,0.0
promot,-0.0
properti,-0.0
proport,-0.0
propos,0.0
proposit,0.0
prospect,-0.0
protect,0.0
protocol,0.0
proven,-0.0
provis,0.0
prudent,0.0
public,0.0
publicli,0.0
publish,0.0
puerto,-0.0
pump,0.0
purchas,0.0
pure,0.0
purpos,0.0
pursu,-0.0
pursuant,0.0
push,-0.0
put,-0.0
qtr,-0.0
qualifi,-0.0
qualiti,0.0
quantiti,-0.0
question,0.0
quickli,0.0
radio,0.0
rail,-0.0
ramp,-0.0
random,-0.0
rank,0.0
rapid,-0.0
rapidli,-0.0
rate,-0.0
rather,0.0
ration,-0.0
raw,0.0
ray,-0.0
reach,-0.0
read,-0.0
reader,-0.0
readi,0.0
reaffirm,0.0
real,0.0
realign,0.0
reason,-0.0
rebound,-0.0
rebuild,-0.0
receipt,0.0
recess,0.0
reclassifi,0.0
recogn,0.0
recognit,-0.0
recommend,0.0
reconcil,-0.0
reconcili,-0.0
recov,0.0
recoveri,-0.0
recruit,0.0
recycl,-0.0
red,0.0
redeem,0.0
redempt,0.0
reduct,0.0
refer,-0.0
referenc,0.0
refin,0.0
refinanc,-0.0
refineri,-0.0
reform,0.0
refriger,0.0
refund,0.0
regard,-0.0
region,-0.0
regist,0.0
regul,-0.0
regular,-0.0
regulatori,0.0
reimburs,-0.0
reinforc,0.0
reinstat,-0.0
reinsur,-0.0
reinvest,0.0
reiter,-0.0
relationship,0.0
releasecontact,-0.0
releasefor,0.0
relev,-0.0
reliabl,-0.0
relianc,-0.0
relief,0.0
reloc,-0.0
remaind,0.0
remark,0.0
remedi,-0.0
remodel,0.0
remov,0.0
renew,0.0
repaid,0.0
repair,0.0
repay,0.0
repeat,0.0
replac,0.0
replay,-0.0
repres,-0.0
republ,-0.0
request,0.0
research,0.0
residenti,-0.0
resili,0.0
resolut,-0.0
resolv,-0.0
reson,-0.0
resort,0.0
respond,-0.0
respons,0.0
rest,-0.0
restat,-0.0
restaur,-0.0
restor,0.0
restrict,0.0
resultsfor,-0.0
resultsnet,0.0
resultsrevenu,0.0
resum,-0.0
retain,-0.0
retent,-0.0
retir,-0.0
retroact,-0.0
return,0.0
revalu,-0.0
revers,0.0
review,-0.0
revolv,0.0
revpar,-0.0
reward,0.0
rich,0.0
richard,0.0
richmond,0.0
rick,-0.0
rico,-0.0
right,0.0
rise,0.0
risk,-0.0
road,-0.0
rob,-0.0
robert,0.0
robust,0.0
roe,-0.0
roger,0.0
role,0.0
roll,-0.0
rollout,-0.0
ron,0.0
room,0.0
roughli,0.0
round,0.0
rout,-0.0
routin,-0.0
row,-0.0
royalti,0.0
rule,-0.0
run,-0.0
russel,0.0
russia,-0.0
sa,-0.0
saa,0.0
safe,0.0
safeti,0.0
salari,-0.0
salt,-0.0
sampl,-0.0
san,-0.0
sand,0.0
sandi,-0.0
santa,0.0
satellit,-0.0
satisfact,-0.0
satisfi,-0.0
save,-0.0
say,-0.0
sc,0.0
scalabl,0.0
scale,0.0
school,-0.0
scientif,0.0
scope,-0.0
score,0.0
scott,-0.0
screen,-0.0
search,0.0
seat,-0.0
seattl,-0.0
sec,0.0
secondari,-0.0
section,0.0
sector,-0.0
secur,-0.0
seek,-0.0
seen,0.0
select,-0.0
self,-0.0
sensit,0.0
sensor,0.0
separ,0.0
sept,0.0
seri,-0.0
serv,0.0
server,-0.0
session,0.0
set,-0.0
settl,0.0
seven,0.0
seventh,-0.0
sga,0.0
shape,0.0
sharp,0.0
sharpli,0.0
sheet,0.0
ship,-0.0
shipment,-0.0
shop,0.0
short,-0.0
shortag,0.0
shortfal,-0.0
shortli,-0.0
show,0.0
shown,0.0
shutdown,-0.0
side,-0.0
sign,-0.0
signal,-0.0
signific,0.0
similar,-0.0
similarli,0.0
simplifi,-0.0
simulcast,-0.0
simultan,0.0
singl,-0.0
situat,-0.0
six,0.0
sixth,0.0
size,-0.0
skill,0.0
slide,0.0
slight,-0.0
slightli,-0.0
slowdown,-0.0
sluggish,-0.0
small,-0.0
smaller,-0.0
smart,0.0
smartphon,-0.0
smith,-0.0
social,-0.0
societi,-0.0
soften,-0.0
softer,-0.0
sold,0.0
sole,-0.0
somewhat,0.0
soon,-0.0
sound,-0.0
sourc,-0.0
south,-0.0
southeast,0.0
southern,0.0
southwest,-0.0
sp,-0.0
space,0.0
spain,0.0
speak,0.0
specif,0.0
specifi,0.0
speed,-0.0
spent,-0.0
spin,-0.0
spite,0.0
split,0.0
sponsor,-0.0
sport,-0.0
spot,0.0
spread,0.0
spring,0.0
squar,-0.0
sr,-0.0
stabil,0.0
stabl,-0.0
staf,0.0
staff,0.0
stage,0.0
stakehold,0.0
stand,0.0
standard,0.0
star,0.0
start,0.0
station,0.0
statist,-0.0
statu,-0.0
statutori,-0.0
stay,0.0
steadi,0.0
steadili,0.0
stem,0.0
step,-0.0
stephen,0.0
steve,-0.0
steven,-0.0
stock,-0.0
storag,-0.0
store,-0.0
storm,-0.0
straight,0.0
strateg,-0.0
strategi,0.0
stream,-0.0
streamlin,0.0
street,-0.0
stride,0.0
strongest,0.0
strongli,-0.0
student,-0.0
studi,-0.0
style,-0.0
sub,-0.0
submiss,-0.0
submit,0.0
subordin,-0.0
subscript,0.0
subsequ,-0.0
subsidiari,-0.0
substanti,0.0
substitut,0.0
succeed,-0.0
suffer,-0.0
suffici,-0.0
suggest,0.0
suit,-0.0
sum,0.0
summar,0.0
summari,0.0
sunnyval,-0.0
super,-0.0
superior,-0.0
supplement,0.0
suppli,-0.0
supplier,0.0
surcharg,-0.0
surfac,-0.0
surgeri,-0.0
surgic,-0.0
surpass,0.0
surround,-0.0
susan,0.0
suspend,-0.0
sustain,0.0
svp,0.0
swap,0.0
switch,0.0
symbol,0.0
synergi,0.0
tabl,0.0
tablet,0.0
taken,-0.0
talent,0.0
tangibl,-0.0
taxabl,0.0
tech,-0.0
technic,-0.0
teen,0.0
tel,0.0
telecom,-0.0
telecommun,-0.0
teleconfer,0.0
telephon,-0.0
televis,-0.0
temper,-0.0
temperatur,0.0
temporari,-0.0
ten,-0.0
tenn,0.0
tennesse,0.0
termin,0.0
terri,-0.0
terrif,0.0
territori,0.0
test,0.0
testament,0.0
texa,0.0
text,0.0
th,-0.0
thank,0.0
therapeut,0.0
therapi,-0.0
therebi,-0.0
therefor,0.0
thermal,0.0
thing,-0.0
thirteen,0.0
thoma,0.0
though,0.0
three,-0.0
throughout,0.0
throughput,0.0
thu,0.0
thursday,0.0
ticket,0.0
tie,-0.0
tier,0.0
tight,0.0
tighten,-0.0
tim,-0.0
time,-0.0
timothi,-0.0
tissu,0.0
titl,0.0
todd,0.0
togeth,0.0
toler,0.0
toll,0.0
tom,-0.0
toni,-0.0
tonnag,0.0
took,-0.0
tool,-0.0
touch,0.0
tough,-0.0
tower,0.0
track,-0.0
traction,0.0
trade,-0.0
trademark,-0.0
tradit,0.0
traffic,-0.0
trail,-0.0
train,-0.0
trajectori,-0.0
transfer,0.0
translat,0.0
transmiss,0.0
transpar,0.0
transport,0.0
travel,-0.0
treasur,0.0
treasuri,0.0
treat,0.0
treatment,-0.0
tremend,0.0
trial,0.0
trillion,-0.0
tripl,0.0
truck,0.0
true,0.0
tuesday,-0.0
turn,0.0
turnaround,0.0
tv,-0.0
twenti,0.0
two,-0.0
tx,0.0
type,0.0
typic,-0.0
uk,0.0
ultim,0.0
ultra,-0.0
unabl,0.0
unassoci,0.0
unaudit,0.0
uncertain,0.0
uncertainti,-0.0
unchang,0.0
unconsolid,0.0
underli,-0.0
underperform,-0.0
underscor,0.0
understand,0.0
undertak,-0.0
underway,-0.0
underwrit,-0.0
undu,0.0
unemploy,0.0
unifi,0.0
union,-0.0
univers,0.0
unknown,0.0
unless,-0.0
unlock,0.0
unpreced,0.0
unreal,-0.0
unrestrict,0.0
unsecur,-0.0
unusu,-0.0
unveil,-0.0
upcom,-0.0
upfront,-0.0
upgrad,-0.0
upon,0.0
upper,0.0
upward,0.0
usa,0.0
usag,0.0
use,0.0
utah,0.0
util,0.0
va,0.0
valid,-0.0
valley,-0.0
valu,0.0
valuabl,-0.0
valuat,0.0
valv,-0.0
van,0.0
vari,0.0
variabl,0.0
varianc,-0.0
variat,0.0
varieti,-0.0
variou,-0.0
vascular,0.0
vega,-0.0
vehicl,0.0
vendor,0.0
venezuela,-0.0
ventur,-0.0
version,0.0
vertic,0.0
vessel,0.0
vex,-0.0
vice,-0.0
view,0.0
virginia,0.0
virtual,0.0
vision,0.0
visit,-0.0
vital,-0.0
voic,-0.0
volatil,-0.0
voluntari,-0.0
vote,0.0
vp,0.0
vs,-0.0
wa,-0.0
wage,0.0
want,0.0
warehous,-0.0
warmer,0.0
warrant,-0.0
warranti,0.0
wash,-0.0
washington,-0.0
wast,-0.0
water,-0.0
way,0.0
wayn,0.0
weaken,-0.0
wealth,0.0
web,0.0
websit,-0.0
wednesday,0.0
weekli,0.0
weight,-0.0
welcom,0.0
went,0.0
west,0.0
western,-0.0
weve,-0.0
whether,0.0
white,-0.0
whole,-0.0
wholesal,-0.0
wholli,0.0
whose,-0.0
wi,-0.0
wide,-0.0
william,-0.0
wilson,-0.0
win,-0.0
wind,0.0
window,0.0
winter,-0.0
wire,0.0
wisconsin,0.0
wish,-0.0
without,0.0
women,-0.0
wood,0.0
word,0.0
work,0.0
worker,-0.0
world,-0.0
worldwid,0.0
worth,-0.0
would,-0.0
write,-0.0
written,-0.0
yet,0.0
york,-0.0
young,-0.0
yoy,0.0
zero,0.0
basic,2.2627556495187986e-07
debt,7.290379975803849e-07
organ,2.3408386552816387e-06
freight,2.718166250467443e-06
home,3.880613642309882e-06
current,6.080604071411467e-06
forma,6.327645100641329e-06
volum,7.416249660022882e-06
corpor,1.2372352279950897e-05
spectrum,1.2675293987276365e-05
northern,1.3718140435904955e-05
scienc,1.903580792878038e-05
level,1.9590747612802832e-05
fourth,2.4663026648625297e-05
ton,2.4955189706390707e-05
credit,2.8024717968877996e-05
distribut,4.808490137194699e-05
condit,5.2497295747336074e-05
last,5.774508760382514e-05
nutrit,5.894061599057707e-05
furnitur,5.8974157245076384e-05
investor,6.119282870804489e-05
gross,6.419130789404237e-05
contain,6.801211807684123e-05
build,7.187519062684645e-05
visibl,7.299364054068572e-05
global,7.373811662093183e-05
high,7.52156691787671e-05
decemb,7.63663371378631e-05
ny,7.781236774828859e-05
bank,7.999116361191782e-05
interest,9.492831530426392e-05
septemb,9.66645583096151e-05
fee,0.00010096295936841727
vacat,0.00010363072739805221
foot,0.00010458168284770383
site,0.00010460752648145875
convert,0.00010662884597974376
effect,0.00010841670461464441
group,0.0001123409011350513
free,0.00011789341188728188
consecut,0.00011958212845561775
enrol,0.00012083530037959178
unit,0.000126895081202907
mutual,0.00012834321830011174
day,0.00013500598268624664
reflect,0.00013590626793791693
still,0.00014251968102595825
ratio,0.00014311302120156597
control,0.00014381115458391187
team,0.00014573458061493876
state,0.0001494533610731407
borrow,0.00015454658691796218
special,0.0001547431373338466
structur,0.0001560572767960549
sinc,0.00015640361512955474
solid,0.00016120788641486007
backlog,0.00016284499859177943
ep,0.00016303003040691
nation,0.00016420391922008934
prove,0.00016716638701786148
top,0.0001671674077906138
segment,0.00017516010141346798
enhanc,0.00019136517478644759
subject,0.00019601691282365233
aircraft,0.0001971274543633622
stronger,0.0001980781221785996
rd,0.00021285993143109152
achiev,0.00021788146541790225
life,0.00022065702011515512
nm,0.00022083198649140888
david,0.00022260526044540178
feder,0.0002283590904143775
doubl,0.00023263679730467133
commiss,0.00023416733164275533
america,0.0002366007253860977
china,0.0002442464081300202
ebitda,0.0002476445464515828
electr,0.0002515676358801703
effort,0.00025317685712721055
proud,0.00025334492697681304
depreci,0.00025450076139834705
realiz,0.00026034159041370825
expand,0.00026212983077625264
method,0.0002624188286509317
semiconductor,0.0002686623550601086
statement,0.0002690531335977215
mortgag,0.0002714377226961205
collect,0.00029651335680116054
deliv,0.00029665514385106176
gain,0.0002977638868702511
flow,0.00031348656350917663
grew,0.0003152345383118636
activ,0.00031702719307096725
significantli,0.00032874887678028836
attach,0.00034243898733451897
advantag,0.0003425801527249406
thousand,0.00034353819278531446
restructur,0.0003477542402782852
via,0.00034816438728917397
point,0.00035279345597841107
partial,0.0003543209405718397
profit,0.0003549903069961483
fleet,0.0003601221024969107
grow,0.0003603767030390295
cap,0.0003643906301292971
agreement,0.0003741877791622638
equip,0.00038559811516214877
success,0.00038940759802432226
manufactur,0.0003924016204113617
quarterli,0.0003943848238794552
program,0.0003975572344743354
litig,0.000402729374367636
commun,0.00041922461498414927
enter,0.0004299197739706992
airlin,0.00043865449084190214
higher,0.0004408466848874024
combin,0.00044127234497422696
contribut,0.00044134064231025465
form,0.0004413466139785364
februari,0.00047132541480953707
ownership,0.00047139781496906345
rel,0.0004783001610350778
park,0.0004814211741176524
estat,0.000491736223601122
asset,0.0004968352326501174
rose,0.0005027797226853568
allow,0.0005145438300252131
transact,0.0005445281440863056
sell,0.0005536616700359488
rental,0.0005625820604924207
look,0.0005645970957337749
exist,0.0005691880525265541
licens,0.0005697109068386789
fuel,0.0005741634934185466
approv,0.0005747299490848793
ann,0.0005856435231744024
drive,0.0006458107208159951
prepar,0.0006528210132328485
aid,0.0006551172569579784
sequenti,0.000672126653468499
rig,0.000680091146292302
sharehold,0.0006864627274623618
conclud,0.0006870690974341545
power,0.0006975369917867645
balanc,0.0007074413299455278
best,0.0007203389667941046
industri,0.0007434949592700379
benefit,0.0008113343510647634
april,0.0008197951471267186
event,0.0008212484472962247
steel,0.0008261877543256165
expans,0.000840751261550186
saw,0.0008428016286368
grand,0.0008656071048403983
januari,0.0008801761275438532
demand,0.0009308782532943167
user,0.0009540662960094475
driven,0.0009661065788764751
abil,0.0009676500555778046
eastern,0.0009815316545460297
highest,0.0010263746777922564
taylor,0.00109958609787229
across,0.0011251714219909178
favor,0.0011736250194285356
strength,0.0012095712488434942
tender,0.001222090936329988
creat,0.0012339853887468988
proprietari,0.0012692624782989187
receiv,0.001368320231477415
demonstr,0.0015203839914779771
excel,0.0016876274755220349
ltd,0.001893499948423766
extrem,0.0019937966442103044
leverag,0.0020032336399926735
workforc,0.002078618025254509
encourag,0.0021841555210807885
better,0.0022199642838409413
pleas,0.0027370489939232746
momentum,0.0032911727974923623
exce,0.0033592320839893296
exceed,0.004009746829714189
rais,0.006815500110691692
